CREATE TABLE country (
	id uuid NOT NULL,
	"name" varchar(255) NOT NULL,
	CONSTRAINT country_pk PRIMARY KEY (id)
);

CREATE TABLE region (
	id uuid NOT NULL,
	"name" varchar(255) NOT NULL,
	country_id uuid NOT NULL,
	CONSTRAINT region_pk PRIMARY KEY (id),
	CONSTRAINT region_fk FOREIGN KEY (country_id) REFERENCES country(id)
);

CREATE TABLE populated_locality (
	id uuid NOT NULL,
	"name" varchar(255) NOT NULL,
	region_id uuid NOT NULL,
	CONSTRAINT populated_locality_pk PRIMARY KEY (id),
	CONSTRAINT populated_locality_fk FOREIGN KEY (region_id) REFERENCES region(id)
);

CREATE TABLE populated_locality_region (
	region_id uuid NOT NULL,
	populated_locality_id uuid NOT NULL,
	CONSTRAINT populated_locality_region_pk PRIMARY KEY (region_id,populated_locality_id),
	CONSTRAINT populated_locality_region__region_id_fk FOREIGN KEY (region_id) REFERENCES region(id),
	CONSTRAINT populated_locality_region__populated_locality_id_fk FOREIGN KEY (populated_locality_id) REFERENCES populated_locality(id)
);

CREATE TABLE place (
	id uuid NOT NULL,
	"name" varchar(255) NOT NULL,
	latitude numeric(9,6) NOT NULL,
	longitude numeric(9,6) NOT NULL,
	CONSTRAINT place_pk PRIMARY KEY (id)
);

INSERT INTO country (id, "name")
VALUES ('fba52635-0325-43a2-a2bd-8027041beb4b', 'Украина');

INSERT INTO region (id, "name", country_id)
VALUES ('c30d921c-5dfc-40c4-9437-633a11f854e6', 'Винницкая область', 'fba52635-0325-43a2-a2bd-8027041beb4b');

-- lists taken from wikipedia.org / wiki2.org
INSERT INTO populated_locality ("name", id, region_id)
VALUES ('Бар', '739f7bb9-0a8f-4fb3-a16f-a4fd0b618dc5', 'c30d921c-5dfc-40c4-9437-633a11f854e6'),
    ('Бершадь', 'ea4a77f7-4242-4f02-bc9c-9c2b2ec8fe96', 'c30d921c-5dfc-40c4-9437-633a11f854e6'),
    ('Винница', 'a8b8a799-d304-4585-b44c-0fb14a2e3b79', 'c30d921c-5dfc-40c4-9437-633a11f854e6'),
    ('Гайсин', 'd28a7e5f-37c5-495e-8c0a-5b001ad09108', 'c30d921c-5dfc-40c4-9437-633a11f854e6'),
    ('Гнивань', 'c13835a3-755f-4d2c-8074-bb0ea2b077c0', 'c30d921c-5dfc-40c4-9437-633a11f854e6'),
    ('Жмеринка', '6bc911df-ddab-48eb-a29e-dbb537d40ad4', 'c30d921c-5dfc-40c4-9437-633a11f854e6'),
    ('Ильинцы', 'b5093516-7ff0-4d4a-aa6e-6c8724a302ae', 'c30d921c-5dfc-40c4-9437-633a11f854e6'),
    ('Казатин', '86f1ecda-354d-417f-b81d-45af33251709', 'c30d921c-5dfc-40c4-9437-633a11f854e6'),
    ('Калиновка', 'f49b28a1-c17c-4ed8-92cf-e5df09dc2d4b', 'c30d921c-5dfc-40c4-9437-633a11f854e6'),
    ('Ладыжин', '1280c438-400a-4443-9889-3dd42b473c84', 'c30d921c-5dfc-40c4-9437-633a11f854e6'),
    ('Липовец', '174b63d0-b2f3-432a-a3d2-f08aab5594d6', 'c30d921c-5dfc-40c4-9437-633a11f854e6'),
    ('Могилёв-Подольский', 'c4472e26-8009-404e-b8e6-aba189d56c52', 'c30d921c-5dfc-40c4-9437-633a11f854e6'),
    ('Немиров', '6aa05a26-f4f3-4e08-9b9d-361b85a5a41c', 'c30d921c-5dfc-40c4-9437-633a11f854e6'),
    ('Погребище', 'e64f12b1-8ff8-4308-adaf-472dd20add99', 'c30d921c-5dfc-40c4-9437-633a11f854e6'),
    ('Тульчин', '2bfd356c-4dcd-48c5-a9e6-4082f71d44bb', 'c30d921c-5dfc-40c4-9437-633a11f854e6'),
    ('Хмельник', '8df9ac2a-7ede-43b9-827d-4cf16a70eb06', 'c30d921c-5dfc-40c4-9437-633a11f854e6'),
    ('Шаргород', '5d07853e-6969-4fe3-8e86-be67477effce', 'c30d921c-5dfc-40c4-9437-633a11f854e6'),
    ('Ямполь', '068b327c-72db-465c-b06c-83f1cf220de8', 'c30d921c-5dfc-40c4-9437-633a11f854e6');
INSERT INTO populated_locality ("name", id, region_id)
VALUES ('Браилов', 'b7e32af5-6b13-4112-9a84-5a6ffe64909d', 'c30d921c-5dfc-40c4-9437-633a11f854e6'),
    ('Брацлав', '4b5dbc98-ff2d-4f04-b174-23c0b9e0d3c5', 'c30d921c-5dfc-40c4-9437-633a11f854e6'),
    ('Бродецкое', '251652bb-c9af-446d-bc64-87c9fe693061', 'c30d921c-5dfc-40c4-9437-633a11f854e6'),
    ('Вапнярка', 'b13d13fa-762f-4999-a3f7-657e0e8cfc11', 'c30d921c-5dfc-40c4-9437-633a11f854e6'),
    ('Вендичаны', '7378e1be-bf70-4842-88ad-f0bacb1bf21e', 'c30d921c-5dfc-40c4-9437-633a11f854e6'),
    ('Вороновица', 'f2c9fe56-a3c4-4f45-938d-839b1c43c999', 'c30d921c-5dfc-40c4-9437-633a11f854e6'),
    ('Глуховцы', '3468a32e-4022-4b9a-b72e-f21a4949142c', 'c30d921c-5dfc-40c4-9437-633a11f854e6'),
    ('Дашев', '12eebfa5-0fbf-4815-8bf5-fe51c21efbc1', 'c30d921c-5dfc-40c4-9437-633a11f854e6'),
    ('Десна', 'f7a3b746-66fe-4b5e-bec0-e5b79adbbb69', 'c30d921c-5dfc-40c4-9437-633a11f854e6'),
    ('Зализничное', '114de216-517e-472a-b6c4-b6edac3ac44e', 'c30d921c-5dfc-40c4-9437-633a11f854e6'),
    ('Кирнасовка', '894e5238-e8de-434f-b348-7cd63e2f5656', 'c30d921c-5dfc-40c4-9437-633a11f854e6'),
    ('Копайгород', '9c3127dc-06ac-4549-84b6-49dc4c2c5a01', 'c30d921c-5dfc-40c4-9437-633a11f854e6'),
    ('Крыжополь', '3b5f1c20-dbda-4ff0-b1f7-f0c007d47e41', 'c30d921c-5dfc-40c4-9437-633a11f854e6'),
    ('Литин', '338612a4-c0ed-49af-a1d4-1897475dcec1', 'c30d921c-5dfc-40c4-9437-633a11f854e6'),
    ('Мурованые Куриловцы', 'c51f7517-9759-4837-bbec-4fc67308c4ba', 'c30d921c-5dfc-40c4-9437-633a11f854e6'),
    ('Оратов', '85f15c7e-b46d-4ad6-9d43-873142c9cdd9', 'c30d921c-5dfc-40c4-9437-633a11f854e6'),
    ('Песчанка', '92089fc6-8f63-4d9d-aaf5-031de8724985', 'c30d921c-5dfc-40c4-9437-633a11f854e6'),
    ('Рудница', '53920d57-e5aa-4be9-9085-f47e8a353938', 'c30d921c-5dfc-40c4-9437-633a11f854e6'),
    ('Ситковцы', '98b5ad21-ba84-4ce6-9be0-438f4ecd4de8', 'c30d921c-5dfc-40c4-9437-633a11f854e6'),
    ('Стрижавка', '0f607625-7064-4550-94cf-ef0a74a7d311', 'c30d921c-5dfc-40c4-9437-633a11f854e6'),
    ('Сутиски', 'e30f0c34-7f49-42e1-abaa-09f5bc67d37a', 'c30d921c-5dfc-40c4-9437-633a11f854e6'),
    ('Теплик', '8b8cd76b-2329-4e05-bae8-d4402c04a385', 'c30d921c-5dfc-40c4-9437-633a11f854e6'),
    ('Томашполь', 'a63504b9-7c72-4d67-a990-34fdcdee031c', 'c30d921c-5dfc-40c4-9437-633a11f854e6'),
    ('Тростянец', '534c72a8-9949-48a9-909f-36ded3932f61', 'c30d921c-5dfc-40c4-9437-633a11f854e6'),
    ('Турбов', 'c80ed9c7-a472-4a8d-8b43-777636a79504', 'c30d921c-5dfc-40c4-9437-633a11f854e6'),
    ('Тывров', 'f82b9753-e5a0-420a-8888-116dae1a4338', 'c30d921c-5dfc-40c4-9437-633a11f854e6'),
    ('Черневцы', '9c275887-8b13-468c-bd9a-88f34332c086', 'c30d921c-5dfc-40c4-9437-633a11f854e6'),
    ('Чечельник', 'f4e950f2-0937-42ca-b8f3-5b0773ed76c1', 'c30d921c-5dfc-40c4-9437-633a11f854e6'),
    ('Шпиков', '1548c94b-6b62-4b0b-acf9-c9e2ca3071a7', 'c30d921c-5dfc-40c4-9437-633a11f854e6');

INSERT INTO region (id, "name", country_id)
VALUES ('f4d03a35-d91b-4b21-a385-d03149b33390', 'Волынская область', 'fba52635-0325-43a2-a2bd-8027041beb4b');

INSERT INTO populated_locality ("name", id, region_id)
VALUES ('Берестечко', '217b636b-f72a-47aa-b833-baeaead531ee', 'f4d03a35-d91b-4b21-a385-d03149b33390'),
    ('Владимир-Волынский', '23411a28-7502-4cec-a11a-ea586a9dfe6f', 'f4d03a35-d91b-4b21-a385-d03149b33390'),
    ('Горохов', '5cae2551-c2c2-4d69-b449-38a4763accd6', 'f4d03a35-d91b-4b21-a385-d03149b33390'),
    ('Камень-Каширский', '13b5f7f2-cffe-4b9c-9ead-b82528ec7bee', 'f4d03a35-d91b-4b21-a385-d03149b33390'),
    ('Киверцы', '4c2b4455-157a-4f1d-94a8-770cb9177d8f', 'f4d03a35-d91b-4b21-a385-d03149b33390'),
    ('Ковель', 'a7232daf-161a-4330-bf5d-5c2f5ad805ca', 'f4d03a35-d91b-4b21-a385-d03149b33390'),
    ('Луцк', 'e4c25a8d-0c77-41c8-b77a-350a56257464', 'f4d03a35-d91b-4b21-a385-d03149b33390'),
    ('Любомль', 'b5ee96a0-fe3e-463f-aa03-df1fddc435ea', 'f4d03a35-d91b-4b21-a385-d03149b33390'),
    ('Нововолынск', '0b3bbc11-8aeb-4fe0-970f-cbbcd1392e11', 'f4d03a35-d91b-4b21-a385-d03149b33390'),
    ('Рожище', 'f9c34832-76fe-44dd-b44c-8b50a563fe84', 'f4d03a35-d91b-4b21-a385-d03149b33390'),
    ('Устилуг', '33fdc309-b5e6-4f68-8fc0-89331cf8062b', 'f4d03a35-d91b-4b21-a385-d03149b33390');
INSERT INTO populated_locality ("name", id, region_id)
VALUES ('Благодатное', '345c2f89-7629-485a-bf92-9115fe96518c', 'f4d03a35-d91b-4b21-a385-d03149b33390'),
    ('Голобы', '64e8561d-c2e2-4532-be66-3ff12abd58f0', 'f4d03a35-d91b-4b21-a385-d03149b33390'),
    ('Головно', 'ed8e7c30-4480-40c9-8903-09dcd327cd38', 'f4d03a35-d91b-4b21-a385-d03149b33390'),
    ('Дубище', '5b4ceb8f-55f7-40bc-a58b-922369e61949', 'f4d03a35-d91b-4b21-a385-d03149b33390'),
    ('Заболотье', '5dd2730e-abfd-4fba-9bbe-8ebb9710a2a2', 'f4d03a35-d91b-4b21-a385-d03149b33390'),
    ('Иваничи', '52e6de5f-d1ae-44a0-91bc-b74d4ac26948', 'f4d03a35-d91b-4b21-a385-d03149b33390'),
    ('Колки', '16d68c76-6cee-4a8e-9fe3-98de59f26091', 'f4d03a35-d91b-4b21-a385-d03149b33390'),
    ('Локачи', 'c5fc56f5-69fe-43dd-9c62-a7a980fa608c', 'f4d03a35-d91b-4b21-a385-d03149b33390'),
    ('Луков', '1cde733f-bbad-4b5f-9a34-48e008331168', 'f4d03a35-d91b-4b21-a385-d03149b33390'),
    ('Любешов', '4bf81aa7-a6b3-45d1-b3b7-f335a8505420', 'f4d03a35-d91b-4b21-a385-d03149b33390'),
    ('Люблинец', '5b3ef2bb-1d85-4268-b46a-c4d5cc8894f5', 'f4d03a35-d91b-4b21-a385-d03149b33390'),
    ('Маневичи', 'f6ac88c3-c4d4-4e2d-82fd-fa96c82c9193', 'f4d03a35-d91b-4b21-a385-d03149b33390'),
    ('Марьяновка', 'db9fd23d-ca64-4ffc-bbf6-6c5ed0727951', 'f4d03a35-d91b-4b21-a385-d03149b33390'),
    ('Олыка', 'cc9cd89c-41d3-4368-91bf-53781cd7f50c', 'f4d03a35-d91b-4b21-a385-d03149b33390'),
    ('Ратно', '85878394-8362-4b6c-af64-a09b33e7c9c5', 'f4d03a35-d91b-4b21-a385-d03149b33390'),
    ('Рокини', '58f92f21-f4d0-45f4-9571-1cdc3bdb7220', 'f4d03a35-d91b-4b21-a385-d03149b33390'),
    ('Сенкевичевка', '0baed467-2457-46e0-b357-f6906d311969', 'f4d03a35-d91b-4b21-a385-d03149b33390'),
    ('Старая Выжевка', '472e8597-9a77-48e8-8077-e8286302a8be', 'f4d03a35-d91b-4b21-a385-d03149b33390'),
    ('Торчин', 'a716441c-98cd-458c-8444-192a75df04a9', 'f4d03a35-d91b-4b21-a385-d03149b33390'),
    ('Турийск', '962cff70-0d05-4da2-b56c-0b6cf8ca74cd', 'f4d03a35-d91b-4b21-a385-d03149b33390'),
    ('Цумань', '3ecd8a14-3e2d-4b77-b57c-d02129cdc65f', 'f4d03a35-d91b-4b21-a385-d03149b33390'),
    ('Шацк', 'b29262c3-d5fa-413f-a63c-64a41623c1f7', 'f4d03a35-d91b-4b21-a385-d03149b33390');

INSERT INTO region (id, "name", country_id)
VALUES ('acbb0d4e-a91f-4ad0-8f3c-7bac97f2134e', 'Днепропетровская область', 'fba52635-0325-43a2-a2bd-8027041beb4b');

INSERT INTO populated_locality ("name", id, region_id)
VALUES ('Апостолово', 'ced6d24d-e25c-49f4-a55b-ddb2ccf9b2bb', 'acbb0d4e-a91f-4ad0-8f3c-7bac97f2134e'),
    ('Верхнеднепровск', 'b3ee44b9-df5f-4f07-a33a-8a2b3c69d328', 'acbb0d4e-a91f-4ad0-8f3c-7bac97f2134e'),
    ('Верховцево', 'c7adb149-4c68-4742-9ccf-ea43cd78a247', 'acbb0d4e-a91f-4ad0-8f3c-7bac97f2134e'),
    ('Вольногорск', '19c016dc-4812-4492-9a46-0c04192607e2', 'acbb0d4e-a91f-4ad0-8f3c-7bac97f2134e'),
    ('Днепр', '57039c9c-07eb-49a3-b1d6-f6022e546119', 'acbb0d4e-a91f-4ad0-8f3c-7bac97f2134e'),
    ('Жёлтые Воды', '89c05cd0-f8de-4c5a-9933-e3ea1b768f5d', 'acbb0d4e-a91f-4ad0-8f3c-7bac97f2134e'),
    ('Зеленодольск', 'eb260471-39ca-4420-8afc-2c296ff5cc03', 'acbb0d4e-a91f-4ad0-8f3c-7bac97f2134e'),
    ('Каменское', '9cf11dd0-8b9f-4dac-acf1-74be3248268f', 'acbb0d4e-a91f-4ad0-8f3c-7bac97f2134e'),
    ('Кривой Рог', 'e31201f8-8463-4b82-906c-b4290b374514', 'acbb0d4e-a91f-4ad0-8f3c-7bac97f2134e'),
    ('Марганец', '0b7ce9bb-c98a-488e-8841-56d3180be79c', 'acbb0d4e-a91f-4ad0-8f3c-7bac97f2134e'),
    ('Никополь', 'a6206188-3f80-4475-93e4-53df4f53cdbd', 'acbb0d4e-a91f-4ad0-8f3c-7bac97f2134e'),
    ('Новомосковск', '2195cda2-d304-47cb-9397-ac64e099b0b9', 'acbb0d4e-a91f-4ad0-8f3c-7bac97f2134e'),
    ('Павлоград', '323cc96c-fc44-4b3a-a89a-e54260cd3cab', 'acbb0d4e-a91f-4ad0-8f3c-7bac97f2134e'),
    ('Перещепино', 'bf642e62-1810-4101-bb00-f375e6190993', 'acbb0d4e-a91f-4ad0-8f3c-7bac97f2134e'),
    ('Першотравенск', '47e11564-4192-4d8d-adc5-4b3007d24606', 'acbb0d4e-a91f-4ad0-8f3c-7bac97f2134e'),
    ('Подгородное', '0a8ec4d6-e6a4-4bbf-87c6-e043e439e213', 'acbb0d4e-a91f-4ad0-8f3c-7bac97f2134e'),
    ('Покров', 'f92cd3c6-0e4a-4d11-a790-88c76d8ed102', 'acbb0d4e-a91f-4ad0-8f3c-7bac97f2134e'),
    ('Пятихатки', 'd980f38a-bb56-4862-9f2b-474e67a574bb', 'acbb0d4e-a91f-4ad0-8f3c-7bac97f2134e'),
    ('Синельниково', '2f488545-3590-41d7-b92c-2cfd99a597c9', 'acbb0d4e-a91f-4ad0-8f3c-7bac97f2134e'),
    ('Терновка', '5191dc40-b92e-4f4e-8aec-19fedd2cd5c2', 'acbb0d4e-a91f-4ad0-8f3c-7bac97f2134e');
INSERT INTO populated_locality ("name", id, region_id)
VALUES ('Авиаторское', '2a19543d-2cd9-4ba2-a546-3200ea0ae8ec', 'acbb0d4e-a91f-4ad0-8f3c-7bac97f2134e'),
    ('Аулы', 'b6dc30fb-9d67-4739-9d90-4ff8616b099f', 'acbb0d4e-a91f-4ad0-8f3c-7bac97f2134e'),
    ('Божедаровка', 'a045866b-f873-436a-adaa-7c45d7e611d1', 'acbb0d4e-a91f-4ad0-8f3c-7bac97f2134e'),
    ('Васильковка', 'a283763a-ca69-4564-a015-07c3cdda7fa2', 'acbb0d4e-a91f-4ad0-8f3c-7bac97f2134e'),
    ('Вишнёвое', '3c1c1b62-7f5e-4ad3-a41b-2c84d9c8f69f', 'acbb0d4e-a91f-4ad0-8f3c-7bac97f2134e'),
    ('Гвардейское', '1c7b8734-17be-4a2c-accb-5924332fa526', 'acbb0d4e-a91f-4ad0-8f3c-7bac97f2134e'),
    ('Горняцкое', 'ce67c158-7d53-4b49-a355-ba2c7d7ca778', 'acbb0d4e-a91f-4ad0-8f3c-7bac97f2134e'),
    ('Губиниха', '8c8113cd-e9b1-4762-a520-09736e776665', 'acbb0d4e-a91f-4ad0-8f3c-7bac97f2134e'),
    ('Демурино', '814a4966-7cd9-40c8-9ad6-3838e6f694e7', 'acbb0d4e-a91f-4ad0-8f3c-7bac97f2134e'),
    ('Днепровское', '57022531-70da-4451-9d5f-dc9d5e818b7f', 'acbb0d4e-a91f-4ad0-8f3c-7bac97f2134e'),
    ('Зализничное', '12c7f1b8-ba70-4031-afb0-ab30f7ceacb2', 'acbb0d4e-a91f-4ad0-8f3c-7bac97f2134e'),
    ('Илларионово', '81cd88c9-b00a-4ca0-b82c-fd72a6c976ac', 'acbb0d4e-a91f-4ad0-8f3c-7bac97f2134e'),
    ('Карнауховка', '77068658-3f89-4432-a3df-1d31eb09101f', 'acbb0d4e-a91f-4ad0-8f3c-7bac97f2134e'),
    ('Кринички', 'b7688f1e-595d-445f-b15a-ea2e5c94a004', 'acbb0d4e-a91f-4ad0-8f3c-7bac97f2134e'),
    ('Куриловка', 'de398b49-d12e-4719-9871-f8f0d7432801', 'acbb0d4e-a91f-4ad0-8f3c-7bac97f2134e'),
    ('Лиховка', '6b9aa246-1bca-43f2-a349-28d309245813', 'acbb0d4e-a91f-4ad0-8f3c-7bac97f2134e'),
    ('Магдалиновка', 'aeaf1abe-bc5d-40b3-ae69-5b50dcfa9155', 'acbb0d4e-a91f-4ad0-8f3c-7bac97f2134e'),
    ('Марьевка', 'c69bca36-a295-495d-97d1-0219ee367061', 'acbb0d4e-a91f-4ad0-8f3c-7bac97f2134e'),
    ('Межевая', 'c58f5282-e0fe-4b02-8c95-366885cc0f23', 'acbb0d4e-a91f-4ad0-8f3c-7bac97f2134e'),
    ('Мелиоративное', 'da014684-916b-41cf-b181-54c793a04d99', 'acbb0d4e-a91f-4ad0-8f3c-7bac97f2134e'),
    ('Николаевка', '9f38226d-a709-4d76-9cea-749b7ca7bcd8', 'acbb0d4e-a91f-4ad0-8f3c-7bac97f2134e'),
    ('Николаевка', 'd24c93bc-163d-4582-92f9-f61270f39133', 'acbb0d4e-a91f-4ad0-8f3c-7bac97f2134e'),
    ('Новониколаевка', 'fede5c01-b463-4653-881e-a2a5a6f0da12', 'acbb0d4e-a91f-4ad0-8f3c-7bac97f2134e'),
    ('Новопокровка', '914c4811-21c2-41a9-9bed-84312f3fee2a', 'acbb0d4e-a91f-4ad0-8f3c-7bac97f2134e'),
    ('Обуховка', '43dbd937-5aab-4dcd-ae32-55a8f8f0101d', 'acbb0d4e-a91f-4ad0-8f3c-7bac97f2134e'),
    ('Петриковка', '08732918-083b-4ff0-a0b1-5545ca2ccb35', 'acbb0d4e-a91f-4ad0-8f3c-7bac97f2134e'),
    ('Петропавловка', '6b5f68ca-af7a-44ec-84ba-8d59f056d643', 'acbb0d4e-a91f-4ad0-8f3c-7bac97f2134e'),
    ('Письменное', '6eeff0dd-8903-4caa-a8d9-68a10466c31e', 'acbb0d4e-a91f-4ad0-8f3c-7bac97f2134e'),
    ('Покровское', '8ea44712-b36b-4eac-8cfb-f04c51418ddc', 'acbb0d4e-a91f-4ad0-8f3c-7bac97f2134e'),
    ('Просяная', '1672a160-d0e2-4226-a8e8-e21691bc2517', 'acbb0d4e-a91f-4ad0-8f3c-7bac97f2134e'),
    ('Радушное', '47c18480-1a7f-42e3-8c2b-fccedbf3b591', 'acbb0d4e-a91f-4ad0-8f3c-7bac97f2134e'),
    ('Раздоры', '2f90ac88-519b-4b70-8ae5-b596cfd2d49e', 'acbb0d4e-a91f-4ad0-8f3c-7bac97f2134e'),
    ('Сад', '93e4304e-9d28-4d28-8c5c-a3a35968b457', 'acbb0d4e-a91f-4ad0-8f3c-7bac97f2134e'),
    ('Славгород', 'c8d94f6f-ab24-4530-95a7-aa657a06e36b', 'acbb0d4e-a91f-4ad0-8f3c-7bac97f2134e'),
    ('Слобожанское', '7c60263c-7599-456d-9c58-ebe054109a44', 'acbb0d4e-a91f-4ad0-8f3c-7bac97f2134e'),
    ('Солёное', '7916446d-3b35-4d0e-bc12-161c67e8a6b7', 'acbb0d4e-a91f-4ad0-8f3c-7bac97f2134e'),
    ('Софиевка', 'f5e20733-0013-49d5-8ceb-de74553d4d04', 'acbb0d4e-a91f-4ad0-8f3c-7bac97f2134e'),
    ('Томаковка', 'f3ac342d-c8a4-4ae4-ac45-b022dc26ad0a', 'acbb0d4e-a91f-4ad0-8f3c-7bac97f2134e'),
    ('Христофоровка', '726e39c5-a323-4cd0-834e-919a3473f0e2', 'acbb0d4e-a91f-4ad0-8f3c-7bac97f2134e'),
    ('Царичанка', '1b093757-cbba-4d0e-95b4-9bdb297dfb2d', 'acbb0d4e-a91f-4ad0-8f3c-7bac97f2134e'),
    ('Чаплино', 'f429ee2e-2621-48cb-8bda-6751c5acace3', 'acbb0d4e-a91f-4ad0-8f3c-7bac97f2134e'),
    ('Червоногригоровка', 'a953de70-cedc-40fa-a931-f9798912b9c5', 'acbb0d4e-a91f-4ad0-8f3c-7bac97f2134e'),
    ('Черкасское', '3d994a11-064f-4dfd-a149-592449dd0ff6', 'acbb0d4e-a91f-4ad0-8f3c-7bac97f2134e'),
    ('Чертомлык', 'a6719640-3778-4ef3-9db0-7c58abe4f086', 'acbb0d4e-a91f-4ad0-8f3c-7bac97f2134e'),
    ('Широкое', '85e0887f-ac43-4cc0-b025-af4276ccc17b', 'acbb0d4e-a91f-4ad0-8f3c-7bac97f2134e'),
    ('Юрьевка', '7dc1875e-b2f4-4bbc-85d6-dd4693e2de0b', 'acbb0d4e-a91f-4ad0-8f3c-7bac97f2134e');

INSERT INTO region (id, "name", country_id)
VALUES('f83e298b-e8bd-4a62-ba8e-74a1b015436e', 'Донецкая область', 'fba52635-0325-43a2-a2bd-8027041beb4b');

INSERT INTO populated_locality ("name", id, region_id)
VALUES ('Авдеевка', 'f3eb9a97-f5ae-4d03-ac2c-48093003caa3', 'f83e298b-e8bd-4a62-ba8e-74a1b015436e'),
    ('Амвросиевка', '30ddbcc2-e71d-4b98-bdd4-136e5e42bf89', 'f83e298b-e8bd-4a62-ba8e-74a1b015436e'),
    ('Бахмут', '9486676c-203e-4fa9-b5bf-36abc8856507', 'f83e298b-e8bd-4a62-ba8e-74a1b015436e'),
    ('Белицкое', '5d75296f-01fc-4292-a757-879e8d0f7b6c', 'f83e298b-e8bd-4a62-ba8e-74a1b015436e'),
    ('Белозёрское', '44616670-39d8-443b-b2a3-0e3adf42d782', 'f83e298b-e8bd-4a62-ba8e-74a1b015436e'),
    ('Волноваха', '9ba70a92-788c-4513-bf9b-68355374ad84', 'f83e298b-e8bd-4a62-ba8e-74a1b015436e'),
    ('Горловка', 'b3ef9c9a-6f6e-45ab-b854-71f8765b9ee4', 'f83e298b-e8bd-4a62-ba8e-74a1b015436e'),
    ('Горняк', 'ef0ac3c6-0d58-49d4-b42e-3bbf852fb303', 'f83e298b-e8bd-4a62-ba8e-74a1b015436e'),
    ('Дебальцево', '19f0f4b0-c5ee-4a04-8610-f406f7d06604', 'f83e298b-e8bd-4a62-ba8e-74a1b015436e'),
    ('Доброполье', '420e30aa-a57e-483d-bb9a-efc33fe66ae8', 'f83e298b-e8bd-4a62-ba8e-74a1b015436e'),
    ('Докучаевск', 'f918371c-664c-4d94-8da6-6da63dfcf1d4', 'f83e298b-e8bd-4a62-ba8e-74a1b015436e'),
    ('Донецк', '1abf5df4-e4ec-40a4-862d-ff4b7790ebde', 'f83e298b-e8bd-4a62-ba8e-74a1b015436e'),
    ('Дружковка', 'd23c5919-7868-423f-8c08-ce69f128cfb4', 'f83e298b-e8bd-4a62-ba8e-74a1b015436e'),
    ('Енакиево', '182f47bc-f52f-45b3-8883-02a92db06897', 'f83e298b-e8bd-4a62-ba8e-74a1b015436e'),
    ('Ждановка', 'be09aff0-411f-4fcf-8e53-ebc1bd702ddc', 'f83e298b-e8bd-4a62-ba8e-74a1b015436e'),
    ('Зализное', '7fdb30b1-ae8f-4842-a827-52a6d0748c00', 'f83e298b-e8bd-4a62-ba8e-74a1b015436e'),
    ('Зугрэс', '8d6c8203-ef6f-4752-8b22-7230bfdf29aa', 'f83e298b-e8bd-4a62-ba8e-74a1b015436e'),
    ('Иловайск', '4c48b0d7-15d1-4263-895c-05385458fa57', 'f83e298b-e8bd-4a62-ba8e-74a1b015436e'),
    ('Крестовка', '3fd7cd7d-bc10-4437-bd57-a2401812d40d', 'f83e298b-e8bd-4a62-ba8e-74a1b015436e'),
    ('Кальмиусское', 'bbb37cde-f23d-4db3-bb62-62ca287e4c16', 'f83e298b-e8bd-4a62-ba8e-74a1b015436e'),
    ('Константиновка', '85a3c0f3-7284-4fd3-824c-a523917b0ea8', 'f83e298b-e8bd-4a62-ba8e-74a1b015436e'),
    ('Краматорск', '6bbeb253-bb30-46a6-b475-0c71dca86327', 'f83e298b-e8bd-4a62-ba8e-74a1b015436e'),
    ('Красногоровка', '1560a98a-dc0f-4b30-aee5-4817de7c6100', 'f83e298b-e8bd-4a62-ba8e-74a1b015436e'),
    ('Курахово', '467de512-c460-47fb-8b11-5d9631e27b00', 'f83e298b-e8bd-4a62-ba8e-74a1b015436e'),
    ('Лиман', '287e005b-3d51-4436-9b9b-ab765f406e6c', 'f83e298b-e8bd-4a62-ba8e-74a1b015436e'),
    ('Макеевка', '882c3f11-4311-421e-80bf-1923654ac981', 'f83e298b-e8bd-4a62-ba8e-74a1b015436e'),
    ('Мариуполь', '0d381409-3dc1-4f40-aed4-38d3394a6377', 'f83e298b-e8bd-4a62-ba8e-74a1b015436e'),
    ('Марьинка', '478b8a36-25f8-4429-952a-e22ec4fd3e66', 'f83e298b-e8bd-4a62-ba8e-74a1b015436e'),
    ('Мирноград', '3814468a-174c-454b-bb88-6a5d96f4df6f', 'f83e298b-e8bd-4a62-ba8e-74a1b015436e'),
    ('Моспино', '07677580-8300-4e66-9f3e-1077ad976b9b', 'f83e298b-e8bd-4a62-ba8e-74a1b015436e'),
    ('Николаевка', '74123187-5160-4013-a4be-707df181098c', 'f83e298b-e8bd-4a62-ba8e-74a1b015436e'),
    ('Новоазовск', '205e40d2-3856-499f-a695-97860d2e3eee', 'f83e298b-e8bd-4a62-ba8e-74a1b015436e'),
    ('Новогродовка', 'c9575b0a-40b0-41e2-b4aa-15e6ce9005ae', 'f83e298b-e8bd-4a62-ba8e-74a1b015436e'),
    ('Покровск', '58c902d2-a998-4bb1-8f5a-b2f354ef502d', 'f83e298b-e8bd-4a62-ba8e-74a1b015436e'),
    ('Родинское', '8decec23-6b8b-4064-aae7-c8fe7b657271', 'f83e298b-e8bd-4a62-ba8e-74a1b015436e'),
    ('Светлодарск', '933183f3-0356-4906-a878-e09b0b3fcdab', 'f83e298b-e8bd-4a62-ba8e-74a1b015436e'),
    ('Святогорск', '408a662c-5886-4c06-b7ef-1331abc568b7', 'f83e298b-e8bd-4a62-ba8e-74a1b015436e'),
    ('Северск', '05b36dfb-54b9-4f59-b080-98cf2d3a8c0e', 'f83e298b-e8bd-4a62-ba8e-74a1b015436e'),
    ('Селидово', 'dc337684-2455-44b1-a871-f7e79bdfee54', 'f83e298b-e8bd-4a62-ba8e-74a1b015436e'),
    ('Славянск', '6e220b7e-d911-45d7-85f6-4a545b3db7db', 'f83e298b-e8bd-4a62-ba8e-74a1b015436e'),
    ('Снежное', '2107ff90-84c1-4900-b30d-53e8fdf30ebd', 'f83e298b-e8bd-4a62-ba8e-74a1b015436e'),
    ('Соледар', 'a19109ae-af26-4126-beff-e49e1b557643', 'f83e298b-e8bd-4a62-ba8e-74a1b015436e'),
    ('Чистяково', '74eec1e5-ee00-4dfd-9611-066cb90e6064', 'f83e298b-e8bd-4a62-ba8e-74a1b015436e'),
    ('Торецк', '0899a368-67fa-4988-8d05-a1062237ac08', 'f83e298b-e8bd-4a62-ba8e-74a1b015436e'),
    ('Углегорск', '1b528978-5b42-4a44-8baf-6d47308ff686', 'f83e298b-e8bd-4a62-ba8e-74a1b015436e'),
    ('Угледар', '336f34d2-9ed5-4f41-bbf4-739f8247c575', 'f83e298b-e8bd-4a62-ba8e-74a1b015436e'),
    ('Украинск', '3629ae0c-f36d-48a9-a158-d2f6053085fb', 'f83e298b-e8bd-4a62-ba8e-74a1b015436e'),
    ('Харцызск', '834f3441-54b2-4ef9-98ae-7638a7156ebc', 'f83e298b-e8bd-4a62-ba8e-74a1b015436e'),
    ('Часов Яр', '18824447-ce90-4220-81e3-d3fb618c2caa', 'f83e298b-e8bd-4a62-ba8e-74a1b015436e'),
    ('Шахтёрск', '38ae1986-970a-4883-b98e-9bc87fc2b956', 'f83e298b-e8bd-4a62-ba8e-74a1b015436e'),
    ('Бунге', 'e771ebe3-8f85-4259-8138-0f5b164a14e6', 'f83e298b-e8bd-4a62-ba8e-74a1b015436e'),
    ('Ясиноватая', '0a800a35-7731-4d71-bc0d-1a6f0cceb2ae', 'f83e298b-e8bd-4a62-ba8e-74a1b015436e');
INSERT INTO populated_locality ("name", id, region_id)
VALUES ('Александровка (Александровский р-н)', 'ea835a2e-e701-49f9-85e8-d1109234b6d9', 'f83e298b-e8bd-4a62-ba8e-74a1b015436e'),
    ('Александровка (Краматорский горсовет)', 'b064fd8c-204c-493b-996f-639f57c01afa', 'f83e298b-e8bd-4a62-ba8e-74a1b015436e'),
    ('Александровка (Марьинский р-н)', '6fa2d211-0071-4dc8-a61e-8de108f0de07', 'f83e298b-e8bd-4a62-ba8e-74a1b015436e'),
    ('Александровское', '9b857a6f-3549-4634-8d44-b69137ed8e5c', 'f83e298b-e8bd-4a62-ba8e-74a1b015436e'),
    ('Алексеево-Дружковка', '9033e346-67a7-42a6-b3c0-b96b6ae54326', 'f83e298b-e8bd-4a62-ba8e-74a1b015436e'),
    ('Андреевка (Славянский р-н)', 'fe72ad91-e1c8-4551-aa41-b1407d0e14e5', 'f83e298b-e8bd-4a62-ba8e-74a1b015436e'),
    ('Андреевка (Снежнянский горсовет)', '379cb2e4-4127-4231-94fc-2c22d6dde55f', 'f83e298b-e8bd-4a62-ba8e-74a1b015436e'),
    ('Андреевка (Волновахский р-н)', 'f5681c40-1a1f-46b4-b406-09163bb25b2c', 'f83e298b-e8bd-4a62-ba8e-74a1b015436e'),
    ('Беленькое', 'a49c12cc-6918-49ff-ac93-6d9c76907844', 'f83e298b-e8bd-4a62-ba8e-74a1b015436e'),
    ('Благодатное', '5469d46c-78da-4daf-afa2-a01078619d0b', 'f83e298b-e8bd-4a62-ba8e-74a1b015436e'),
    ('Бражино', '38613c4b-313f-439d-922e-58cfe1b4ca6f', 'f83e298b-e8bd-4a62-ba8e-74a1b015436e'),
    ('Булавинское', 'a746b9e4-8bcf-4524-b4c2-0ca6572fa08c', 'f83e298b-e8bd-4a62-ba8e-74a1b015436e'),
    ('Былбасовка', '737fef51-dbd0-426d-a5c4-1742e9a4e7da', 'f83e298b-e8bd-4a62-ba8e-74a1b015436e'),
    ('Великая Новосёлка', '340ba756-95dd-415e-ba66-a9687fe72f20', 'f83e298b-e8bd-4a62-ba8e-74a1b015436e'),
    ('Великое Орехово', 'fab2f06e-df13-4177-96c8-f319a163ff69', 'f83e298b-e8bd-4a62-ba8e-74a1b015436e'),
    ('Верхнеторецкое', '237a4801-bf63-412f-9f4e-541faed0ef88', 'f83e298b-e8bd-4a62-ba8e-74a1b015436e'),
    ('Вишнёвое', '1e9a7258-0722-46a8-9449-67444a52f9f0', 'f83e298b-e8bd-4a62-ba8e-74a1b015436e'),
    ('Владимировка', '9d4c6712-eec6-4ad7-92f3-b1aee1a36930', 'f83e298b-e8bd-4a62-ba8e-74a1b015436e'),
    ('Водянское', '69a2476e-77b2-4417-8cb0-7520d1559021', 'f83e298b-e8bd-4a62-ba8e-74a1b015436e'),
    ('Благодатное', '439a4b37-181a-4419-a4b1-05f87b86e5df', 'f83e298b-e8bd-4a62-ba8e-74a1b015436e'),
    ('Копани', '990f5614-ed1b-4bb1-b981-ddc26a66c56e', 'f83e298b-e8bd-4a62-ba8e-74a1b015436e'),
    ('Вугляр', 'c5ac260a-5ca5-45e5-b87c-802b6329bb44', 'f83e298b-e8bd-4a62-ba8e-74a1b015436e'),
    ('Высокое', 'be32d451-f1e7-486b-bd75-e239db8d7b9c', 'f83e298b-e8bd-4a62-ba8e-74a1b015436e'),
    ('Гольмовский', '72ab176f-9e78-4438-8d54-26776210c078', 'f83e298b-e8bd-4a62-ba8e-74a1b015436e'),
    ('Горбачёво-Михайловка', '10772d15-51a0-4558-991b-0962c56625d6', 'f83e298b-e8bd-4a62-ba8e-74a1b015436e'),
    ('Горное', '1da46825-dbe9-43df-a2f7-b917b61a54f5', 'f83e298b-e8bd-4a62-ba8e-74a1b015436e'),
    ('Горняцкое', '3039e443-cf1f-4f88-896b-ad0ba4bdfae9', 'f83e298b-e8bd-4a62-ba8e-74a1b015436e'),
    ('Графское', '97a7a72e-8977-4f9e-aab3-01b31bba0c14', 'f83e298b-e8bd-4a62-ba8e-74a1b015436e'),
    ('Гродовка', '062bdae0-5240-40a4-a6ca-8abcd2551e77', 'f83e298b-e8bd-4a62-ba8e-74a1b015436e'),
    ('Грузско-Зорянское', '98084fe8-d3b1-493d-a27c-a6cfaafcfdb6', 'f83e298b-e8bd-4a62-ba8e-74a1b015436e'),
    ('Грузско-Ломовка', 'b63ca58a-1737-48a0-930f-8019955fa044', 'f83e298b-e8bd-4a62-ba8e-74a1b015436e'),
    ('Гусельское', '8391cf0b-67df-4187-a047-e434be72d77b', 'f83e298b-e8bd-4a62-ba8e-74a1b015436e'),
    ('Донецкое', 'c5243fd0-a09c-4b3e-88fe-e5cbb5fc47f6', 'f83e298b-e8bd-4a62-ba8e-74a1b015436e'),
    ('Донское', 'd9939c05-f71c-45d7-876f-be5e5d1a348a', 'f83e298b-e8bd-4a62-ba8e-74a1b015436e'),
    ('Дробышево', '847affd9-4818-4a79-b91a-b5ca84b28f1b', 'f83e298b-e8bd-4a62-ba8e-74a1b015436e'),
    ('Дружное', '02cef674-b265-4e56-bcc8-2440e9c0e721', 'f83e298b-e8bd-4a62-ba8e-74a1b015436e'),
    ('Желанное', '309fe442-c699-42ca-98c5-4a9460e961e2', 'f83e298b-e8bd-4a62-ba8e-74a1b015436e'),
    ('Зайцево', '35bd784b-aee0-4d8f-9d03-1c670f331b59', 'f83e298b-e8bd-4a62-ba8e-74a1b015436e'),
    ('Залесное', 'ef20d6a4-e245-4b9f-bcc8-0a66e6a529e4', 'f83e298b-e8bd-4a62-ba8e-74a1b015436e'),
    ('Заречное', '03e76a02-7cca-4167-8ecb-07938b64738c', 'f83e298b-e8bd-4a62-ba8e-74a1b015436e'),
    ('Землянки', '798001c3-5268-4671-a15b-95d050fed2be', 'f83e298b-e8bd-4a62-ba8e-74a1b015436e'),
    ('Зуевка', '77450eea-6ebe-413b-bbf3-2a9889d93805', 'f83e298b-e8bd-4a62-ba8e-74a1b015436e'),
    ('Ильинка', '77af8732-9bf1-4e87-91b9-048753e84835', 'f83e298b-e8bd-4a62-ba8e-74a1b015436e'),
    ('Камышеваха', 'b476dd5a-16f6-49d9-aa1e-9f37e2b7d96c', 'f83e298b-e8bd-4a62-ba8e-74a1b015436e'),
    ('Камышевка', 'a00c8e88-675c-4ab1-9388-6ada79fae7a4', 'f83e298b-e8bd-4a62-ba8e-74a1b015436e'),
    ('Софиевка', '40cab362-82dd-4198-a31a-a6b34e0dfc3e', 'f83e298b-e8bd-4a62-ba8e-74a1b015436e'),
    ('Керамик', 'ffeed8e8-fb8c-41d0-ba76-bf65e14f63a8', 'f83e298b-e8bd-4a62-ba8e-74a1b015436e'),
    ('Колосниково', '7be130fc-2c70-436a-a278-7baee1ab077e', 'f83e298b-e8bd-4a62-ba8e-74a1b015436e'),
    ('Контарное', 'f8c1cdac-ba9d-46b8-8d6b-ace648cd81d8', 'f83e298b-e8bd-4a62-ba8e-74a1b015436e'),
    ('Корсунь', 'b54a1a83-59dc-402d-9b5d-c8e7332c689b', 'f83e298b-e8bd-4a62-ba8e-74a1b015436e'),
    ('Красная Гора', 'ba33f57d-1037-4c20-a52d-c199dc80d12e', 'f83e298b-e8bd-4a62-ba8e-74a1b015436e'),
    ('Красноторка', '9a0d5540-0bcb-412e-b51c-27e55adeb43b', 'f83e298b-e8bd-4a62-ba8e-74a1b015436e'),
    ('Липское', 'e091f549-598b-44f4-a025-44306ae998ae', 'f83e298b-e8bd-4a62-ba8e-74a1b015436e'),
    ('Криничная', '68d1b9d5-b4bd-4724-96d0-857e910e99fb', 'f83e298b-e8bd-4a62-ba8e-74a1b015436e'),
    ('Кураховка', '5a5ed9e8-f162-411d-94b0-9a61067da72c', 'f83e298b-e8bd-4a62-ba8e-74a1b015436e'),
    ('Курдюмовка', '1785db21-01d8-4730-a066-e79d74e70aeb', 'f83e298b-e8bd-4a62-ba8e-74a1b015436e'),
    ('Кутейниково', '25d82f9a-7a7d-4680-afbc-09eeeb2c47b1', 'f83e298b-e8bd-4a62-ba8e-74a1b015436e'),
    ('Ларино', '4c9101e9-45c6-42fa-b457-45019b8840bb', 'f83e298b-e8bd-4a62-ba8e-74a1b015436e'),
    ('Лесное', '8559e52e-0c7a-4252-99a1-852fa5740571', 'f83e298b-e8bd-4a62-ba8e-74a1b015436e'),
    ('Лиманчук', '5a06aead-ca51-4cf8-a61c-cca907f45e7c', 'f83e298b-e8bd-4a62-ba8e-74a1b015436e'),
    ('Луганское', 'f92c35e7-7b6a-4f2f-8ccf-fd5702f70d26', 'f83e298b-e8bd-4a62-ba8e-74a1b015436e'),
    ('Малотарановка', 'b4e7dc58-bb9c-4454-a976-5f50c0c7e169', 'f83e298b-e8bd-4a62-ba8e-74a1b015436e'),
    ('Мангуш', '363b258f-e289-43b0-bf8d-022194d70863', 'f83e298b-e8bd-4a62-ba8e-74a1b015436e'),
    ('Маяк', 'c456a000-00de-4af3-8ea6-7ce0a612be79', 'f83e298b-e8bd-4a62-ba8e-74a1b015436e'),
    ('Межевое', 'd78dba52-49d9-4e87-bad0-a768746adfc1', 'f83e298b-e8bd-4a62-ba8e-74a1b015436e'),
    ('Мирное', '1bd68e29-f58a-4cfa-b1db-fd34caa46fde', 'f83e298b-e8bd-4a62-ba8e-74a1b015436e'),
    ('Мироновский', '98b49dc2-8995-4e93-a79e-21e707e8a770', 'f83e298b-e8bd-4a62-ba8e-74a1b015436e'),
    ('Московское', 'b079737f-7f37-4209-8e37-5c55ad3236ab', 'f83e298b-e8bd-4a62-ba8e-74a1b015436e'),
    ('Нелеповка', '14315b47-6d0d-4553-bda0-de810cd32940', 'f83e298b-e8bd-4a62-ba8e-74a1b015436e'),
    ('Нижняя Крынка', '1bcbbed7-9582-437d-8588-d0cc5d6108e3', 'f83e298b-e8bd-4a62-ba8e-74a1b015436e'),
    ('Никифорово', '0687757a-eb5e-4098-a073-9cd0922b40d4', 'f83e298b-e8bd-4a62-ba8e-74a1b015436e'),
    ('Николаевка', '5158f3a7-4990-4a7c-abe3-cfa0719a6989', 'f83e298b-e8bd-4a62-ba8e-74a1b015436e'),
    ('Никольское', 'c980924c-775e-4297-b331-409204cd6ee6', 'f83e298b-e8bd-4a62-ba8e-74a1b015436e'),
    ('Новгородское', '2259f496-f202-4526-9d25-be0c727a6028', 'f83e298b-e8bd-4a62-ba8e-74a1b015436e'),
    ('Новоамвросиевское', '291121e7-5980-47a7-803b-fce1e0f590af', 'f83e298b-e8bd-4a62-ba8e-74a1b015436e'),
    ('Новогригоровка', '2ab4380a-6e94-4be9-b02f-0c82e442618e', 'f83e298b-e8bd-4a62-ba8e-74a1b015436e'),
    ('Новодонецкое', 'bd186671-9a65-46f3-aaef-d5655d2e07dd', 'f83e298b-e8bd-4a62-ba8e-74a1b015436e'),
    ('Новониколаевка', 'b3b77b94-9fba-4b86-82ba-4114884bd9bb', 'f83e298b-e8bd-4a62-ba8e-74a1b015436e'),
    ('Новосёловка', '0315885c-fa13-4160-8fa6-26269a109fa1', 'f83e298b-e8bd-4a62-ba8e-74a1b015436e'),
    ('Новотроицкое', 'de8fdc5a-1725-483d-ac31-34e38bd57205', 'f83e298b-e8bd-4a62-ba8e-74a1b015436e'),
    ('Новоэкономическое', '7a77bdb8-f080-46e7-86af-7d02177df3d6', 'f83e298b-e8bd-4a62-ba8e-74a1b015436e'),
    ('Новый Свет', 'f51efee0-1fb3-4c19-ba20-734c0d789996', 'f83e298b-e8bd-4a62-ba8e-74a1b015436e'),
    ('Оленовка (Волновахский р-н)', '9bba9674-aed0-49ad-aedd-3c28eb3f3113', 'f83e298b-e8bd-4a62-ba8e-74a1b015436e'),
    ('Оленовка (Енакиевский горсовет)', '3f36067b-3429-4758-bfd0-352ae6692339', 'f83e298b-e8bd-4a62-ba8e-74a1b015436e'),
    ('Ольгинка', '5917b209-5472-4e68-8bd2-705f603ac9e1', 'f83e298b-e8bd-4a62-ba8e-74a1b015436e'),
    ('Ольховатка', '205cf36b-2168-48c8-85b9-78d9f888a344', 'f83e298b-e8bd-4a62-ba8e-74a1b015436e'),
    ('Ольховка', '67c80996-91ed-428d-a9b6-585d044b0b6a', 'f83e298b-e8bd-4a62-ba8e-74a1b015436e'),
    ('Острое', '98328b00-4d2b-46b9-a3c8-2676f2271030', 'f83e298b-e8bd-4a62-ba8e-74a1b015436e'),
    ('Очеретино', '7a39bcba-a122-432d-9847-0fdf984df096', 'f83e298b-e8bd-4a62-ba8e-74a1b015436e'),
    ('Пантелеймоновка', '9beea0df-99a7-4164-964f-6e026863523c', 'f83e298b-e8bd-4a62-ba8e-74a1b015436e'),
    ('Пелагеевка', '26cfddce-6953-4047-be6a-d1869219b477', 'f83e298b-e8bd-4a62-ba8e-74a1b015436e'),
    ('Первомайский', 'fffbc1b9-f2c5-4d5e-b645-76f5b7334603', 'f83e298b-e8bd-4a62-ba8e-74a1b015436e'),
    ('Первомайское', '6578ddeb-c5dd-4fef-9369-f941ec087737', 'f83e298b-e8bd-4a62-ba8e-74a1b015436e'),
    ('Петровка', '3148ebed-f4a9-4f18-87a0-8e9611c6d366', 'f83e298b-e8bd-4a62-ba8e-74a1b015436e'),
    ('Пивденное', 'f8429f98-0066-40a3-a850-8db7b8080e0e', 'f83e298b-e8bd-4a62-ba8e-74a1b015436e'),
    ('Пивничное', '1e762d94-ffdd-4954-bea8-680e3983a694', 'f83e298b-e8bd-4a62-ba8e-74a1b015436e'),
    ('Победа', 'e408f179-88ce-4a13-8b49-fc7c245517da', 'f83e298b-e8bd-4a62-ba8e-74a1b015436e'),
    ('Покровка', '46e0603f-32e7-4590-91c4-aad0506caa68', 'f83e298b-e8bd-4a62-ba8e-74a1b015436e'),
    ('Прибрежное', '89ff851a-98ac-440f-97ce-16418fba5208', 'f83e298b-e8bd-4a62-ba8e-74a1b015436e'),
    ('Пятиполье', '96da9d4a-9855-49be-92e8-12c3189309a0', 'f83e298b-e8bd-4a62-ba8e-74a1b015436e'),
    ('Райгородок', '1b0294cd-7ad1-420c-84b2-ecd82cf89e43', 'f83e298b-e8bd-4a62-ba8e-74a1b015436e'),
    ('Райское', '6a5d8752-6f40-4f47-893c-7248f17ae46e', 'f83e298b-e8bd-4a62-ba8e-74a1b015436e'),
    ('Рассыпное', 'ad0ae505-de27-43b4-b9c0-dc7ed4a24372', 'f83e298b-e8bd-4a62-ba8e-74a1b015436e'),
    ('Сартана', '3a1394ba-c0ed-4c18-b8df-4f264e9f7f05', 'f83e298b-e8bd-4a62-ba8e-74a1b015436e'),
    ('Холодное', '1c334d65-ff10-4ee3-bbee-392c5113de7b', 'f83e298b-e8bd-4a62-ba8e-74a1b015436e'),
    ('Святогоровка', 'f541e3fd-dde7-4916-8796-227dda8c8a72', 'f83e298b-e8bd-4a62-ba8e-74a1b015436e'),
    ('Северное', '5d61a9fb-93a3-4cc9-9a20-f64e4847f469', 'f83e298b-e8bd-4a62-ba8e-74a1b015436e'),
    ('Седово', '4fdd4cb1-e461-443f-b4cc-252d155da4c4', 'f83e298b-e8bd-4a62-ba8e-74a1b015436e'),
    ('Сердитое', '9865e57d-821e-44de-a6dd-e7d08daf9949', 'f83e298b-e8bd-4a62-ba8e-74a1b015436e'),
    ('Софиевка', '00ead567-31a2-40d3-a343-3fc60db754ca', 'f83e298b-e8bd-4a62-ba8e-74a1b015436e'),
    ('Старобешево', 'e94759e0-6c8e-485b-8b04-89f71ed20eaf', 'f83e298b-e8bd-4a62-ba8e-74a1b015436e'),
    ('Старомихайловка', 'de3af97b-aaf0-425e-8456-018176242bca', 'f83e298b-e8bd-4a62-ba8e-74a1b015436e'),
    ('Старый Крым', 'ce6e5d3b-55cc-44f6-85af-45e62693a655', 'f83e298b-e8bd-4a62-ba8e-74a1b015436e'),
    ('Стожковское', 'f690a1d4-708a-40bc-adcb-8fc33544538d', 'f83e298b-e8bd-4a62-ba8e-74a1b015436e'),
    ('Талаковка', 'ca2b8a1d-1251-40af-b22b-7295c9dd4f31', 'f83e298b-e8bd-4a62-ba8e-74a1b015436e'),
    ('Бойковское', '66035401-6a4b-4997-a1ab-3b819dcf1d42', 'f83e298b-e8bd-4a62-ba8e-74a1b015436e'),
    ('Троицко-Харцызск', '0f99d65a-37a1-4599-a3d5-b807b0ea4f34', 'f83e298b-e8bd-4a62-ba8e-74a1b015436e'),
    ('Удачное', 'dafa2382-5b2e-4632-8824-a184d9779d5f', 'f83e298b-e8bd-4a62-ba8e-74a1b015436e'),
    ('Цукурино', 'c9a632c0-2510-41e7-8360-f374203a648d', 'f83e298b-e8bd-4a62-ba8e-74a1b015436e'),
    ('Черкасское', '00cc4dbf-e312-43a1-9a2b-81fdffb8b08d', 'f83e298b-e8bd-4a62-ba8e-74a1b015436e'),
    ('Шабельковка', '69b9d53c-2d0d-4151-81db-6f97101c26ad', 'f83e298b-e8bd-4a62-ba8e-74a1b015436e'),
    ('Шахтное', 'e601b226-cf17-4b96-b403-17eeb3aacbe0', 'f83e298b-e8bd-4a62-ba8e-74a1b015436e'),
    ('Широкое', '2ff0aafc-b1a0-4c0a-8e31-43be9698dff5', 'f83e298b-e8bd-4a62-ba8e-74a1b015436e'),
    ('Шевченко', '3a21d094-850a-412e-9cbe-90340a65187b', 'f83e298b-e8bd-4a62-ba8e-74a1b015436e'),
    ('Щербиновка', '7f9deec0-ffab-4bfb-bc84-28ed80082dbc', 'f83e298b-e8bd-4a62-ba8e-74a1b015436e'),
    ('Ялта', '1d4ea15b-08c6-4a93-a9b8-a48a5514b5a3', 'f83e298b-e8bd-4a62-ba8e-74a1b015436e'),
    ('Ямполь', 'c8f822f6-fe67-4594-a093-d581d7ef1075', 'f83e298b-e8bd-4a62-ba8e-74a1b015436e'),
    ('Яровая', '4e200468-c515-4603-8f22-dd12577c8698', 'f83e298b-e8bd-4a62-ba8e-74a1b015436e'),
    ('Ясиновка', '0c693ef3-6498-4940-9b38-a2e37bc92e84', 'f83e298b-e8bd-4a62-ba8e-74a1b015436e'),
    ('Ясная Поляна', '3db90d95-3494-45c2-92a9-c07822b7090e', 'f83e298b-e8bd-4a62-ba8e-74a1b015436e'),
    ('Ясногорка', '2284048f-16a7-4836-98b9-d0f99be1291d', 'f83e298b-e8bd-4a62-ba8e-74a1b015436e');

INSERT INTO region (id, "name", country_id)
VALUES ('a2a8583e-6702-4047-8aeb-7a854ae2a8cd', 'Житомирская область', 'fba52635-0325-43a2-a2bd-8027041beb4b');

INSERT INTO populated_locality ("name", id, region_id)
VALUES ('Андрушёвка', '83580426-a18e-44ce-8347-dd02449270be', 'a2a8583e-6702-4047-8aeb-7a854ae2a8cd'),
    ('Барановка', 'd97a77c7-3140-4575-9128-5ed5c8fbaf43', 'a2a8583e-6702-4047-8aeb-7a854ae2a8cd'),
    ('Бердичев', '222b8009-e623-4743-87f7-35fac9bb5b46', 'a2a8583e-6702-4047-8aeb-7a854ae2a8cd'),
    ('Житомир', 'c4adac37-218f-45b3-a0f0-5507dadb023c', 'a2a8583e-6702-4047-8aeb-7a854ae2a8cd'),
    ('Коростень', '0be28cd3-2f7f-45ea-be52-956c34619bf5', 'a2a8583e-6702-4047-8aeb-7a854ae2a8cd'),
    ('Коростышев', '320a5210-1631-4c2d-adc7-45348b3af566', 'a2a8583e-6702-4047-8aeb-7a854ae2a8cd'),
    ('Малин', '910e84c1-b3e3-4525-acfe-5cae431b007e', 'a2a8583e-6702-4047-8aeb-7a854ae2a8cd'),
    ('Новоград-Волынский', 'f6c62f99-f1bb-4377-b7dd-2ee20119b266', 'a2a8583e-6702-4047-8aeb-7a854ae2a8cd'),
    ('Овруч', 'ce02f313-ea71-4be8-9a9a-6f618057287a', 'a2a8583e-6702-4047-8aeb-7a854ae2a8cd'),
    ('Олевск', 'd772dfe7-a173-401e-b7be-83deedb74d88', 'a2a8583e-6702-4047-8aeb-7a854ae2a8cd'),
    ('Радомышль', '61935a4f-a232-4edd-aa68-15822ae77e1a', 'a2a8583e-6702-4047-8aeb-7a854ae2a8cd'),
    ('Чуднов', 'cbeb84ed-fc3a-4052-a84f-1b927ec1c6b0', 'a2a8583e-6702-4047-8aeb-7a854ae2a8cd');
INSERT INTO populated_locality ("name", id, region_id)
VALUES ('Белая Криница', '88dc7129-11b4-4409-af7d-04d7e17be8b7', 'a2a8583e-6702-4047-8aeb-7a854ae2a8cd'),
    ('Брусилов', '59422baa-e190-4375-b859-f18ce7ef7247', 'a2a8583e-6702-4047-8aeb-7a854ae2a8cd'),
    ('Бучманы', '0a150f72-47e8-4373-b5d2-1c14f6c0cdd9', 'a2a8583e-6702-4047-8aeb-7a854ae2a8cd'),
    ('Быковка', 'ea649623-c0e1-443d-9b39-29809f6d41bd', 'a2a8583e-6702-4047-8aeb-7a854ae2a8cd'),
    ('Вакуленчук', 'ab6b27ae-6189-4f98-b8a7-2e889215b877', 'a2a8583e-6702-4047-8aeb-7a854ae2a8cd'),
    ('Великие Коровинцы', '095fbbbd-9d4b-490e-8312-5517a3bc837b', 'a2a8583e-6702-4047-8aeb-7a854ae2a8cd'),
    ('Головино', 'ec3f22ec-2f08-4d1c-9829-c8a9a0f3c553', 'a2a8583e-6702-4047-8aeb-7a854ae2a8cd'),
    ('Городница', '38c901bb-d162-4331-8c76-3b525719a6e8', 'a2a8583e-6702-4047-8aeb-7a854ae2a8cd'),
    ('Городок', 'a3170423-959b-4649-8036-de0efde48235', 'a2a8583e-6702-4047-8aeb-7a854ae2a8cd'),
    ('Гранитное', '615cc3a9-7808-47d2-aaa9-cb9c986fb163', 'a2a8583e-6702-4047-8aeb-7a854ae2a8cd'),
    ('Гришковцы', 'f2e561a8-f59b-4857-abcc-df65b760839f', 'a2a8583e-6702-4047-8aeb-7a854ae2a8cd'),
    ('Гуйва', 'c8bd1b06-b53e-4c6c-91f9-35f530c5a278', 'a2a8583e-6702-4047-8aeb-7a854ae2a8cd'),
    ('Диброва', '5e70dc00-22e2-4b6c-bcf7-c786cd52a436', 'a2a8583e-6702-4047-8aeb-7a854ae2a8cd'),
    ('Довбыш', '8ad027e1-39f0-4778-864b-80d674503d8b', 'a2a8583e-6702-4047-8aeb-7a854ae2a8cd'),
    ('Дружба', '7614af6f-72c6-42c9-a944-5d6908e03e19', 'a2a8583e-6702-4047-8aeb-7a854ae2a8cd'),
    ('Емильчино', 'e4b91fab-c27e-4980-8ad2-e7172e7f1824', 'a2a8583e-6702-4047-8aeb-7a854ae2a8cd'),
    ('Иванополь', '08759eb7-ec9f-471f-96aa-4ad54a8643d2', 'a2a8583e-6702-4047-8aeb-7a854ae2a8cd'),
    ('Иршанск', 'dc0bf6bb-d046-48a5-a002-4b49c903bbf7', 'a2a8583e-6702-4047-8aeb-7a854ae2a8cd'),
    ('Каменный Брод', '6bea280f-f1df-448e-bff8-c0ca27b712a2', 'a2a8583e-6702-4047-8aeb-7a854ae2a8cd'),
    ('Корнин', '1a47b399-30fc-4228-b9d1-793de637b715', 'a2a8583e-6702-4047-8aeb-7a854ae2a8cd'),
    ('Лугины', 'ed53b951-654c-4615-a7d0-51c8a13e8486', 'a2a8583e-6702-4047-8aeb-7a854ae2a8cd'),
    ('Любар', '3174045f-474b-4f8e-ab10-8324bb27bfd2', 'a2a8583e-6702-4047-8aeb-7a854ae2a8cd'),
    ('Марьяновка', 'ff0ba729-29b1-4967-9214-30e7e2c89062', 'a2a8583e-6702-4047-8aeb-7a854ae2a8cd'),
    ('Миролюбов', '2f678403-d053-4cd4-89d0-2321b4cd59e6', 'a2a8583e-6702-4047-8aeb-7a854ae2a8cd'),
    ('Мирополь', '5a8f4a2b-3679-45c4-b92c-b82c58c740de', 'a2a8583e-6702-4047-8aeb-7a854ae2a8cd'),
    ('Народичи', 'b90844e3-cbf2-41ab-9456-8398ba3f14f2', 'a2a8583e-6702-4047-8aeb-7a854ae2a8cd'),
    ('Новая Боровая', '6c952cb9-8e37-45e5-a332-39b0f07cb9a7', 'a2a8583e-6702-4047-8aeb-7a854ae2a8cd'),
    ('Новогуйвинское', '09f31f03-776a-4b70-8ee2-eba24d9f90cc', 'a2a8583e-6702-4047-8aeb-7a854ae2a8cd'),
    ('Новоозерянка', '7093a02a-fcab-4378-9a79-ff6aa34e0bc5', 'a2a8583e-6702-4047-8aeb-7a854ae2a8cd'),
    ('Новые Белокоровичи', 'cba130fa-b862-4e5e-8db5-790b6ad07f2f', 'a2a8583e-6702-4047-8aeb-7a854ae2a8cd'),
    ('Озёрное', '20d927b2-fff0-4f17-bf1a-48e2c3d9e81f', 'a2a8583e-6702-4047-8aeb-7a854ae2a8cd'),
    ('Першотравенск', 'e04919c9-e49f-4fc6-bc4b-ced98c4a5d2d', 'a2a8583e-6702-4047-8aeb-7a854ae2a8cd'),
    ('Першотравневое', '614ca606-3968-408f-ad5b-1445631192d9', 'a2a8583e-6702-4047-8aeb-7a854ae2a8cd'),
    ('Полянка', 'af8618f0-7f65-48f3-a5c9-9f18cf26a9f8', 'a2a8583e-6702-4047-8aeb-7a854ae2a8cd'),
    ('Попельня', '4bf38b96-7369-498d-a28c-12fae68aca20', 'a2a8583e-6702-4047-8aeb-7a854ae2a8cd'),
    ('Пулины', 'acbdae3f-882d-45e3-b329-b65a8f1e6bb7', 'a2a8583e-6702-4047-8aeb-7a854ae2a8cd'),
    ('Романов', '1ea95979-ebf3-4a2b-b8ed-91c38db1d0b8', 'a2a8583e-6702-4047-8aeb-7a854ae2a8cd'),
    ('Ружин', '190fe691-f502-475b-b6bb-8a071d965934', 'a2a8583e-6702-4047-8aeb-7a854ae2a8cd'),
    ('Хорошев', 'a77d70aa-ef75-4ed1-a64e-e1477e055f2d', 'a2a8583e-6702-4047-8aeb-7a854ae2a8cd'),
    ('Червоное', 'ee12d695-a40c-4a98-9953-439a3c943229', 'a2a8583e-6702-4047-8aeb-7a854ae2a8cd'),
    ('Черняхов', '781cb66c-9354-4099-a226-259ffa9b28bf', 'a2a8583e-6702-4047-8aeb-7a854ae2a8cd'),
    ('Чоповичи', 'babbe03a-8e95-446c-ad58-bd4c3226c79d', 'a2a8583e-6702-4047-8aeb-7a854ae2a8cd'),
    ('Яблонец', '62a403c2-3669-491a-bd75-df7785fa1e35', 'a2a8583e-6702-4047-8aeb-7a854ae2a8cd');

INSERT INTO region (id, "name", country_id)
VALUES('9a459f76-ba05-40c3-a73b-afb5eed2ec84', 'Закарпатская область', 'fba52635-0325-43a2-a2bd-8027041beb4b');

INSERT INTO populated_locality ("name", id, region_id)
VALUES ('Берегово', 'e32af75a-e1a6-4200-8a47-79970d418d92', '9a459f76-ba05-40c3-a73b-afb5eed2ec84'),
    ('Виноградов', '67d2a188-cb1b-40f3-a8a9-e3fb49a0db16', '9a459f76-ba05-40c3-a73b-afb5eed2ec84'),
    ('Иршава', 'd767eea4-b9af-4253-bd2c-5e3e81bca8ae', '9a459f76-ba05-40c3-a73b-afb5eed2ec84'),
    ('Мукачево', '5779aebd-3d12-43f5-852e-76fb71ac40a3', '9a459f76-ba05-40c3-a73b-afb5eed2ec84'),
    ('Перечин', '4eefb56e-a1d5-499a-a861-356af24d7859', '9a459f76-ba05-40c3-a73b-afb5eed2ec84'),
    ('Рахов', 'f52ea644-cf41-4180-a497-31b1869399b2', '9a459f76-ba05-40c3-a73b-afb5eed2ec84'),
    ('Свалява', '70694823-381e-4ba0-858c-d13dc53d1af9', '9a459f76-ba05-40c3-a73b-afb5eed2ec84'),
    ('Тячев', 'ebf3a48e-e6b1-4527-a55e-fd9219ea195c', '9a459f76-ba05-40c3-a73b-afb5eed2ec84'),
    ('Ужгород', '53c2b18d-00f0-44fd-bf27-55021a960db6', '9a459f76-ba05-40c3-a73b-afb5eed2ec84'),
    ('Хуст', 'da79677c-59c2-4066-abb2-aa279ddc8f8d', '9a459f76-ba05-40c3-a73b-afb5eed2ec84'),
    ('Чоп', 'd89ff6f5-a74c-43fc-aea4-d302a24b2041', '9a459f76-ba05-40c3-a73b-afb5eed2ec84');
INSERT INTO populated_locality ("name", id, region_id)
VALUES ('Батьево', 'e570b93e-958b-4fb0-b9e1-d8cb051150ef', '9a459f76-ba05-40c3-a73b-afb5eed2ec84'),
    ('Буштыно', '9ad1501a-fb37-4532-855e-77de98bfd9ef', '9a459f76-ba05-40c3-a73b-afb5eed2ec84'),
    ('Великий Березный', '07bbd369-4028-439a-ad1b-e960af97123e', '9a459f76-ba05-40c3-a73b-afb5eed2ec84'),
    ('Великий Бычков', 'c1750631-f84e-4a4c-bbe7-edaed1d50942', '9a459f76-ba05-40c3-a73b-afb5eed2ec84'),
    ('Вилок', 'f13b54c6-fd85-4782-b8e2-d77b4e690339', '9a459f76-ba05-40c3-a73b-afb5eed2ec84'),
    ('Воловец', '8686db28-88e5-4614-9d28-188821ba6966', '9a459f76-ba05-40c3-a73b-afb5eed2ec84'),
    ('Вышково', '04f1d018-29df-4179-9deb-0e3f08f8f121', '9a459f76-ba05-40c3-a73b-afb5eed2ec84'),
    ('Дубовое', '854c4258-5599-434f-b412-8cf66835de5c', '9a459f76-ba05-40c3-a73b-afb5eed2ec84'),
    ('Ждениево', '70e18dd7-771d-4f18-a516-8fd16128a301', '9a459f76-ba05-40c3-a73b-afb5eed2ec84'),
    ('Кобылецкая Поляна', '035ee861-1b30-4b1d-bac7-1481f8a9e72b', '9a459f76-ba05-40c3-a73b-afb5eed2ec84'),
    ('Кольчино', 'b420808a-ac02-4a55-a9d8-c31ec8b3fa58', '9a459f76-ba05-40c3-a73b-afb5eed2ec84'),
    ('Королёво', '9a023e1d-95c7-4d7d-8b4c-0c5cbaac4467', '9a459f76-ba05-40c3-a73b-afb5eed2ec84'),
    ('Межгорье', 'd21fae84-b179-41ef-ae04-6cc37782b0c7', '9a459f76-ba05-40c3-a73b-afb5eed2ec84'),
    ('Солотвино', '530bfd2a-9b04-4bb3-9ede-d31a3a1bac17', '9a459f76-ba05-40c3-a73b-afb5eed2ec84'),
    ('Среднее', 'fd764076-9d81-453e-ae5a-50023b54c07c', '9a459f76-ba05-40c3-a73b-afb5eed2ec84'),
    ('Тересва', '293a4c0a-43c3-4b24-9f59-ad9ac31e3298', '9a459f76-ba05-40c3-a73b-afb5eed2ec84'),
    ('Усть-Чорна', '8a5b9a65-ac94-4160-8a02-d3ff23b55682', '9a459f76-ba05-40c3-a73b-afb5eed2ec84'),
    ('Чинадиево', '6b560f32-fcc1-4dd1-84e6-3d0c7ef0b366', '9a459f76-ba05-40c3-a73b-afb5eed2ec84'),
    ('Ясиня', '6af829f6-c2ea-43af-b406-89a5d91851fd', '9a459f76-ba05-40c3-a73b-afb5eed2ec84');

INSERT INTO region (id, "name", country_id)
VALUES ('c4d654a2-5b40-4a69-9e44-49d9b8b2a44a', 'Запорожская область', 'fba52635-0325-43a2-a2bd-8027041beb4b');

INSERT INTO populated_locality ("name", id, region_id)
VALUES ('Бердянск', 'ee7834cc-3dc3-466e-87bd-2b6be823b43a', 'c4d654a2-5b40-4a69-9e44-49d9b8b2a44a'),
    ('Васильевка', 'a291e498-6838-4a1b-9a3a-fad3173d8901', 'c4d654a2-5b40-4a69-9e44-49d9b8b2a44a'),
    ('Вольнянск', 'b4ae7805-64ce-48f2-96cd-4d2a69658e6d', 'c4d654a2-5b40-4a69-9e44-49d9b8b2a44a'),
    ('Гуляйполе', '02579a9b-daeb-4481-9953-b8868f7eab49', 'c4d654a2-5b40-4a69-9e44-49d9b8b2a44a'),
    ('Днепрорудное', '70f4ec88-76d4-488c-95e5-5df8bc695d1d', 'c4d654a2-5b40-4a69-9e44-49d9b8b2a44a'),
    ('Запорожье', '506f6d8d-76d0-4755-b07d-b41e17cb63c6', 'c4d654a2-5b40-4a69-9e44-49d9b8b2a44a'),
    ('Каменка-Днепровская', '7a251f62-7958-42ad-a920-e46f450769ee', 'c4d654a2-5b40-4a69-9e44-49d9b8b2a44a'),
    ('Мелитополь', '7a96eeaf-7fcd-42d4-b691-4909f6dab304', 'c4d654a2-5b40-4a69-9e44-49d9b8b2a44a'),
    ('Молочанск', '50b2cf10-ae81-4a71-8abc-4d52bdd73b11', 'c4d654a2-5b40-4a69-9e44-49d9b8b2a44a'),
    ('Орехов', 'e6e3fe9f-a93a-47ee-9d42-46831f7786ee', 'c4d654a2-5b40-4a69-9e44-49d9b8b2a44a'),
    ('Пологи', '06b68cfb-0e82-4e28-b5e8-7ed62c4e4167', 'c4d654a2-5b40-4a69-9e44-49d9b8b2a44a'),
    ('Приморск', 'c7fe0b28-ecc4-48d6-9534-3a7bad0d8fc9', 'c4d654a2-5b40-4a69-9e44-49d9b8b2a44a'),
    ('Токмак', 'ac3b1e88-2418-47a0-a856-0d4f91e83412', 'c4d654a2-5b40-4a69-9e44-49d9b8b2a44a'),
    ('Энергодар', 'e5e71780-8029-4d26-8592-152ac031812f', 'c4d654a2-5b40-4a69-9e44-49d9b8b2a44a');

INSERT INTO populated_locality ("name", id, region_id)
VALUES ('Акимовка', '49df21bf-38e7-47f2-82b2-cfd92da0f61c', 'c4d654a2-5b40-4a69-9e44-49d9b8b2a44a'),
    ('Андреевка', 'feec5680-85de-47cf-a545-cf6733df371b', 'c4d654a2-5b40-4a69-9e44-49d9b8b2a44a'),
    ('Балабино', 'a36d1a41-a952-4f1b-be11-6029d7fce07a', 'c4d654a2-5b40-4a69-9e44-49d9b8b2a44a'),
    ('Бильмак', 'fdbb3ee8-dd7b-496e-b116-5dd7619cb3af', 'c4d654a2-5b40-4a69-9e44-49d9b8b2a44a'),
    ('Весёлое', '1646e8a4-484e-4d6e-874f-275bffdc07d3', 'c4d654a2-5b40-4a69-9e44-49d9b8b2a44a'),
    ('Зализничное', '9cb77386-e436-431c-b7da-ca3bbb0c7ed0', 'c4d654a2-5b40-4a69-9e44-49d9b8b2a44a'),
    ('Каменное', '40b2a90d-e397-437b-a276-f89c50541d65', 'c4d654a2-5b40-4a69-9e44-49d9b8b2a44a'),
    ('Камышеваха', '8e5cc073-459a-401b-abfb-55598c732eb4', 'c4d654a2-5b40-4a69-9e44-49d9b8b2a44a'),
    ('Камыш-Заря', 'b83e9a19-494b-4125-962d-a36cad886178', 'c4d654a2-5b40-4a69-9e44-49d9b8b2a44a'),
    ('Кирилловка', '74947326-2252-4098-b37f-8e27668fe01e', 'c4d654a2-5b40-4a69-9e44-49d9b8b2a44a'),
    ('Кушугум', '918366b7-c457-4e3d-bb16-3f4c38ccb9af', 'c4d654a2-5b40-4a69-9e44-49d9b8b2a44a'),
    ('Малокатериновка', '2bc43ba4-3305-4fab-b2e0-13e9a1cd1a09', 'c4d654a2-5b40-4a69-9e44-49d9b8b2a44a'),
    ('Мирное', '8e226baa-2ac5-4931-be15-f586cea840c2', 'c4d654a2-5b40-4a69-9e44-49d9b8b2a44a'),
    ('Михайловка', 'e81e3fb4-0620-4256-80fc-0fd044125e3d', 'c4d654a2-5b40-4a69-9e44-49d9b8b2a44a'),
    ('Нововасилевка', 'cf7de3b5-d982-4f60-bbdc-93a305855815', 'c4d654a2-5b40-4a69-9e44-49d9b8b2a44a'),
    ('Новониколаевка', '63f1c681-c134-4000-b316-f0ed008fb762', 'c4d654a2-5b40-4a69-9e44-49d9b8b2a44a'),
    ('Приазовское', 'fd52c8b2-25d5-4049-99c3-611e01333841', 'c4d654a2-5b40-4a69-9e44-49d9b8b2a44a'),
    ('Пришиб', '10b18780-460a-4b12-92fe-c99bfdfb94d6', 'c4d654a2-5b40-4a69-9e44-49d9b8b2a44a'),
    ('Розовка', '1d2b3d04-26c8-41c4-b6e5-cf7f398caf9f', 'c4d654a2-5b40-4a69-9e44-49d9b8b2a44a'),
    ('Степногорск', 'eb47e886-1a5f-4b75-8297-9a14615dd566', 'c4d654a2-5b40-4a69-9e44-49d9b8b2a44a'),
    ('Терноватое', '33fad664-3378-4042-a0ff-e5af01f3e0b2', 'c4d654a2-5b40-4a69-9e44-49d9b8b2a44a'),
    ('Черниговка', 'cdcfda82-ff92-4dc3-a2e3-808ffade47e4', 'c4d654a2-5b40-4a69-9e44-49d9b8b2a44a');

INSERT INTO region (id, "name", country_id)
VALUES ('c42e4560-6960-40be-93e0-f26c25bbed8c', 'Ивано-Франковская область', 'fba52635-0325-43a2-a2bd-8027041beb4b');

INSERT INTO populated_locality ("name", id, region_id)
VALUES ('Болехов', '623f8b9e-4b80-4085-a9d9-0d619198719f', 'c42e4560-6960-40be-93e0-f26c25bbed8c'),
    ('Бурштын', '984413c7-ea65-47b1-a4ee-301142eedc08', 'c42e4560-6960-40be-93e0-f26c25bbed8c'),
    ('Галич', 'a73f019a-0cc8-4b41-9ac2-e93b27cac856', 'c42e4560-6960-40be-93e0-f26c25bbed8c'),
    ('Городенка', 'afb9da47-ee99-46b5-a6bd-a5226a8c15b7', 'c42e4560-6960-40be-93e0-f26c25bbed8c'),
    ('Долина', '9ce38d88-9df9-43f0-8ed9-2d7ee0ea33b8', 'c42e4560-6960-40be-93e0-f26c25bbed8c'),
    ('Ивано-Франковск', '7a8f4d9e-a1cd-439f-bc6d-569154560ac2', 'c42e4560-6960-40be-93e0-f26c25bbed8c'),
    ('Калуш', '330cd919-f073-48be-82bf-829dff6c8c8c', 'c42e4560-6960-40be-93e0-f26c25bbed8c'),
    ('Коломыя', 'abb1e842-da35-438a-97f6-295dc3ca3697', 'c42e4560-6960-40be-93e0-f26c25bbed8c'),
    ('Косов', '39560af7-93f2-4bb9-9f84-a89bd8974370', 'c42e4560-6960-40be-93e0-f26c25bbed8c'),
    ('Надворная', '22144f1a-f2e1-4800-a7bd-9848bec0e844', 'c42e4560-6960-40be-93e0-f26c25bbed8c'),
    ('Рогатин', '59bb37a1-8d39-4fcf-8a31-6a2ae4b5b024', 'c42e4560-6960-40be-93e0-f26c25bbed8c'),
    ('Снятын', 'a564f171-abb0-4ece-bd75-fed246792a78', 'c42e4560-6960-40be-93e0-f26c25bbed8c'),
    ('Тлумач', 'ea002adc-7aff-4359-8bd8-36aaf11e92f4', 'c42e4560-6960-40be-93e0-f26c25bbed8c'),
    ('Тысменица', '9a90f91e-7936-486c-85d2-8de8ab4fad9f', 'c42e4560-6960-40be-93e0-f26c25bbed8c'),
    ('Яремче', 'ff4d34f5-b7a6-40ff-aa83-d1736c417165', 'c42e4560-6960-40be-93e0-f26c25bbed8c');
INSERT INTO populated_locality ("name", id, region_id)
VALUES ('Богородчаны', '542189ed-022a-4a12-99f1-961491e9755f', 'c42e4560-6960-40be-93e0-f26c25bbed8c'),
    ('Большовцы', '99ac9a3a-3946-40e0-92ec-1be1adc9023d', 'c42e4560-6960-40be-93e0-f26c25bbed8c'),
    ('Брошнев-Осада', '4567619c-3313-4045-9fde-8ca91be95bbe', 'c42e4560-6960-40be-93e0-f26c25bbed8c'),
    ('Букачёвцы', '4713a886-c661-4c32-b815-cfad8632a76b', 'c42e4560-6960-40be-93e0-f26c25bbed8c'),
    ('Бытков', '4c562e37-063b-433c-9a48-8d9d3f6024e8', 'c42e4560-6960-40be-93e0-f26c25bbed8c'),
    ('Верховина', 'fad29192-8f91-4361-9829-6c281e4d313a', 'c42e4560-6960-40be-93e0-f26c25bbed8c'),
    ('Войнилов', '3f0f0e7d-2a5d-4342-80b3-61ce835f62bd', 'c42e4560-6960-40be-93e0-f26c25bbed8c'),
    ('Ворохта', 'bda7c1ea-dbad-4adc-be65-97e2ca7e8258', 'c42e4560-6960-40be-93e0-f26c25bbed8c'),
    ('Выгода', 'd73c368a-a2c0-4353-98f2-b6892127bd09', 'c42e4560-6960-40be-93e0-f26c25bbed8c'),
    ('Гвоздец', '75192753-6d38-44ef-a2ae-f24917135f15', 'c42e4560-6960-40be-93e0-f26c25bbed8c'),
    ('Делятин', '884459b4-2e47-441a-b0bd-f585ddca7729', 'c42e4560-6960-40be-93e0-f26c25bbed8c'),
    ('Езуполь', '8d8748d4-4c87-4f38-aa34-e0cf1282f426', 'c42e4560-6960-40be-93e0-f26c25bbed8c'),
    ('Заболотов', '4d94e4c3-2098-40e1-9ce0-323ded475126', 'c42e4560-6960-40be-93e0-f26c25bbed8c'),
    ('Куты', '4e9d5118-e590-4027-a925-92fd5d9915b0', 'c42e4560-6960-40be-93e0-f26c25bbed8c'),
    ('Ланчин', '95c50f5b-1f09-4759-9c54-7f77bfdcff89', 'c42e4560-6960-40be-93e0-f26c25bbed8c'),
    ('Лисец', 'b205c4d3-7af5-41ec-8b7e-819129b3b19b', 'c42e4560-6960-40be-93e0-f26c25bbed8c'),
    ('Обертин', '12b60211-a339-4c61-a67d-b45b7229f0b5', 'c42e4560-6960-40be-93e0-f26c25bbed8c'),
    ('Отыния', '90b74f94-279c-4c48-9ee6-929099fcf434', 'c42e4560-6960-40be-93e0-f26c25bbed8c'),
    ('Перегинское', 'b848ad09-f352-45c7-bc53-a16d23fa58c7', 'c42e4560-6960-40be-93e0-f26c25bbed8c'),
    ('Печенежин', 'a5bec03e-6473-4cd6-a5d1-4236688cf681', 'c42e4560-6960-40be-93e0-f26c25bbed8c'),
    ('Рожнятов', 'f83e6ff5-30d0-4df5-a3d5-2d41401d1b7d', 'c42e4560-6960-40be-93e0-f26c25bbed8c'),
    ('Солотвин', '3570176f-f085-4d3d-b947-861feaf071d5', 'c42e4560-6960-40be-93e0-f26c25bbed8c'),
    ('Чернелица', '04691594-4790-4432-b239-b6817c33030a', 'c42e4560-6960-40be-93e0-f26c25bbed8c'),
    ('Яблонов', 'b55981f7-8d9c-4279-9554-cbc56f62aa82', 'c42e4560-6960-40be-93e0-f26c25bbed8c');

INSERT INTO region (id, "name", country_id)
VALUES ('ca715887-a0c6-497a-8877-0db11e8f7122', 'Киевская область', 'fba52635-0325-43a2-a2bd-8027041beb4b');

INSERT INTO populated_locality ("name", id, region_id)
VALUES ('Белая Церковь', '2c4d01af-fd7d-4ccc-9c2e-d5607e834a70', 'ca715887-a0c6-497a-8877-0db11e8f7122'),
    ('Березань', 'd7fd6655-c257-4593-9557-c045b429bb82', 'ca715887-a0c6-497a-8877-0db11e8f7122'),
    ('Богуслав', '0d5c3333-3ecf-4188-a37a-5ad9ebaf5263', 'ca715887-a0c6-497a-8877-0db11e8f7122'),
    ('Борисполь', '052a1ced-26f6-4c16-8e3d-409dba8b0abe', 'ca715887-a0c6-497a-8877-0db11e8f7122'),
    ('Боярка', 'de017328-7e9d-437b-9e6d-5e74fea8d3bf', 'ca715887-a0c6-497a-8877-0db11e8f7122'),
    ('Бровары', 'fafddd57-1dc4-41bd-8719-a546fc56e570', 'ca715887-a0c6-497a-8877-0db11e8f7122'),
    ('Буча', '8ffb5e7e-543c-4ef8-be77-30abe3a0220d', 'ca715887-a0c6-497a-8877-0db11e8f7122'),
    ('Васильков', '457cabd2-25f4-40ff-aa1f-a487653bed6e', 'ca715887-a0c6-497a-8877-0db11e8f7122'),
    ('Вишнёвое', 'cc047e7b-8528-4343-819b-41388fa27987', 'ca715887-a0c6-497a-8877-0db11e8f7122'),
    ('Вышгород', '9de035de-ef6b-442b-a5e6-c4c24e4da024', 'ca715887-a0c6-497a-8877-0db11e8f7122'),
    ('Ирпень', '97acdeb9-6d30-42d9-9877-ee2b162184d5', 'ca715887-a0c6-497a-8877-0db11e8f7122'),
    ('Кагарлык', 'ed16961d-ee51-47e3-9523-165d4f198ae2', 'ca715887-a0c6-497a-8877-0db11e8f7122'),
    ('Киев', '05245014-0596-468e-bdb4-0968f380d7b2', 'ca715887-a0c6-497a-8877-0db11e8f7122'),
    ('Мироновка', '39ff0fd5-882f-4072-9f4f-6be1f1d4289f', 'ca715887-a0c6-497a-8877-0db11e8f7122'),
    ('Обухов', 'd6cd6906-bdca-426c-ba07-8f280ab5a643', 'ca715887-a0c6-497a-8877-0db11e8f7122'),
    ('Переяслав', '47d444f9-25d0-4309-bdef-a669a921c18f', 'ca715887-a0c6-497a-8877-0db11e8f7122'),
    ('Припять', 'd4f29190-07d4-4622-9b41-27ad775e9ef7', 'ca715887-a0c6-497a-8877-0db11e8f7122'),
    ('Ржищев', '9a4a26ac-9e62-42ca-b8a3-e3dfdb0aa6af', 'ca715887-a0c6-497a-8877-0db11e8f7122'),
    ('Сквира', 'cb71e5a1-f4bc-4ae0-87d8-ea7665d70f9d', 'ca715887-a0c6-497a-8877-0db11e8f7122'),
    ('Славутич', 'a8ecf7ba-d5fc-4b05-81c0-03e46a7e5b82', 'ca715887-a0c6-497a-8877-0db11e8f7122'),
    ('Тараща', '4bcfbe97-a7e1-4b4a-8079-b0face81b745', 'ca715887-a0c6-497a-8877-0db11e8f7122'),
    ('Тетиев', 'f583b6e4-c0dc-491b-8a1b-288d480513ac', 'ca715887-a0c6-497a-8877-0db11e8f7122'),
    ('Узин', 'e09e592e-a4f2-46d6-a6b9-762be9ab0dfa', 'ca715887-a0c6-497a-8877-0db11e8f7122'),
    ('Украинка', '7dc12007-1d09-48ef-9bc5-414ec2444d46', 'ca715887-a0c6-497a-8877-0db11e8f7122'),
    ('Фастов', '2a51f40d-8f8d-47e2-9998-2d40a844afe2', 'ca715887-a0c6-497a-8877-0db11e8f7122'),
    ('Чернобыль', 'b1b2f89c-106c-4557-b680-297e24e7bbda', 'ca715887-a0c6-497a-8877-0db11e8f7122'),
    ('Яготин', 'aec87b2d-4093-4474-978a-a1ac8f29cc3e', 'ca715887-a0c6-497a-8877-0db11e8f7122');
INSERT INTO populated_locality ("name", id, region_id)
VALUES ('Бабинцы', '29b0447d-3887-49cd-ad18-a16eb63b76a9', 'ca715887-a0c6-497a-8877-0db11e8f7122'),
    ('Барышевка', 'e1d5e445-c24a-493a-af2a-fb505c0c2cf5', 'ca715887-a0c6-497a-8877-0db11e8f7122'),
    ('Боровая', '1bb72897-913b-4dc4-ac00-af99b75b5e84', 'ca715887-a0c6-497a-8877-0db11e8f7122'),
    ('Бородянка', 'f9560e9d-2ddf-41cd-89b1-203d7b948c8c', 'ca715887-a0c6-497a-8877-0db11e8f7122'),
    ('Великая Дымерка', 'c404343d-82f9-495e-b0f7-8bd569149e9a', 'ca715887-a0c6-497a-8877-0db11e8f7122'),
    ('Володарка', '94ec740a-9d94-4b56-9584-cc38d84487f0', 'ca715887-a0c6-497a-8877-0db11e8f7122'),
    ('Ворзель', '9a4d9818-1a68-46d5-bbc6-bf0ee623bf07', 'ca715887-a0c6-497a-8877-0db11e8f7122'),
    ('Глеваха', '063cd7bc-aebf-410a-9376-239c8120743f', 'ca715887-a0c6-497a-8877-0db11e8f7122'),
    ('Гостомель', '0f7b4a0e-5a25-4aae-a07c-3848b228fc8d', 'ca715887-a0c6-497a-8877-0db11e8f7122'),
    ('Гребёнки', '62939ac3-6d06-4b79-8ede-f2bb131c5948', 'ca715887-a0c6-497a-8877-0db11e8f7122'),
    ('Дослидницкое', 'fa30f118-705d-4671-984b-9e61990629a8', 'ca715887-a0c6-497a-8877-0db11e8f7122'),
    ('Дымер', '94e89fad-8793-4414-88a4-4e66d559c365', 'ca715887-a0c6-497a-8877-0db11e8f7122'),
    ('Згуровка', '602fdf86-a9f9-4916-b107-c1cc73e89ebf', 'ca715887-a0c6-497a-8877-0db11e8f7122'),
    ('Иванков', '9557ee61-ad7c-434b-9e79-6e865374d9cb', 'ca715887-a0c6-497a-8877-0db11e8f7122'),
    ('Калиновка (Броварский р-н)', '224ad34a-54a5-40fb-9a5f-c656a7271048', 'ca715887-a0c6-497a-8877-0db11e8f7122'),
    ('Калиновка (Васильковский р-н)', '21341559-0e8e-4b3e-ada6-dcaecee2ae0e', 'ca715887-a0c6-497a-8877-0db11e8f7122'),
    ('Калита', '96177f8a-3a51-4eab-877f-f0f2e42c5714', 'ca715887-a0c6-497a-8877-0db11e8f7122'),
    ('Клавдиево-Тарасово', 'de868a79-9735-43b0-bfef-000b87638789', 'ca715887-a0c6-497a-8877-0db11e8f7122'),
    ('Кодра', 'ad04068b-4e72-403e-8a30-9f23836f026c', 'ca715887-a0c6-497a-8877-0db11e8f7122'),
    ('Кожанка', '6fe3bbf2-3690-4649-a9b0-ca10d0954a22', 'ca715887-a0c6-497a-8877-0db11e8f7122'),
    ('Козин', '4fd18d97-8f42-4ed0-8b66-90b6bd30f60b', 'ca715887-a0c6-497a-8877-0db11e8f7122'),
    ('Коцюбинское', 'b746e16d-e790-4597-9c74-7b8098bd07bc', 'ca715887-a0c6-497a-8877-0db11e8f7122'),
    ('Красятичи', '8932f1a8-165a-43a4-a7f6-602c2f4dc073', 'ca715887-a0c6-497a-8877-0db11e8f7122'),
    ('Макаров', 'f0f2ff0c-7b28-404a-bd1b-02576e4dee77', 'ca715887-a0c6-497a-8877-0db11e8f7122'),
    ('Немешаево', 'e3b48358-9238-45d5-bb04-cc8dec0ba40e', 'ca715887-a0c6-497a-8877-0db11e8f7122'),
    ('Песковка', '3179b042-dee4-4b5b-856b-8e0616a114d0', 'ca715887-a0c6-497a-8877-0db11e8f7122'),
    ('Ракитное', '20f9a8b8-5897-48a1-bc5a-a7a8a5fca69d', 'ca715887-a0c6-497a-8877-0db11e8f7122'),
    ('Ставище', '28a8716c-d959-449d-8714-af412d1ea770', 'ca715887-a0c6-497a-8877-0db11e8f7122'),
    ('Терезино', '3c2ca142-b267-4686-80ee-fffdf97a4fe4', 'ca715887-a0c6-497a-8877-0db11e8f7122'),
    ('Чабаны', 'd6cf21cd-08c2-402d-93d8-a7463e4c1403', 'ca715887-a0c6-497a-8877-0db11e8f7122');

INSERT INTO region (id, "name", country_id)
VALUES ('15edad20-ee43-447f-a681-2fc4d17292e0', 'Кировоградская область', 'fba52635-0325-43a2-a2bd-8027041beb4b');

INSERT INTO populated_locality ("name", id, region_id)
VALUES ('Александрия', '3065bfa9-9b80-432a-aafc-1d3090a82393', '15edad20-ee43-447f-a681-2fc4d17292e0'),
    ('Благовещенское', 'b7ff74a7-43cc-4714-9a8b-a04e9a1e49a7', '15edad20-ee43-447f-a681-2fc4d17292e0'),
    ('Бобринец', '219c6ee9-6bac-4ab7-8c23-5b32e7ab0534', '15edad20-ee43-447f-a681-2fc4d17292e0'),
    ('Гайворон', '52fd914f-3c30-4c6e-aed3-02578f2b3def', '15edad20-ee43-447f-a681-2fc4d17292e0'),
    ('Долинская', 'ce21074e-599c-4929-9cf6-a7b1fb275028', '15edad20-ee43-447f-a681-2fc4d17292e0'),
    ('Знаменка', 'b20a0596-1991-4bf6-8329-61658d1de647', '15edad20-ee43-447f-a681-2fc4d17292e0'),
    ('Кропивницкий', 'd456f34c-4fa5-41fe-84a7-bd95829fc5ac', '15edad20-ee43-447f-a681-2fc4d17292e0'),
    ('Малая Виска', 'f1a6a9f2-bf89-4712-a1e8-bcfd811ba17a', '15edad20-ee43-447f-a681-2fc4d17292e0'),
    ('Новомиргород', '122124ca-ef3e-42b4-bdcc-04970830a44b', '15edad20-ee43-447f-a681-2fc4d17292e0'),
    ('Новоукраинка', '58849221-54c7-4211-8c85-afb0e1149eb3', '15edad20-ee43-447f-a681-2fc4d17292e0'),
    ('Помошная', '1d871b25-8640-429a-8696-084fbc12a293', '15edad20-ee43-447f-a681-2fc4d17292e0'),
    ('Светловодск', 'be5f67c9-aeb7-4acc-94ae-7c0bee9a1a48', '15edad20-ee43-447f-a681-2fc4d17292e0');
INSERT INTO populated_locality ("name", id, region_id)
VALUES ('Александровка', 'cec14965-e5c4-40cc-ac33-fcd4eaec7e3c', '15edad20-ee43-447f-a681-2fc4d17292e0'),
    ('Балаховка', '511d7858-4308-4252-9365-0942a4f3b2d8', '15edad20-ee43-447f-a681-2fc4d17292e0'),
    ('Власовка', '46d2b1c2-c9ee-4648-941d-3c5124dd193c', '15edad20-ee43-447f-a681-2fc4d17292e0'),
    ('Голованевск', '7f7b53d4-8fd9-4f28-9950-134586298f92', '15edad20-ee43-447f-a681-2fc4d17292e0'),
    ('Добровеличковка', '6a302018-92a6-42c7-9ae7-2818b306cc93', '15edad20-ee43-447f-a681-2fc4d17292e0'),
    ('Елизаветградка', 'a421488a-a4de-4759-bebe-bd753210b37e', '15edad20-ee43-447f-a681-2fc4d17292e0'),
    ('Завалье', '0137fc6b-6f6d-4867-8818-284588d95ca8', '15edad20-ee43-447f-a681-2fc4d17292e0'),
    ('Знаменка Вторая', 'be587e26-4db5-429d-8711-1b2a18b0e277', '15edad20-ee43-447f-a681-2fc4d17292e0'),
    ('Капитановка', '380b562b-6191-4656-859f-e53351c9969a', '15edad20-ee43-447f-a681-2fc4d17292e0'),
    ('Компанеевка', '785951d3-fe8d-439e-b495-8866619c508a', '15edad20-ee43-447f-a681-2fc4d17292e0'),
    ('Лесовое', '8399cc7a-537e-4ff0-8289-e242049435a9', '15edad20-ee43-447f-a681-2fc4d17292e0'),
    ('Молодёжное', 'a0f906d3-80a9-4b8a-a821-9f18892dca1b', '15edad20-ee43-447f-a681-2fc4d17292e0'),
    ('Новая Прага', '5184f1b9-83a6-43d6-8a03-9aa35a339e60', '15edad20-ee43-447f-a681-2fc4d17292e0'),
    ('Новгородка', 'd7a451cd-f954-4267-9140-450e3b3f8b48', '15edad20-ee43-447f-a681-2fc4d17292e0'),
    ('Новоархангельск', 'fc9bb765-c32d-4f0f-9b13-1e53018f0058', '15edad20-ee43-447f-a681-2fc4d17292e0'),
    ('Новое', 'a0936801-8e4d-4ec8-b2e2-521f728a34c5', '15edad20-ee43-447f-a681-2fc4d17292e0'),
    ('Ольшанка', '96df80cc-4bb4-430d-8855-35239c6a2f67', '15edad20-ee43-447f-a681-2fc4d17292e0'),
    ('Онуфриевка', 'd17b6074-4999-4c12-8b75-e1241724d5b4', '15edad20-ee43-447f-a681-2fc4d17292e0'),
    ('Павлыш', '5794bad5-842f-4011-916a-a1b60ca39715', '15edad20-ee43-447f-a681-2fc4d17292e0'),
    ('Пантаевка', 'f6437853-da7a-49c5-a5c5-c40a88239429', '15edad20-ee43-447f-a681-2fc4d17292e0'),
    ('Петрово', '3783375c-38aa-4c36-84a7-802f32151b3b', '15edad20-ee43-447f-a681-2fc4d17292e0'),
    ('Побугское', 'b4ff0984-d675-4de2-a21b-924f488f5962', '15edad20-ee43-447f-a681-2fc4d17292e0'),
    ('Приютовка', '832e685a-8685-465d-b634-5bfef3dc106c', '15edad20-ee43-447f-a681-2fc4d17292e0'),
    ('Сальково', '34ce367e-c57b-44ad-aa93-335b2f895060', '15edad20-ee43-447f-a681-2fc4d17292e0'),
    ('Смолино', 'd42c1c9a-4274-417b-8e89-6d56667b479f', '15edad20-ee43-447f-a681-2fc4d17292e0'),
    ('Устиновка', '26a2b8a9-e306-4605-b528-9f4ece105f03', '15edad20-ee43-447f-a681-2fc4d17292e0');

INSERT INTO region (id, "name", country_id)
VALUES ('e5327a9b-b01d-4c97-bcfd-d4285b8bfadb', 'Луганская область', 'fba52635-0325-43a2-a2bd-8027041beb4b');

INSERT INTO populated_locality ("name", id, region_id)
VALUES ('Александровск', '1f2399e0-2cea-490c-b480-9129b1b394fa', 'e5327a9b-b01d-4c97-bcfd-d4285b8bfadb'),
    ('Алмазная', '77ce8d28-e579-43d8-8e93-31ae230cc6d7', 'e5327a9b-b01d-4c97-bcfd-d4285b8bfadb'),
    ('Алчевск', 'd1fdbc77-e6d8-4a86-9061-84e237511c6c', 'e5327a9b-b01d-4c97-bcfd-d4285b8bfadb'),
    ('Антрацит', 'dfd34c89-70ab-4a25-b76f-95dac946ecf1', 'e5327a9b-b01d-4c97-bcfd-d4285b8bfadb'),
    ('Артёмовск', 'c6f38f61-4b26-4709-9871-9a85d2d567a2', 'e5327a9b-b01d-4c97-bcfd-d4285b8bfadb'),
    ('Брянка', '05182324-8d63-4e2a-b3df-50e29d18721d', 'e5327a9b-b01d-4c97-bcfd-d4285b8bfadb'),
    ('Вахрушево', '68f7db82-4071-4c30-93f6-33a499bd22e6', 'e5327a9b-b01d-4c97-bcfd-d4285b8bfadb'),
    ('Горское', '9e7efc00-02b3-4efa-9626-54745d36a1e1', 'e5327a9b-b01d-4c97-bcfd-d4285b8bfadb'),
    ('Зимогорье', 'cbd64a3b-ac6c-4acd-ab5a-b6e93109f546', 'e5327a9b-b01d-4c97-bcfd-d4285b8bfadb'),
    ('Золотое', '31373ca1-edab-4985-956b-a36ab4ca27ac', 'e5327a9b-b01d-4c97-bcfd-d4285b8bfadb'),
    ('Зоринск', 'c5287f60-9c8b-4c6e-9a65-ce726dc3ee87', 'e5327a9b-b01d-4c97-bcfd-d4285b8bfadb'),
    ('Ирмино', '416c8a3a-e18d-41e6-aa88-dfc85afee936', 'e5327a9b-b01d-4c97-bcfd-d4285b8bfadb'),
    ('Кировск', '183a1eb5-64b7-4a6a-9852-ce37f26338cb', 'e5327a9b-b01d-4c97-bcfd-d4285b8bfadb'),
    ('Краснодон', 'c4233233-6636-4c0e-b191-90be7ded343b', 'e5327a9b-b01d-4c97-bcfd-d4285b8bfadb'),
    ('Красный Луч', '1a1912a8-4f8f-4d1e-929a-4e8bb23308bb', 'e5327a9b-b01d-4c97-bcfd-d4285b8bfadb'),
    ('Кременная', '1c144190-d4a4-4b9a-a027-3347d66eb4f0', 'e5327a9b-b01d-4c97-bcfd-d4285b8bfadb'),
    ('Лисичанск', '44d3fe09-bd76-4d1e-bf4c-219d870b0998', 'e5327a9b-b01d-4c97-bcfd-d4285b8bfadb'),
    ('Луганск', '3d1800d1-7632-4135-9460-caed666eb54b', 'e5327a9b-b01d-4c97-bcfd-d4285b8bfadb'),
    ('Лутугино', '0c679796-ff8d-4563-9631-97d585ea308e', 'e5327a9b-b01d-4c97-bcfd-d4285b8bfadb'),
    ('Миусинск', '6cd47730-0ec9-4773-a394-e9c0940eadcb', 'e5327a9b-b01d-4c97-bcfd-d4285b8bfadb'),
    ('Молодогвардейск', 'a8229853-16d0-4438-a22a-828ac08ef98b', 'e5327a9b-b01d-4c97-bcfd-d4285b8bfadb'),
    ('Новодружеск', '76b681a4-4d45-4e27-8a20-9ab9be5ce006', 'e5327a9b-b01d-4c97-bcfd-d4285b8bfadb'),
    ('Первомайск', '0d792d8b-c93e-41e9-a7d7-47ec6ccb96b9', 'e5327a9b-b01d-4c97-bcfd-d4285b8bfadb'),
    ('Перевальск', 'db3263a9-0086-43de-8449-c18d0047a91e', 'e5327a9b-b01d-4c97-bcfd-d4285b8bfadb'),
    ('Петровское', '8e6ea16c-63cb-4aea-bb81-da4fbd600495', 'e5327a9b-b01d-4c97-bcfd-d4285b8bfadb'),
    ('Попасная', '299bdb38-d1b1-4a7c-8a5e-4f9164536159', 'e5327a9b-b01d-4c97-bcfd-d4285b8bfadb'),
    ('Приволье', '117f62c6-c940-4215-aafa-fac49b337381', 'e5327a9b-b01d-4c97-bcfd-d4285b8bfadb'),
    ('Ровеньки', '2dd889ab-43b0-4f8e-b9a7-9d83649bd6c5', 'e5327a9b-b01d-4c97-bcfd-d4285b8bfadb'),
    ('Рубежное', '1f010a48-40ed-47ab-82a3-2e0649dd0f9a', 'e5327a9b-b01d-4c97-bcfd-d4285b8bfadb'),
    ('Сватово', '6e6af0fd-5d55-4bbc-9a19-2fb0101837b6', 'e5327a9b-b01d-4c97-bcfd-d4285b8bfadb'),
    ('Свердловск/Должанск', 'ce9b3638-e1e4-46b5-bd53-644d47dd96f9', 'e5327a9b-b01d-4c97-bcfd-d4285b8bfadb'),
    ('Северодонецк', '4ab50239-e74f-47ff-8235-3a9e77920025', 'e5327a9b-b01d-4c97-bcfd-d4285b8bfadb'),
    ('Старобельск', '28731a76-5102-49ab-b7dc-716a49ae74f2', 'e5327a9b-b01d-4c97-bcfd-d4285b8bfadb'),
    ('Стаханов', 'd41062e2-71e7-4fd2-8319-c51a482ef53e', 'e5327a9b-b01d-4c97-bcfd-d4285b8bfadb'),
    ('Суходольск', '1efcd4c3-db2b-4318-aacb-aa6dbd23fe44', 'e5327a9b-b01d-4c97-bcfd-d4285b8bfadb'),
    ('Счастье', '84a51d6a-a2ac-456f-9bdb-8cd8ee91df12', 'e5327a9b-b01d-4c97-bcfd-d4285b8bfadb'),
    ('Червонопартизанск', '23f4a14f-db56-454a-8622-49fa5fd1ab4b', 'e5327a9b-b01d-4c97-bcfd-d4285b8bfadb');
INSERT INTO populated_locality ("name", id, region_id)
VALUES ('Анновка', 'a9271dd2-5bc4-4d3a-9ec4-12e7f6401d7b', 'e5327a9b-b01d-4c97-bcfd-d4285b8bfadb'),
    ('Байрачки', 'f0e3a75c-605c-4679-8909-281bd8877c44', 'e5327a9b-b01d-4c97-bcfd-d4285b8bfadb'),
    ('Беловодск', 'b6706837-8e8e-43dd-ab76-fe0fcb785b50', 'e5327a9b-b01d-4c97-bcfd-d4285b8bfadb'),
    ('Белогоровка', '1de6bd25-55ae-4917-a597-2742b903286a', 'e5327a9b-b01d-4c97-bcfd-d4285b8bfadb'),
    ('Белое', '95d52cc6-168a-4fce-89ed-4971e8709513', 'e5327a9b-b01d-4c97-bcfd-d4285b8bfadb'),
    ('Белокуракино', 'c203d880-e4da-4262-968c-040d6477cf24', 'e5327a9b-b01d-4c97-bcfd-d4285b8bfadb'),
    ('Белолуцк', '73c217a1-9dd2-483b-b86b-4b1e24aebc6d', 'e5327a9b-b01d-4c97-bcfd-d4285b8bfadb'),
    ('Белореченский', '780bf661-2c24-415c-b8b1-fbdd87336378', 'e5327a9b-b01d-4c97-bcfd-d4285b8bfadb'),
    ('Бирюково', '3efbc321-d097-4952-98c1-0462589a42f6', 'e5327a9b-b01d-4c97-bcfd-d4285b8bfadb'),
    ('Боково-Платово', '53bb0dbb-0799-4941-87bb-f90c02b854fe', 'e5327a9b-b01d-4c97-bcfd-d4285b8bfadb'),
    ('Боровское', 'efca8d20-36e4-43bf-aaf2-e4c83b0e7121', 'e5327a9b-b01d-4c97-bcfd-d4285b8bfadb'),
    ('Бугаевка', '53d91a6a-4fcd-4e6b-a425-9a9433091207', 'e5327a9b-b01d-4c97-bcfd-d4285b8bfadb'),
    ('Великий Лог', '13b63b1d-28ef-4a20-85e0-01d57536932f', 'e5327a9b-b01d-4c97-bcfd-d4285b8bfadb'),
    ('Великокаменка', 'b046a34f-6c22-4699-a585-5c30de536c9a', 'e5327a9b-b01d-4c97-bcfd-d4285b8bfadb'),
    ('Вергулёвка', '1bc28589-1164-4ee7-9ddb-9411f6fad934', 'e5327a9b-b01d-4c97-bcfd-d4285b8bfadb'),
    ('Верхний Нагольчик', '05b83eff-0849-4c2c-9ded-69d5c29c7a27', 'e5327a9b-b01d-4c97-bcfd-d4285b8bfadb'),
    ('Володарск', '6c258821-e493-473f-9adc-da2dc65847fe', 'e5327a9b-b01d-4c97-bcfd-d4285b8bfadb'),
    ('Волчеяровка', '9afb1c99-ee6a-4f3d-bcef-d8bfcc351a05', 'e5327a9b-b01d-4c97-bcfd-d4285b8bfadb'),
    ('Вороново', '9cb19d45-7556-47e8-8069-9056310babec', 'e5327a9b-b01d-4c97-bcfd-d4285b8bfadb'),
    ('Врубовка', '9cc5878e-97e7-4ae6-a3e8-4153985173c2', 'e5327a9b-b01d-4c97-bcfd-d4285b8bfadb'),
    ('Врубовский', 'b4bdcb7a-519a-42d9-afb8-b8f40ae85f29', 'e5327a9b-b01d-4c97-bcfd-d4285b8bfadb'),
    ('Георгиевка', '8de5a664-89ac-4562-8156-136a7ef49222', 'e5327a9b-b01d-4c97-bcfd-d4285b8bfadb'),
    ('Глубокий', '197c7a40-daab-40a7-9d89-1f7d0cec4cd8', 'e5327a9b-b01d-4c97-bcfd-d4285b8bfadb'),
    ('Горное', 'f941ac31-1b82-4e81-97ee-f0279c46ab92', 'e5327a9b-b01d-4c97-bcfd-d4285b8bfadb'),
    ('Горняк', '3688c2d5-81fe-4093-8970-be7319bf7a6b', 'e5327a9b-b01d-4c97-bcfd-d4285b8bfadb'),
    ('Городище', '6b493eb2-89ff-475a-bd1b-a5f1ac19abcf', 'e5327a9b-b01d-4c97-bcfd-d4285b8bfadb'),
    ('Грушёвое', '7943b42e-3fd4-43bf-908b-b25a5070653d', 'e5327a9b-b01d-4c97-bcfd-d4285b8bfadb'),
    ('Дзержинский', '8895b230-7fcd-4bc0-ac88-cea6c9b9f575', 'e5327a9b-b01d-4c97-bcfd-d4285b8bfadb'),
    ('Донецкий', '1712ecce-09f5-4b74-9844-c64768001dc9', 'e5327a9b-b01d-4c97-bcfd-d4285b8bfadb'),
    ('Дубовский', '823c3f70-59dc-432a-a20e-afa012eafdcd', 'e5327a9b-b01d-4c97-bcfd-d4285b8bfadb'),
    ('Есауловка', 'e79dff33-f2c6-4238-95cb-a1670a871a98', 'e5327a9b-b01d-4c97-bcfd-d4285b8bfadb'),
    ('Запорожье', 'a22d99a3-3387-46f8-9736-5fb6243296e7', 'e5327a9b-b01d-4c97-bcfd-d4285b8bfadb'),
    ('Ивановка', '79b7a6c4-ae82-456f-8aaf-5eff66007aaf', 'e5327a9b-b01d-4c97-bcfd-d4285b8bfadb'),
    ('Изварино', 'ab4f5e79-f108-4e3b-9b7a-f8128c58287d', 'e5327a9b-b01d-4c97-bcfd-d4285b8bfadb'),
    ('Калининский', '66daacb3-2fd9-47c9-984f-609516e0e13d', 'e5327a9b-b01d-4c97-bcfd-d4285b8bfadb'),
    ('Калиново', 'b921a5e7-c735-412a-b05e-dbc7114bd9b9', 'e5327a9b-b01d-4c97-bcfd-d4285b8bfadb'),
    ('Каменное', '06121962-495e-4502-86ba-60b1257f530b', 'e5327a9b-b01d-4c97-bcfd-d4285b8bfadb'),
    ('Камышеваха', '54dd1415-d206-405f-a72d-2e95a0b39c1e', 'e5327a9b-b01d-4c97-bcfd-d4285b8bfadb'),
    ('Кленовый', 'b143d031-1c2a-4f77-a926-2ba953aa9c08', 'e5327a9b-b01d-4c97-bcfd-d4285b8bfadb'),
    ('Княгиневка', 'c3554db7-3fc5-4b47-826a-97987bfa4409', 'e5327a9b-b01d-4c97-bcfd-d4285b8bfadb'),
    ('Комиссаровка', 'e225f5fb-ebe3-4fdd-8e5a-afe62cd64150', 'e5327a9b-b01d-4c97-bcfd-d4285b8bfadb'),
    ('Комсомольский', '1717eb7d-26eb-4ea5-9706-d1a5772d0fc3', 'e5327a9b-b01d-4c97-bcfd-d4285b8bfadb'),
    ('Краснодарский', 'c8d94af0-4189-4f58-8b2e-c8905455865a', 'e5327a9b-b01d-4c97-bcfd-d4285b8bfadb'),
    ('Краснодон', 'f279a43a-2337-41d9-9da0-40e29a165481', 'e5327a9b-b01d-4c97-bcfd-d4285b8bfadb'),
    ('Краснореченское', '099f6927-5bcb-451d-a052-d7226b630013', 'e5327a9b-b01d-4c97-bcfd-d4285b8bfadb'),
    ('Красный Кут', 'ec33e2c2-3860-4fd8-bb86-d593cc15d2bf', 'e5327a9b-b01d-4c97-bcfd-d4285b8bfadb'),
    ('Крепенский', '356262c9-a6c6-4ecc-8737-176dbcf984eb', 'e5327a9b-b01d-4c97-bcfd-d4285b8bfadb'),
    ('Ленина', 'c7decbb4-5050-4fcb-9fb8-fa50c9957910', 'e5327a9b-b01d-4c97-bcfd-d4285b8bfadb'),
    ('Ленинское', '797d3b88-1397-40dc-8569-f19d105dc829', 'e5327a9b-b01d-4c97-bcfd-d4285b8bfadb'),
    ('Лозно-Александровка', '55ae1cd6-87b0-4b4f-b41c-ac52add1f237', 'e5327a9b-b01d-4c97-bcfd-d4285b8bfadb'),
    ('Лозовский', 'e2f91f15-4250-40d7-ba93-f43f86da28fd', 'e5327a9b-b01d-4c97-bcfd-d4285b8bfadb'),
    ('Ломоватка', 'e0f19621-fceb-459a-8a0e-94ade1c241b1', 'e5327a9b-b01d-4c97-bcfd-d4285b8bfadb'),
    ('Лотиково', 'cef56481-8aa5-4b19-8ffe-ce1f702c6db4', 'e5327a9b-b01d-4c97-bcfd-d4285b8bfadb'),
    ('Малониколаевка', '08d59902-f7d5-46f5-b359-47415f9435cb', 'e5327a9b-b01d-4c97-bcfd-d4285b8bfadb'),
    ('Малорязанцево', '5cd1050f-d2a7-466d-b7cd-d4dd6298705a', 'e5327a9b-b01d-4c97-bcfd-d4285b8bfadb'),
    ('Марковка', '9420f761-637e-425a-976e-7f50319fab04', 'e5327a9b-b01d-4c97-bcfd-d4285b8bfadb'),
    ('Меловое', '435a53b4-4390-4b55-a0f8-4dc0ac5648d1', 'e5327a9b-b01d-4c97-bcfd-d4285b8bfadb'),
    ('Метёлкино', '95fa11c4-99d5-426a-8867-edd305e21689', 'e5327a9b-b01d-4c97-bcfd-d4285b8bfadb'),
    ('Мирная Долина', 'fd74039d-8a98-461c-bc03-11ac2de53173', 'e5327a9b-b01d-4c97-bcfd-d4285b8bfadb'),
    ('Мирное', 'ef86f395-cf10-4cec-aae1-4b06658f47fe', 'e5327a9b-b01d-4c97-bcfd-d4285b8bfadb'),
    ('Михайловка (Перевальский р-н)', '620cb94d-338c-4cfd-a880-520132f6cf94', 'e5327a9b-b01d-4c97-bcfd-d4285b8bfadb'),
    ('Михайловка (Ровеньковский горсовет)', 'bd1d6c50-abe9-49fa-b7a7-68ce3c3f9202', 'e5327a9b-b01d-4c97-bcfd-d4285b8bfadb'),
    ('Нагольно-Тарасовка', 'cad92405-ae21-4555-9258-e2b525a40b4b', 'e5327a9b-b01d-4c97-bcfd-d4285b8bfadb'),
    ('Нижнее', '2b0560af-8e2f-4382-899f-62c0e7d56a70', 'e5327a9b-b01d-4c97-bcfd-d4285b8bfadb'),
    ('Нижний Нагольчик', 'c6a2f171-4668-4e58-a7c0-110a05dba26a', 'e5327a9b-b01d-4c97-bcfd-d4285b8bfadb'),
    ('Нижняя Дуванка', 'dc3154c3-b878-4322-8e04-1b57786a0a06', 'e5327a9b-b01d-4c97-bcfd-d4285b8bfadb'),
    ('Новоайдар', 'f9a0bda2-71cc-48fe-a921-94a0f5fbfe6a', 'e5327a9b-b01d-4c97-bcfd-d4285b8bfadb'),
    ('Новоалександровка', '794ee257-3fb9-4838-8bde-a4cd184f1610', 'e5327a9b-b01d-4c97-bcfd-d4285b8bfadb'),
    ('Новодарьевка', '2714e6ef-0052-4df6-9d01-8f58bd8cbb77', 'e5327a9b-b01d-4c97-bcfd-d4285b8bfadb'),
    ('Новопсков', 'b49299e8-d5b8-41fa-b0c2-248f2e043488', 'e5327a9b-b01d-4c97-bcfd-d4285b8bfadb'),
    ('Новосветловка', '72f8c98f-18e0-4893-837f-63da00f62516', 'e5327a9b-b01d-4c97-bcfd-d4285b8bfadb'),
    ('Новотошковское', 'f93e90cf-872b-498b-b1ec-a0866c9d18cc', 'e5327a9b-b01d-4c97-bcfd-d4285b8bfadb'),
    ('Павловка', '58ee02a8-e847-4983-8869-aca8a60d380e', 'e5327a9b-b01d-4c97-bcfd-d4285b8bfadb'),
    ('Петропавловка', 'd7ae08b7-dbb6-4f06-a7b3-3fe7d5ad146b', 'e5327a9b-b01d-4c97-bcfd-d4285b8bfadb'),
    ('Пролетарский', '3cb6b963-e20d-4b71-ae5a-2ff025888dc7', 'e5327a9b-b01d-4c97-bcfd-d4285b8bfadb'),
    ('Родаково', '17c209a4-78ba-4a81-a0ca-adbd09795b34', 'e5327a9b-b01d-4c97-bcfd-d4285b8bfadb'),
    ('Садово-Хрустальненский', 'dc924c6f-130e-47a2-a973-db6e1ff20657', 'e5327a9b-b01d-4c97-bcfd-d4285b8bfadb'),
    ('Северный', 'aa6a2d8b-20fb-4844-96d2-b2852b1e3258', 'e5327a9b-b01d-4c97-bcfd-d4285b8bfadb'),
    ('Северо-Гундоровский', '87a51a9b-9760-4e08-ae62-8d0150e4d529', 'e5327a9b-b01d-4c97-bcfd-d4285b8bfadb'),
    ('Селезнёвка', '35b064a0-b78d-4226-ac18-96277247cb18', 'e5327a9b-b01d-4c97-bcfd-d4285b8bfadb'),
    ('Семейкино', '84eb9881-7871-45ac-b797-382c6518b46b', 'e5327a9b-b01d-4c97-bcfd-d4285b8bfadb'),
    ('Сиротино', 'a057928c-ee77-471e-a5b6-9a17e6509130', 'e5327a9b-b01d-4c97-bcfd-d4285b8bfadb'),
    ('Славяносербск', '4ab4bcbb-a2db-49ff-80a2-417a40614474', 'e5327a9b-b01d-4c97-bcfd-d4285b8bfadb'),
    ('Софиевский', 'f92f90d7-6d4d-4d07-86e7-f808ed8ffe8a', 'e5327a9b-b01d-4c97-bcfd-d4285b8bfadb'),
    ('Станица Луганская', '8c031106-301e-4e7b-99d1-42558bb343fc', 'e5327a9b-b01d-4c97-bcfd-d4285b8bfadb'),
    ('Таловое', '2dded2b4-1cf3-4594-a3cd-9b1a48af19dc', 'e5327a9b-b01d-4c97-bcfd-d4285b8bfadb'),
    ('Тацино', '46d53811-6599-4435-8275-011713c9de72', 'e5327a9b-b01d-4c97-bcfd-d4285b8bfadb'),
    ('Тошковка', 'ac270169-259e-4faf-9498-459b8bd4ca3f', 'e5327a9b-b01d-4c97-bcfd-d4285b8bfadb'),
    ('Троицкое', 'e6650696-8369-4f6a-8b66-b295642e3443', 'e5327a9b-b01d-4c97-bcfd-d4285b8bfadb'),
    ('Урало-Кавказ', 'd8866ef0-bdea-4cc2-bcaf-012535e152e2', 'e5327a9b-b01d-4c97-bcfd-d4285b8bfadb'),
    ('Успенка', '58086c8f-5eb0-4bec-b8ab-3c902b0809e0', 'e5327a9b-b01d-4c97-bcfd-d4285b8bfadb'),
    ('Фащевка (Антрацитовский р-н)', 'd3baae2c-7c60-4c71-af35-9e5edbbf5fb3', 'e5327a9b-b01d-4c97-bcfd-d4285b8bfadb'),
    ('Фащевка (Перевальский р-н)', '73e900c6-3ed5-44cd-9d33-b0c95518fc35', 'e5327a9b-b01d-4c97-bcfd-d4285b8bfadb'),
    ('Фёдоровка', 'f1d28172-83a2-4bdc-b0fd-08199da792aa', 'e5327a9b-b01d-4c97-bcfd-d4285b8bfadb'),
    ('Фрунзе', '43dc12d4-61b0-4b36-93e0-39789c8ca00f', 'e5327a9b-b01d-4c97-bcfd-d4285b8bfadb'),
    ('Хрустальное', '9688824a-20ba-4ecd-ae2e-030e7325d738', 'e5327a9b-b01d-4c97-bcfd-d4285b8bfadb'),
    ('Центральный', 'fff84de2-314f-407f-bba9-2d667f0e6e5b', 'e5327a9b-b01d-4c97-bcfd-d4285b8bfadb'),
    ('Челюскинец', '6f58a6a7-1759-477b-98f2-a3659c1ae216', 'e5327a9b-b01d-4c97-bcfd-d4285b8bfadb'),
    ('Червоногвардейское', '0db17b8d-e126-443d-af74-67d696acd230', 'e5327a9b-b01d-4c97-bcfd-d4285b8bfadb'),
    ('Чернухино', 'db3ee09c-68ce-411e-a038-dcb8366f8585', 'e5327a9b-b01d-4c97-bcfd-d4285b8bfadb'),
    ('Шахтёрское', '25fbf550-03d3-4a51-9a9e-d7c1e5ff1086', 'e5327a9b-b01d-4c97-bcfd-d4285b8bfadb'),
    ('Штеровка', 'e260a3c3-0f07-4490-8fcf-4d638f251ee5', 'e5327a9b-b01d-4c97-bcfd-d4285b8bfadb'),
    ('Щётово', 'a000a3af-0959-4acf-abb0-3d138523957a', 'e5327a9b-b01d-4c97-bcfd-d4285b8bfadb'),
    ('Энгельсово', '0b90c2b2-2731-4031-8da1-66b45e756637', 'e5327a9b-b01d-4c97-bcfd-d4285b8bfadb'),
    ('Юбилейное', '49c71ebf-9b6c-4553-be73-64662192723a', 'e5327a9b-b01d-4c97-bcfd-d4285b8bfadb'),
    ('Южная Ломоватка', '8725c2a5-c87f-4b7f-995b-61d17184d627', 'e5327a9b-b01d-4c97-bcfd-d4285b8bfadb'),
    ('Юрьевка', '5b6bdf24-9c27-4e49-b133-e26565537835', 'e5327a9b-b01d-4c97-bcfd-d4285b8bfadb'),
    ('Ясеновский', '603c9f30-944d-4955-b6cc-3fb0eda77464', 'e5327a9b-b01d-4c97-bcfd-d4285b8bfadb'),
    ('Ящиково', '8710ea7c-0901-4da1-8276-2d94b010a478', 'e5327a9b-b01d-4c97-bcfd-d4285b8bfadb');

INSERT INTO region (id, "name", country_id)
VALUES ('2138efde-ad40-40bd-8b02-9687b0d223bd', 'Львовская область', 'fba52635-0325-43a2-a2bd-8027041beb4b');

INSERT INTO populated_locality ("name", id, region_id)
VALUES ('Белз', 'a91ce51d-f2b6-4671-8969-5de908097a76', '2138efde-ad40-40bd-8b02-9687b0d223bd'),
    ('Бобрка', '83880c3e-77a6-4e65-b043-a42ea877df4e', '2138efde-ad40-40bd-8b02-9687b0d223bd'),
    ('Борислав', 'd0e5a4c1-feb2-434d-bfd8-6d38d4b8138f', '2138efde-ad40-40bd-8b02-9687b0d223bd'),
    ('Броды', 'f03ed1d4-bc46-403c-b8c2-e1e48592a6d2', '2138efde-ad40-40bd-8b02-9687b0d223bd'),
    ('Буск', '6e6bb9e0-03b0-474c-a63c-73794113743e', '2138efde-ad40-40bd-8b02-9687b0d223bd'),
    ('Великие Мосты', '120ca970-88a1-4558-8d0c-59023daf9f3e', '2138efde-ad40-40bd-8b02-9687b0d223bd'),
    ('Винники', 'a0bb571c-2c15-470e-b63d-cb6696d41505', '2138efde-ad40-40bd-8b02-9687b0d223bd'),
    ('Глиняны', '626feaf1-9eb7-4651-af3b-a92bc50c988e', '2138efde-ad40-40bd-8b02-9687b0d223bd'),
    ('Городок', '501f94e6-fbaf-4513-acd6-5047baf29d71', '2138efde-ad40-40bd-8b02-9687b0d223bd'),
    ('Добромиль', '3003fcdf-e346-422d-b865-54772772f531', '2138efde-ad40-40bd-8b02-9687b0d223bd'),
    ('Дрогобыч', '623f4ff9-6278-4025-84b5-6aeec3701020', '2138efde-ad40-40bd-8b02-9687b0d223bd'),
    ('Дубляны', 'abb122e8-da98-4595-b9b7-1d09dacd3a99', '2138efde-ad40-40bd-8b02-9687b0d223bd'),
    ('Жидачов', '83b9a9ab-a2db-4a2a-93d9-a09e0a975625', '2138efde-ad40-40bd-8b02-9687b0d223bd'),
    ('Жолква', '664a98b0-5390-44c8-a210-e60fc33e2fdf', '2138efde-ad40-40bd-8b02-9687b0d223bd'),
    ('Золочев', 'f7df204e-74ba-4d9e-896c-79b92a1fe2d7', '2138efde-ad40-40bd-8b02-9687b0d223bd'),
    ('Каменка-Бугская', 'fd45c00a-0ebd-44e8-bf98-02ce8fee45e1', '2138efde-ad40-40bd-8b02-9687b0d223bd'),
    ('Комарно', '54a36618-0d10-417f-9e6c-41ec87c932bc', '2138efde-ad40-40bd-8b02-9687b0d223bd'),
    ('Львов', 'f77595f5-9824-472a-a620-e04d8b47e6f7', '2138efde-ad40-40bd-8b02-9687b0d223bd'),
    ('Моршин', '7151e567-9189-40cd-b800-1329b1a5deea', '2138efde-ad40-40bd-8b02-9687b0d223bd'),
    ('Мостиска', 'bc19ee73-77ac-4128-90b3-abd5283d8aa0', '2138efde-ad40-40bd-8b02-9687b0d223bd'),
    ('Николаев', '47553015-8071-457d-9592-9b8dbac14644', '2138efde-ad40-40bd-8b02-9687b0d223bd'),
    ('Новояворовск', '50780aae-bed1-4a1e-b81f-3fc9a0f70c0c', '2138efde-ad40-40bd-8b02-9687b0d223bd'),
    ('Новый Калинов', '28d37d4a-1a11-42c8-bd69-63ad16dbcf24', '2138efde-ad40-40bd-8b02-9687b0d223bd'),
    ('Новый Роздол', 'bac005a2-e256-4653-885e-76b31c17b7ce', '2138efde-ad40-40bd-8b02-9687b0d223bd'),
    ('Перемышляны', 'cc61db6a-bd3f-4379-a960-88f64f8132b2', '2138efde-ad40-40bd-8b02-9687b0d223bd'),
    ('Пустомыты', '3eeeecef-d785-412a-8cbd-71bcbae70426', '2138efde-ad40-40bd-8b02-9687b0d223bd'),
    ('Рава-Русская', '0f096019-cc3b-4139-9218-753616eae340', '2138efde-ad40-40bd-8b02-9687b0d223bd'),
    ('Радехов', '1cd0b0f0-3e17-493d-9359-c7484a429626', '2138efde-ad40-40bd-8b02-9687b0d223bd'),
    ('Рудки', '43746fb0-f56e-47cd-8ec2-99330622876c', '2138efde-ad40-40bd-8b02-9687b0d223bd'),
    ('Самбор', '48be80f5-79f2-4e11-81e0-26a3546f743c', '2138efde-ad40-40bd-8b02-9687b0d223bd'),
    ('Сколе', 'f8de0511-ef80-4fbe-8df9-b1f0e32bf390', '2138efde-ad40-40bd-8b02-9687b0d223bd'),
    ('Сокаль', '9f0ed72b-46e8-478b-997b-7fee9085ace4', '2138efde-ad40-40bd-8b02-9687b0d223bd'),
    ('Сосновка', '67b15682-b355-4a79-a565-221f2e8c815c', '2138efde-ad40-40bd-8b02-9687b0d223bd'),
    ('Старый Самбор', '57b6faea-7478-4b09-a540-6224ec1018c1', '2138efde-ad40-40bd-8b02-9687b0d223bd'),
    ('Стебник', 'f5cf2ce8-614c-4081-a52e-5986214a8325', '2138efde-ad40-40bd-8b02-9687b0d223bd'),
    ('Стрый', 'bb851010-d841-45eb-a149-c043294c0531', '2138efde-ad40-40bd-8b02-9687b0d223bd'),
    ('Судовая Вишня', '101e6754-f01e-443f-b45b-d321f17afbd3', '2138efde-ad40-40bd-8b02-9687b0d223bd'),
    ('Трускавец', '02990ce4-122b-4d80-87fc-cf68cbab2200', '2138efde-ad40-40bd-8b02-9687b0d223bd'),
    ('Турка', 'ba756ff8-6e52-4fce-b176-20a72870a59e', '2138efde-ad40-40bd-8b02-9687b0d223bd'),
    ('Угнев', 'a8b2e9df-158d-4877-9338-725abf188183', '2138efde-ad40-40bd-8b02-9687b0d223bd'),
    ('Ходоров', '8b9761fd-2032-46c2-b28c-8241157929df', '2138efde-ad40-40bd-8b02-9687b0d223bd'),
    ('Хыров', '6bcb6852-e672-42b0-ac69-9513aed81c25', '2138efde-ad40-40bd-8b02-9687b0d223bd'),
    ('Червоноград', '19614fc8-9096-46d7-b6c8-ee38ff084169', '2138efde-ad40-40bd-8b02-9687b0d223bd'),
    ('Яворов', 'eb6ce4b9-9eba-4738-a6f5-fa55ee8830f5', '2138efde-ad40-40bd-8b02-9687b0d223bd');
INSERT INTO populated_locality ("name", id, region_id)
VALUES ('Борыня', 'a15c3f33-acfc-432f-b67e-ca75ff433eea', '2138efde-ad40-40bd-8b02-9687b0d223bd'),
    ('Брюховичи', '611f5214-594d-41af-b43a-99b8989e9d83', '2138efde-ad40-40bd-8b02-9687b0d223bd'),
    ('Великий Любень', '6692eedd-fa31-473b-ac1e-22cdb1f28621', '2138efde-ad40-40bd-8b02-9687b0d223bd'),
    ('Верхнее Синевидное', 'eee3ef1e-15ca-4c03-952c-7c30ce22915f', '2138efde-ad40-40bd-8b02-9687b0d223bd'),
    ('Гнездычев', '1a68a023-98ea-4c5a-865c-c1b047076a1a', '2138efde-ad40-40bd-8b02-9687b0d223bd'),
    ('Горняк', '8d62ca2a-ef77-403c-9359-97183c46b651', '2138efde-ad40-40bd-8b02-9687b0d223bd'),
    ('Дашава', 'd2a3bd0b-8934-41a5-9b0d-09be886029e0', '2138efde-ad40-40bd-8b02-9687b0d223bd'),
    ('Добротвор', 'a3c480c6-3803-421b-8a69-100ccf68d748', '2138efde-ad40-40bd-8b02-9687b0d223bd'),
    ('Дубляны', '56aea95b-748c-446b-ba4d-8f7f1a01ac62', '2138efde-ad40-40bd-8b02-9687b0d223bd'),
    ('Жвирка', '7c68db47-74ab-45d4-9306-eaa7612ce99c', '2138efde-ad40-40bd-8b02-9687b0d223bd'),
    ('Журавно', 'affd572a-cabb-46fe-8c7c-07bc11481efc', '2138efde-ad40-40bd-8b02-9687b0d223bd'),
    ('Запытов', '4434ad91-94de-4af6-8c2f-f4879e26364d', '2138efde-ad40-40bd-8b02-9687b0d223bd'),
    ('Ивано-Франково', '83b6215d-0dab-408e-a74d-2f6a64d8c707', '2138efde-ad40-40bd-8b02-9687b0d223bd'),
    ('Краковец', '90d7f0d5-b318-4bbb-9c62-8d8022d7d0dc', '2138efde-ad40-40bd-8b02-9687b0d223bd'),
    ('Красное', '3a0dad45-1f7a-48ad-abe2-0357fa90931a', '2138efde-ad40-40bd-8b02-9687b0d223bd'),
    ('Куликов', '31c66816-1215-41d5-bf83-64751081dc21', '2138efde-ad40-40bd-8b02-9687b0d223bd'),
    ('Лопатин', '565e0744-a815-4e06-9626-dbbf42415fce', '2138efde-ad40-40bd-8b02-9687b0d223bd'),
    ('Магеров', 'ae09d5b3-de39-48b2-bc9a-e82cc4a0ef30', '2138efde-ad40-40bd-8b02-9687b0d223bd'),
    ('Меденичи', '1af9ca8d-6f9c-48e6-bf56-02151c8c08be', '2138efde-ad40-40bd-8b02-9687b0d223bd'),
    ('Немиров', '14b88f6e-e0aa-4f36-bc58-123e18185628', '2138efde-ad40-40bd-8b02-9687b0d223bd'),
    ('Нижанковичи', 'aa2e543d-9cd2-4c92-ab9f-66bb38107eb9', '2138efde-ad40-40bd-8b02-9687b0d223bd'),
    ('Новые Стрелища', '5412e43e-44ad-4e06-88b3-e44979f6059e', '2138efde-ad40-40bd-8b02-9687b0d223bd'),
    ('Новый Ярычев', 'f32b0351-c135-4ab4-8d18-de5469514343', '2138efde-ad40-40bd-8b02-9687b0d223bd'),
    ('Олеско', '0350bdbb-80aa-4266-803a-1d89e0320ba6', '2138efde-ad40-40bd-8b02-9687b0d223bd'),
    ('Подбуж', '02835301-408d-4ee0-b3e0-3b6672f44d5a', '2138efde-ad40-40bd-8b02-9687b0d223bd'),
    ('Подкамень', '5d2e8f6b-823c-404b-8cb9-27c496329cb0', '2138efde-ad40-40bd-8b02-9687b0d223bd'),
    ('Поморяны', '4481bce3-cc1f-4646-b02e-3d9cb2f5f314', '2138efde-ad40-40bd-8b02-9687b0d223bd'),
    ('Роздол', 'c2aae1da-1a10-4acb-aeed-024825561bff', '2138efde-ad40-40bd-8b02-9687b0d223bd'),
    ('Рудно', 'd0c108f6-2305-4b85-88b2-0125a04ff483', '2138efde-ad40-40bd-8b02-9687b0d223bd'),
    ('Славское', '3a817a06-0141-4fe3-910e-f43dff9722a2', '2138efde-ad40-40bd-8b02-9687b0d223bd'),
    ('Старая Соль', '5b0ecd85-b708-48f2-9f58-deea8db6e39a', '2138efde-ad40-40bd-8b02-9687b0d223bd'),
    ('Сходница', '3770ee1c-2766-4215-b22a-f059ff0b82f9', '2138efde-ad40-40bd-8b02-9687b0d223bd'),
    ('Шкло', '877fcd28-f4c4-42d4-bd95-f34e7b1651f1', '2138efde-ad40-40bd-8b02-9687b0d223bd'),
    ('Щирец', '1414ebbd-1c8a-4c26-ab97-6813dbfd17ff', '2138efde-ad40-40bd-8b02-9687b0d223bd');

INSERT INTO region (id, "name", country_id)
VALUES ('77cdde99-3586-4aa1-9bbd-fbfca13944d9', 'Николаевская область', 'fba52635-0325-43a2-a2bd-8027041beb4b');

INSERT INTO populated_locality ("name", id, region_id)
VALUES ('Баштанка', '6e6639e9-4f0c-450d-b951-83690fb48e86', '77cdde99-3586-4aa1-9bbd-fbfca13944d9'),
    ('Вознесенск', '1a0214e7-bfa3-4507-b0ce-3a007ddcc52b', '77cdde99-3586-4aa1-9bbd-fbfca13944d9'),
    ('Николаев', '8aca5f5d-7a77-4cab-8bc4-56670d4f95ee', '77cdde99-3586-4aa1-9bbd-fbfca13944d9'),
    ('Новая Одесса', 'cccf0563-4dde-4b87-aed6-6faf505baf60', '77cdde99-3586-4aa1-9bbd-fbfca13944d9'),
    ('Новый Буг', '5e1014c6-dff7-4524-92ff-4b1f42b45574', '77cdde99-3586-4aa1-9bbd-fbfca13944d9'),
    ('Очаков', '066b30b3-f407-4db7-99e3-0ef3c3b0d3c4', '77cdde99-3586-4aa1-9bbd-fbfca13944d9'),
    ('Первомайск', '5aef0c3b-1610-49d3-973b-fce3078af48b', '77cdde99-3586-4aa1-9bbd-fbfca13944d9'),
    ('Снигирёвка', '840c6144-5b47-4439-a4e7-7d21771aed59', '77cdde99-3586-4aa1-9bbd-fbfca13944d9'),
    ('Южноукраинск', 'a32f6798-d4d3-4334-972c-ca2bf0ce8067', '77cdde99-3586-4aa1-9bbd-fbfca13944d9');
INSERT INTO populated_locality ("name", id, region_id)
VALUES ('Александровка', 'a5c49cb0-6a59-4c5c-9437-2ccd90e8d590', '77cdde99-3586-4aa1-9bbd-fbfca13944d9'),
    ('Арбузинка', '527aa0d3-71d0-422b-a3c2-2367ce868afc', '77cdde99-3586-4aa1-9bbd-fbfca13944d9'),
    ('Березанка', '931f68ee-e6a4-4f57-882f-e9daf8910cf1', '77cdde99-3586-4aa1-9bbd-fbfca13944d9'),
    ('Березнеговатое', '324df602-64fe-4977-888f-d62fe303b4c3', '77cdde99-3586-4aa1-9bbd-fbfca13944d9'),
    ('Братское', 'f8a9f7da-4a78-4ba3-bb14-c458e6c4b3e9', '77cdde99-3586-4aa1-9bbd-fbfca13944d9'),
    ('Веселиново', 'bf1c68f8-38ce-4282-9ec7-75ef5c1ba3be', '77cdde99-3586-4aa1-9bbd-fbfca13944d9'),
    ('Воскресенское', '72cda568-cfa0-4b90-8be6-ac3c27b4c8fa', '77cdde99-3586-4aa1-9bbd-fbfca13944d9'),
    ('Врадиевка', 'a53dc293-c10d-42ff-89b0-705f9def2627', '77cdde99-3586-4aa1-9bbd-fbfca13944d9'),
    ('Доманёвка', 'bdfac0b4-be01-4932-9f5e-e4a6ae26b1da', '77cdde99-3586-4aa1-9bbd-fbfca13944d9'),
    ('Еланец', '6e359517-f361-46c1-937a-92a6f4b1156e', '77cdde99-3586-4aa1-9bbd-fbfca13944d9'),
    ('Казанка', '7885b032-639f-48d7-ab25-301568201d96', '77cdde99-3586-4aa1-9bbd-fbfca13944d9'),
    ('Константиновка', '3a951888-457b-4d68-bcf6-15478d5b4915', '77cdde99-3586-4aa1-9bbd-fbfca13944d9'),
    ('Кривое Озеро', '7468edfa-e7ae-4225-a1c9-16c3769774ae', '77cdde99-3586-4aa1-9bbd-fbfca13944d9'),
    ('Ольшанское', 'c0e21e86-889a-43eb-84f1-aa46bf1420d4', '77cdde99-3586-4aa1-9bbd-fbfca13944d9'),
    ('Первомайское', '1331e2c9-f744-465d-90b1-3257ec7029d8', '77cdde99-3586-4aa1-9bbd-fbfca13944d9'),
    ('Подгородная', '24364594-c4fd-459d-a771-b0f605c88ba5', '77cdde99-3586-4aa1-9bbd-fbfca13944d9'),
    ('Токаревка', 'f961a4a7-1eed-418c-8dbd-54b6899c4934', '77cdde99-3586-4aa1-9bbd-fbfca13944d9');

INSERT INTO region (id, "name", country_id)
VALUES ('dea6704f-fb38-49b5-a7cd-648096bfb098', 'Одесская область', 'fba52635-0325-43a2-a2bd-8027041beb4b');

INSERT INTO populated_locality ("name", id, region_id)
VALUES ('Ананьев', '2eb30ea8-1c50-403f-9e87-1512679eacbd', 'dea6704f-fb38-49b5-a7cd-648096bfb098'),
    ('Арциз', 'b8f25423-b045-4ef0-a083-c6369e3d4df6', 'dea6704f-fb38-49b5-a7cd-648096bfb098'),
    ('Балта', '45239de0-9352-4230-a57e-c075559df4c8', 'dea6704f-fb38-49b5-a7cd-648096bfb098'),
    ('Белгород-Днестровский', 'b2803f50-7bf7-4380-b492-d2ac9d63f1c4', 'dea6704f-fb38-49b5-a7cd-648096bfb098'),
    ('Беляевка', '34538448-c99e-4030-a782-70c0dae84a19', 'dea6704f-fb38-49b5-a7cd-648096bfb098'),
    ('Березовка', '030ac02c-e6a8-4807-bdb1-c9d8a08fdcbb', 'dea6704f-fb38-49b5-a7cd-648096bfb098'),
    ('Болград', 'a3e5f94e-a5df-4574-b84d-11ce62eaa99a', 'dea6704f-fb38-49b5-a7cd-648096bfb098'),
    ('Вилково', '6fb47f7d-0c3f-4bd2-92ed-f161b0289fbc', 'dea6704f-fb38-49b5-a7cd-648096bfb098'),
    ('Измаил', 'a8a672d3-1461-4e71-8b7f-4ffd9e078cde', 'dea6704f-fb38-49b5-a7cd-648096bfb098'),
    ('Килия', 'ce27592c-693c-444a-bca3-dab0e92cd118', 'dea6704f-fb38-49b5-a7cd-648096bfb098'),
    ('Кодыма', 'd41282bf-bf92-45da-8962-d8a01b22f0ef', 'dea6704f-fb38-49b5-a7cd-648096bfb098'),
    ('Одесса', 'c5bed093-849b-4c31-a17b-c3362e1fa92e', 'dea6704f-fb38-49b5-a7cd-648096bfb098'),
    ('Подольск', '29293f82-29ca-45b0-bcb6-5171ee8595dc', 'dea6704f-fb38-49b5-a7cd-648096bfb098'),
    ('Раздельная', 'b6bfbaa8-59a2-4204-9fbb-0f90413cab5b', 'dea6704f-fb38-49b5-a7cd-648096bfb098'),
    ('Рени', '917b9a86-95c4-4701-8412-bafdf58e6c15', 'dea6704f-fb38-49b5-a7cd-648096bfb098'),
    ('Татарбунары', 'afba7194-42df-42f1-b32f-cb84bde038a9', 'dea6704f-fb38-49b5-a7cd-648096bfb098'),
    ('Теплодар', '8daca98d-abc1-4465-baf7-38cdfd9e06bb', 'dea6704f-fb38-49b5-a7cd-648096bfb098'),
    ('Черноморск', 'e6967981-51a3-4f24-9ee8-e6cb5c2d778b', 'dea6704f-fb38-49b5-a7cd-648096bfb098'),
    ('Южное (Южный)', '175f3cbe-e162-4596-b5b3-49af2852e427', 'dea6704f-fb38-49b5-a7cd-648096bfb098');
INSERT INTO populated_locality ("name", id, region_id)
VALUES ('Авангард', '68ba0c67-9b06-44bd-a6da-b9f153593f15', 'dea6704f-fb38-49b5-a7cd-648096bfb098'),
    ('Александровка', '1cefb6e3-0244-4964-8143-22819c1f45de', 'dea6704f-fb38-49b5-a7cd-648096bfb098'),
    ('Березино', 'a7f36cae-487e-493f-a78e-36fb54cae680', 'dea6704f-fb38-49b5-a7cd-648096bfb098'),
    ('Бородино', '3e81aa67-fe22-484d-bf96-e1ff10223e41', 'dea6704f-fb38-49b5-a7cd-648096bfb098'),
    ('Великая Михайловка', '4a182f39-8dff-4a11-b5f2-2ed355a138f4', 'dea6704f-fb38-49b5-a7cd-648096bfb098'),
    ('Великодолинское', '7dc7e03a-2ac3-4de4-8023-3ddf6078895d', 'dea6704f-fb38-49b5-a7cd-648096bfb098'),
    ('Доброслав', '25015d35-6571-4810-93fd-d9f4d67a2df5', 'dea6704f-fb38-49b5-a7cd-648096bfb098'),
    ('Затишье', '276de894-e001-437c-9508-a682fad208cf', 'dea6704f-fb38-49b5-a7cd-648096bfb098'),
    ('Затока', 'f22499bf-28b5-4388-a2f4-cd5c809c3d54', 'dea6704f-fb38-49b5-a7cd-648096bfb098'),
    ('Захарьевка', 'c49c0487-b9e7-487a-9266-bd68fd50c4ac', 'dea6704f-fb38-49b5-a7cd-648096bfb098'),
    ('Зеленогорское', '9bde4ecb-e379-4b38-8d9b-e2057283d411', 'dea6704f-fb38-49b5-a7cd-648096bfb098'),
    ('Ивановка', '960a7fbf-24b1-47e9-87db-4cb58125d928', 'dea6704f-fb38-49b5-a7cd-648096bfb098'),
    ('Лиманское', '2c846a68-6575-46b9-97dc-04a4fc062ea3', 'dea6704f-fb38-49b5-a7cd-648096bfb098'),
    ('Любашёвка', '8b6c40d8-a778-4ac2-a681-a3cc81ed22f2', 'dea6704f-fb38-49b5-a7cd-648096bfb098'),
    ('Николаевка', '1bccbf08-63c0-46fb-88e4-cb817a40b5d9', 'dea6704f-fb38-49b5-a7cd-648096bfb098'),
    ('Новые Беляры', '248f1404-1b5f-49a4-a5db-a82bb8a1b0f2', 'dea6704f-fb38-49b5-a7cd-648096bfb098'),
    ('Овидиополь', '979552a4-c4ff-4124-9841-d570775bbb2b', 'dea6704f-fb38-49b5-a7cd-648096bfb098'),
    ('Окны', 'ec568d5a-838d-4d82-808a-bd3163357d7b', 'dea6704f-fb38-49b5-a7cd-648096bfb098'),
    ('Петровка', 'a7254e26-057f-4ea4-8d2f-0e3f17bb6db2', 'dea6704f-fb38-49b5-a7cd-648096bfb098'),
    ('Радостное', 'acedd12c-39e5-4ad0-b0fa-3b336974aa62', 'dea6704f-fb38-49b5-a7cd-648096bfb098'),
    ('Рауховка', '115b7fc6-3125-4b1f-a614-6f03800fc006', 'dea6704f-fb38-49b5-a7cd-648096bfb098'),
    ('Саврань', '92b84fd1-fb1b-478a-9dad-75e09d68b630', 'dea6704f-fb38-49b5-a7cd-648096bfb098'),
    ('Сарата', '49b7f8f2-fe63-4122-9db8-ba9f0dec734d', 'dea6704f-fb38-49b5-a7cd-648096bfb098'),
    ('Сергеевка', 'd0700770-d998-418a-8031-4ed016c3a3ce', 'dea6704f-fb38-49b5-a7cd-648096bfb098'),
    ('Серпневое', 'a5b2505d-258e-42c6-8efd-4efafe39407c', 'dea6704f-fb38-49b5-a7cd-648096bfb098'),
    ('Слободка', 'df51d917-2bd5-4056-aa7a-9ce718cb3b70', 'dea6704f-fb38-49b5-a7cd-648096bfb098'),
    ('Суворово', 'a828e8d1-7d39-4c2f-b4bd-f0c018ed8d18', 'dea6704f-fb38-49b5-a7cd-648096bfb098'),
    ('Таирово', '6ab2f21c-4cb6-4c82-b82c-3b7a81248f76', 'dea6704f-fb38-49b5-a7cd-648096bfb098'),
    ('Тарутино', 'c8b3198b-76de-442b-966b-4760b1035e27', 'dea6704f-fb38-49b5-a7cd-648096bfb098'),
    ('Хлебодарское', 'af4cf553-2030-491a-9ec1-86e6ffee0d0d', 'dea6704f-fb38-49b5-a7cd-648096bfb098'),
    ('Цебриково', 'f71e9afd-0933-4825-b0bf-08db6e84e781', 'dea6704f-fb38-49b5-a7cd-648096bfb098'),
    ('Черноморское', '62132d33-782f-4226-91fb-e2862de0b7fb', 'dea6704f-fb38-49b5-a7cd-648096bfb098'),
    ('Ширяево', 'aa239295-7419-42ca-bd82-09ddad00687a', 'dea6704f-fb38-49b5-a7cd-648096bfb098');

INSERT INTO region (id, "name", country_id)
VALUES ('9cfdd128-428e-453d-88e6-58699eb36008', 'Полтавская область', 'fba52635-0325-43a2-a2bd-8027041beb4b');

INSERT INTO populated_locality ("name", id, region_id)
VALUES ('Гадяч', 'c23aaf9b-8664-45be-8b2b-f4e27f4c838d', '9cfdd128-428e-453d-88e6-58699eb36008'),
        ('Глобино', '9086dad3-5d3f-4e0f-a5dd-cba07ad3363a', '9cfdd128-428e-453d-88e6-58699eb36008'),
        ('Горишние Плавни', 'd7709e26-f5c8-4837-8678-5df017748c3d', '9cfdd128-428e-453d-88e6-58699eb36008'),
        ('Гребёнка', '59750111-0ed8-49d3-a409-0d5ac2a859ad', '9cfdd128-428e-453d-88e6-58699eb36008'),
        ('Заводское', 'e0b56e61-45af-41aa-bdc6-28cd01026a7d', '9cfdd128-428e-453d-88e6-58699eb36008'),
        ('Зеньков', '74685480-56fd-4cf7-a1bf-dd605e2082da', '9cfdd128-428e-453d-88e6-58699eb36008'),
        ('Карловка', '5f1bc958-94c5-48e0-909e-02587b0dd061', '9cfdd128-428e-453d-88e6-58699eb36008'),
        ('Кобеляки', 'e893721a-6a83-4ac6-8511-b04d6cfb42d9', '9cfdd128-428e-453d-88e6-58699eb36008'),
        ('Кременчуг', 'b962182c-2038-43bc-9dd3-4b82b07808ea', '9cfdd128-428e-453d-88e6-58699eb36008'),
        ('Лохвица', 'a0fad409-f58a-4c3c-b788-d658d7dbdc28', '9cfdd128-428e-453d-88e6-58699eb36008'),
        ('Лубны', '6f9647c9-d8a7-4e34-9567-4b6b06fb6eb2', '9cfdd128-428e-453d-88e6-58699eb36008'),
        ('Миргород', 'fe3473a1-e0eb-41d8-a4da-786bec593566', '9cfdd128-428e-453d-88e6-58699eb36008'),
        ('Пирятин', 'b2f788d6-fd7c-4763-9ee6-06cdf34119a9', '9cfdd128-428e-453d-88e6-58699eb36008'),
        ('Полтава', '80e3662d-07f2-4464-9b3a-992583fd2d7b', '9cfdd128-428e-453d-88e6-58699eb36008'),
        ('Хорол', '1c78466e-7b04-4000-a3db-6c5addd6d03f', '9cfdd128-428e-453d-88e6-58699eb36008'),
        ('Шишаки', 'c8bdd7eb-c5bb-49d3-a786-7d622f4a8821', '9cfdd128-428e-453d-88e6-58699eb36008');
INSERT INTO populated_locality ("name", id, region_id)
VALUES ('Белики', 'a38f96d4-f8b2-4787-86e1-98a183647f81', '9cfdd128-428e-453d-88e6-58699eb36008'),
    ('Великая Багачка', '358ce34a-5bfe-4738-b058-297a14b57f82', '9cfdd128-428e-453d-88e6-58699eb36008'),
    ('Гоголево', 'cd6409c7-4f71-489e-bf10-44d1496be18a', '9cfdd128-428e-453d-88e6-58699eb36008'),
    ('Градижск', '2a701745-4eac-427f-a3c4-663b21306124', '9cfdd128-428e-453d-88e6-58699eb36008'),
    ('Диканька', '5259623f-2f0a-4644-b3fb-97b1a8d0364a', '9cfdd128-428e-453d-88e6-58699eb36008'),
    ('Козельщина', '445dd21f-bf94-49a7-a598-d2a37abc61f3', '9cfdd128-428e-453d-88e6-58699eb36008'),
    ('Камышня', 'faa2f2f7-bed8-4a39-8127-3654fa8c3401', '9cfdd128-428e-453d-88e6-58699eb36008'),
    ('Котельва', 'b56adbf0-aca9-44b7-8d6a-921b4073e437', '9cfdd128-428e-453d-88e6-58699eb36008'),
    ('Машевка', '59ca341e-e142-4543-968f-fd2c713a17b7', '9cfdd128-428e-453d-88e6-58699eb36008'),
    ('Новая Галещина', '9c9fff22-d0f4-48ce-a540-c1a1a5b1419f', '9cfdd128-428e-453d-88e6-58699eb36008'),
    ('Новооржицкое', 'fd2c5bdf-b760-4aea-8e6a-8d690601f0b0', '9cfdd128-428e-453d-88e6-58699eb36008'),
    ('Новые Санжары', '867d735e-a846-47e9-8dc7-1e9c5eb27a58', '9cfdd128-428e-453d-88e6-58699eb36008'),
    ('Опошня', 'c664c158-f547-4265-b135-657030a6585c', '9cfdd128-428e-453d-88e6-58699eb36008'),
    ('Оржица', 'bc30a157-72c4-4af4-acef-8d0d26d9ea9c', '9cfdd128-428e-453d-88e6-58699eb36008'),
    ('Ромодан', 'acef8ed6-2281-4184-96e2-52a620b0d878', '9cfdd128-428e-453d-88e6-58699eb36008'),
    ('Семёновка', 'bc352533-1aa8-4d71-a0ba-fc58587f7b25', '9cfdd128-428e-453d-88e6-58699eb36008'),
    ('Скороходово', 'be8144f4-b14b-453c-9075-b69f665d9111', '9cfdd128-428e-453d-88e6-58699eb36008'),
    ('Чернухи', '53551fc8-8e04-4059-9a9d-55e0eb6cf497', '9cfdd128-428e-453d-88e6-58699eb36008'),
    ('Чутово', '70f767cf-d983-4415-a2e4-8cd8328a413d', '9cfdd128-428e-453d-88e6-58699eb36008'),
    ('Шишаки', 'fbcf546b-2797-4e12-a806-0f816edd9003', '9cfdd128-428e-453d-88e6-58699eb36008');

INSERT INTO region (id, "name", country_id)
VALUES ('65ee4459-16ae-470d-88cb-c4ff5107b2f4', 'Ровненская область', 'fba52635-0325-43a2-a2bd-8027041beb4b');

INSERT INTO populated_locality ("name", id, region_id)
VALUES ('Березно', '31318ae2-63ca-47b6-bb1a-5d0f4c8ddf40', '65ee4459-16ae-470d-88cb-c4ff5107b2f4'),
    ('Вараш', 'c7652469-199c-4b63-9328-63ab0978fda9', '65ee4459-16ae-470d-88cb-c4ff5107b2f4'),
    ('Дубно', '2185e126-97e9-4268-81d1-3892e1fecb02', '65ee4459-16ae-470d-88cb-c4ff5107b2f4'),
    ('Дубровица', '3cc97a40-3d75-4498-90a8-6cb53ba1ccb8', '65ee4459-16ae-470d-88cb-c4ff5107b2f4'),
    ('Здолбунов', '0a688bd9-57da-4a80-936c-7084f25b5339', '65ee4459-16ae-470d-88cb-c4ff5107b2f4'),
    ('Корец', 'b4935a24-5016-437e-a19c-75b9dc32def2', '65ee4459-16ae-470d-88cb-c4ff5107b2f4'),
    ('Костополь', '6d5abe5f-907c-4994-8990-8ab1dd6ef89f', '65ee4459-16ae-470d-88cb-c4ff5107b2f4'),
    ('Острог', '44e48231-7b7a-4430-adaa-d2202a14325d', '65ee4459-16ae-470d-88cb-c4ff5107b2f4'),
    ('Радивилов', 'fe517204-3103-4d58-bc88-2c5bc69ea9d7', '65ee4459-16ae-470d-88cb-c4ff5107b2f4'),
    ('Ровно', '42236e56-d2eb-4459-be6c-a1087999aef5', '65ee4459-16ae-470d-88cb-c4ff5107b2f4'),
    ('Сарны', 'dd205769-d713-4fe7-8270-b08ccdf6020f', '65ee4459-16ae-470d-88cb-c4ff5107b2f4');
INSERT INTO populated_locality ("name", id, region_id)
VALUES ('Владимирец', '9ad34653-e7ec-4e49-ae35-23bac74652ae', '65ee4459-16ae-470d-88cb-c4ff5107b2f4'),
    ('Гоща', '4a7c7d93-13b5-48aa-b37e-5f91c223ab74', '65ee4459-16ae-470d-88cb-c4ff5107b2f4'),
    ('Демидовка', 'da8ba678-98cc-4e41-a8d8-f86136b92eef', '65ee4459-16ae-470d-88cb-c4ff5107b2f4'),
    ('Заречное', '44ab779b-6f17-4237-97b2-ffcadd13e451', '65ee4459-16ae-470d-88cb-c4ff5107b2f4'),
    ('Квасилов', '71f85141-c154-458c-9b53-fc0785388198', '65ee4459-16ae-470d-88cb-c4ff5107b2f4'),
    ('Клевань', '72c54b51-deba-4e2b-8670-6804b410c3a5', '65ee4459-16ae-470d-88cb-c4ff5107b2f4'),
    ('Клесов', 'a5aa16d8-dc48-4f8d-ae07-bead9334b7f5', '65ee4459-16ae-470d-88cb-c4ff5107b2f4'),
    ('Мизоч', '6f0d6531-18fa-4a8e-a392-0b53997e94a1', '65ee4459-16ae-470d-88cb-c4ff5107b2f4'),
    ('Млинов', 'f0b563ad-2861-456d-96ef-6218c828f944', '65ee4459-16ae-470d-88cb-c4ff5107b2f4'),
    ('Оржев', '164c7a1e-5f6e-412c-80b4-72ff5d3edf96', '65ee4459-16ae-470d-88cb-c4ff5107b2f4'),
    ('Рафаловка', '5a12232d-3af4-470f-b0ba-36322f2ec3d7', '65ee4459-16ae-470d-88cb-c4ff5107b2f4'),
    ('Рокитное', '2f423105-8522-4340-8abc-0ce2fc04a07d', '65ee4459-16ae-470d-88cb-c4ff5107b2f4'),
    ('Смыга', 'd3dcc393-ea6e-4c98-8bed-2ae60eca90ca', '65ee4459-16ae-470d-88cb-c4ff5107b2f4'),
    ('Сосновое', '3a4e9184-c03b-46ba-b981-b1857ad599a1', '65ee4459-16ae-470d-88cb-c4ff5107b2f4'),
    ('Степань', '247e913c-a79f-4ffc-8c4a-2973417ae4a0', '65ee4459-16ae-470d-88cb-c4ff5107b2f4'),
    ('Томашгород', 'ce28a117-84d3-4a0f-8567-fc43ff37e399', '65ee4459-16ae-470d-88cb-c4ff5107b2f4');

INSERT INTO region (id, "name", country_id)
VALUES ('64f358bb-f890-40ca-a6bf-29ff1543288f', 'Сумская область', 'fba52635-0325-43a2-a2bd-8027041beb4b');

INSERT INTO populated_locality ("name", id, region_id)
VALUES ('Ахтырка', 'acf71121-8661-441f-9063-63fdef9210ea', '64f358bb-f890-40ca-a6bf-29ff1543288f'),
    ('Белополье', '6c948a0a-bb13-46ec-8ede-6be2cab94acc', '64f358bb-f890-40ca-a6bf-29ff1543288f'),
    ('Бурынь', '46538425-c671-41ef-b199-a2400d341394', '64f358bb-f890-40ca-a6bf-29ff1543288f'),
    ('Ворожба', '0cc0fabd-90a8-4134-b226-b9e421348285', '64f358bb-f890-40ca-a6bf-29ff1543288f'),
    ('Глухов', 'c04d22e4-5c0e-491f-80a7-4cf3b1e87213', '64f358bb-f890-40ca-a6bf-29ff1543288f'),
    ('Дружба', '7c6f7d38-d5c0-43ed-a9a5-f502e6bf5c15', '64f358bb-f890-40ca-a6bf-29ff1543288f'),
    ('Конотоп', '8c277bec-9d5a-4cb8-9b62-b0259efabebb', '64f358bb-f890-40ca-a6bf-29ff1543288f'),
    ('Кролевец', '7947709a-9ec3-4b49-a2c7-c642d7d5acec', '64f358bb-f890-40ca-a6bf-29ff1543288f'),
    ('Лебедин', '924f041c-b556-48c5-957d-48032e30ce5e', '64f358bb-f890-40ca-a6bf-29ff1543288f'),
    ('Путивль', '6ee4c8a5-5788-41b5-aebd-27ee1d53e6da', '64f358bb-f890-40ca-a6bf-29ff1543288f'),
    ('Ромны', 'b51dc713-b305-4445-a0fc-560f229344b6', '64f358bb-f890-40ca-a6bf-29ff1543288f'),
    ('Середина-Буда', '77c27ecb-d032-47a4-9ee6-bba5c0eb1be7', '64f358bb-f890-40ca-a6bf-29ff1543288f'),
    ('Сумы', '8b06b1a7-0a6d-4b38-8d9c-7fcd4461e3b4', '64f358bb-f890-40ca-a6bf-29ff1543288f'),
    ('Тростянец', '9a9f866e-24e6-4a5b-9a69-172b89d1e4bb', '64f358bb-f890-40ca-a6bf-29ff1543288f'),
    ('Шостка', 'bcd3de0f-57b2-424a-ae57-8a6d2dfd19a5', '64f358bb-f890-40ca-a6bf-29ff1543288f');
INSERT INTO populated_locality ("name", id, region_id)
VALUES ('Великая Писаревка', 'd8f4ed98-8e84-4816-b084-7d4f74667a72', '64f358bb-f890-40ca-a6bf-29ff1543288f'),
    ('Воронеж', '52fa2ef6-2266-4375-be2c-e6ffbae849a1', '64f358bb-f890-40ca-a6bf-29ff1543288f'),
    ('Дубовязовка', '76879dc9-e6b0-4a50-86be-60b48eefd07b', '64f358bb-f890-40ca-a6bf-29ff1543288f'),
    ('Знобь-Новгородское', 'b0addae7-a517-4793-8cad-aee1681c79b4', '64f358bb-f890-40ca-a6bf-29ff1543288f'),
    ('Кириковка', 'e6ff18f5-abf5-49e8-aeff-7afe3e214af8', '64f358bb-f890-40ca-a6bf-29ff1543288f'),
    ('Краснополье', '76bbbf6f-449c-4b2e-a685-95676fb910ad', '64f358bb-f890-40ca-a6bf-29ff1543288f'),
    ('Липовая Долина', 'd2ebfa1d-8991-4987-bb09-5a8deb949b7f', '64f358bb-f890-40ca-a6bf-29ff1543288f'),
    ('Недригайлов', '77b3913b-bd3c-497d-ab2d-805ddcd5528d', '64f358bb-f890-40ca-a6bf-29ff1543288f'),
    ('Низы', 'fbc5a9c3-7d01-4d56-a861-ad855d9f0505', '64f358bb-f890-40ca-a6bf-29ff1543288f'),
    ('Николаевка', 'd4c3b07e-1bb0-4b04-a580-8aae926f2304', '64f358bb-f890-40ca-a6bf-29ff1543288f'),
    ('Свесса', 'af5794b9-625e-4008-89b7-5b7273088276', '64f358bb-f890-40ca-a6bf-29ff1543288f'),
    ('Степановка', '57457ed9-d27f-402a-bd60-c126f690e952', '64f358bb-f890-40ca-a6bf-29ff1543288f'),
    ('Терны', '26a691bf-3a38-44b8-9eee-df099a678b0c', '64f358bb-f890-40ca-a6bf-29ff1543288f'),
    ('Угроеды', '5cf32ca4-7e34-4afb-9dee-184eeafd858b', '64f358bb-f890-40ca-a6bf-29ff1543288f'),
    ('Ульяновка', '5fb8b086-7544-4e5e-b02e-823a695b9352', '64f358bb-f890-40ca-a6bf-29ff1543288f'),
    ('Хотень', 'fc6fbefc-29b8-44a9-8683-a4e2d3df5846', '64f358bb-f890-40ca-a6bf-29ff1543288f'),
    ('Чупаховка', '8a722178-2432-4526-912e-93dd887d8aa3', '64f358bb-f890-40ca-a6bf-29ff1543288f'),
    ('Шалыгино', '4209d7af-57ad-4067-9af0-bf70151695fb', '64f358bb-f890-40ca-a6bf-29ff1543288f'),
    ('Эсмань', '0bd5c0f8-5909-4597-94a6-4dd9a1b08b3f', '64f358bb-f890-40ca-a6bf-29ff1543288f'),
    ('Ямполь', '15d77a95-b79f-41b7-8039-2e93989598b7', '64f358bb-f890-40ca-a6bf-29ff1543288f');

INSERT INTO region (id, "name", country_id)
VALUES ('0f923f63-c9bc-4481-9c9a-18ebb1fecafb', 'Тернопольская область', 'fba52635-0325-43a2-a2bd-8027041beb4b');

INSERT INTO populated_locality ("name", id, region_id)
VALUES ('Бережаны', 'b0135502-a982-4572-a1ce-dca6c56f2549', '0f923f63-c9bc-4481-9c9a-18ebb1fecafb'),
    ('Борщёв', '2b19abbe-b4be-479b-bab6-9f5c1393baf2', '0f923f63-c9bc-4481-9c9a-18ebb1fecafb'),
    ('Бучач', '19f4a100-2c57-45cb-888f-eabee8e96d67', '0f923f63-c9bc-4481-9c9a-18ebb1fecafb'),
    ('Залещики', '67df488c-9405-4a2f-b455-9444ab8f551f', '0f923f63-c9bc-4481-9c9a-18ebb1fecafb'),
    ('Збараж', '454cc2d4-2679-40af-ab9a-8f68fb413984', '0f923f63-c9bc-4481-9c9a-18ebb1fecafb'),
    ('Зборов', '6da4f96e-9d3b-4af5-9cac-cc06db8870b8', '0f923f63-c9bc-4481-9c9a-18ebb1fecafb'),
    ('Копычинцы', '797ed7a0-3199-4338-b8b5-c9b7dd4352ee', '0f923f63-c9bc-4481-9c9a-18ebb1fecafb'),
    ('Кременец', 'c353bb07-3282-4f19-a52c-8e775ff14cd4', '0f923f63-c9bc-4481-9c9a-18ebb1fecafb'),
    ('Лановцы', '96bfe10c-adec-4309-86df-5554dca47f77', '0f923f63-c9bc-4481-9c9a-18ebb1fecafb'),
    ('Монастыриска', '401b60ce-a5ed-48cc-a0f4-22e1654b6bae', '0f923f63-c9bc-4481-9c9a-18ebb1fecafb'),
    ('Подгайцы', 'b023509b-9ff5-468b-b68a-98295786c23e', '0f923f63-c9bc-4481-9c9a-18ebb1fecafb'),
    ('Почаев', '1c63ab8a-39ff-4632-a5c4-6a8370b023b3', '0f923f63-c9bc-4481-9c9a-18ebb1fecafb'),
    ('Скалат', '2c357085-d455-41e4-b946-bb08ea2e6cca', '0f923f63-c9bc-4481-9c9a-18ebb1fecafb'),
    ('Теребовля', '88e4790c-9150-4f15-b319-4ef9f9e50c72', '0f923f63-c9bc-4481-9c9a-18ebb1fecafb'),
    ('Тернополь', 'b5f19044-efea-44d0-b906-ea597d84386b', '0f923f63-c9bc-4481-9c9a-18ebb1fecafb'),
    ('Хоростков', '60e5b50c-517b-4f9c-b95a-ae5737edc94b', '0f923f63-c9bc-4481-9c9a-18ebb1fecafb'),
    ('Чортков', 'd50f01f6-5aa4-41e4-9412-80959782642c', '0f923f63-c9bc-4481-9c9a-18ebb1fecafb'),
    ('Шумск', 'c8d2e575-5c7e-4d87-8077-a43da7cd3102', '0f923f63-c9bc-4481-9c9a-18ebb1fecafb');
INSERT INTO populated_locality ("name", id, region_id)
VALUES ('Великая Березовица', '2c1c7484-c53f-4258-abf6-87fd6eabf62f', '0f923f63-c9bc-4481-9c9a-18ebb1fecafb'),
    ('Великие Борки', '7da26f4b-55ae-48f5-9a30-043075e24e43', '0f923f63-c9bc-4481-9c9a-18ebb1fecafb'),
    ('Вишневец', '3b397dfe-5f95-4264-99e4-01e0a57cd784', '0f923f63-c9bc-4481-9c9a-18ebb1fecafb'),
    ('Гримайлов', 'e436c497-0839-4872-ad15-578b6718ca9e', '0f923f63-c9bc-4481-9c9a-18ebb1fecafb'),
    ('Гусятин', '833140da-e810-4a66-81aa-f19a0fad1f42', '0f923f63-c9bc-4481-9c9a-18ebb1fecafb'),
    ('Дружба', 'b15ee331-aec0-4601-b506-44dc5580a6e8', '0f923f63-c9bc-4481-9c9a-18ebb1fecafb'),
    ('Заводское', '51bb08e6-913e-4a81-a030-66c61fb9cb89', '0f923f63-c9bc-4481-9c9a-18ebb1fecafb'),
    ('Заложцы', '1001a34f-96fc-4dc1-8b8f-6f0e63a0f2ed', '0f923f63-c9bc-4481-9c9a-18ebb1fecafb'),
    ('Золотой Поток', '7d8da16c-e69a-44f4-826a-47e4707e12e8', '0f923f63-c9bc-4481-9c9a-18ebb1fecafb'),
    ('Козлов', '3c70f53a-6e7e-416e-ab27-2f6bb1ee9763', '0f923f63-c9bc-4481-9c9a-18ebb1fecafb'),
    ('Козова', 'fa1bc209-f1c7-41fd-a010-df6ea358cf05', '0f923f63-c9bc-4481-9c9a-18ebb1fecafb'),
    ('Коропец', '97aa9e60-2040-42e6-ad7b-88f307b28887', '0f923f63-c9bc-4481-9c9a-18ebb1fecafb'),
    ('Мельница-Подольская', '67efb3b8-7b54-4d7b-b86c-9ce915357d12', '0f923f63-c9bc-4481-9c9a-18ebb1fecafb'),
    ('Микулинцы', 'e1ed388b-67be-4aa7-97ba-128885791bbd', '0f923f63-c9bc-4481-9c9a-18ebb1fecafb'),
    ('Подволочиск', '97d4a495-7faa-42a9-9220-e54f9237bf89', '0f923f63-c9bc-4481-9c9a-18ebb1fecafb'),
    ('Скала-Подольская', 'ac1c66ec-6f8f-40fd-8fd4-74b158f74311', '0f923f63-c9bc-4481-9c9a-18ebb1fecafb'),
    ('Толстое', '4a1294c2-bc21-4562-82ea-a351323685e1', '0f923f63-c9bc-4481-9c9a-18ebb1fecafb');

INSERT INTO region (id, "name", country_id)
VALUES ('1d7129cf-9347-424f-9e58-a3a800be5560', 'Харьковская область', 'fba52635-0325-43a2-a2bd-8027041beb4b');

INSERT INTO populated_locality ("name", id, region_id)
VALUES ('Балаклея', '32638d88-04c9-4640-a48b-5ab74a6cd0a6', '1d7129cf-9347-424f-9e58-a3a800be5560'),
    ('Барвенково', '39dd4474-bfc1-4e50-942a-093e0b0797e0', '1d7129cf-9347-424f-9e58-a3a800be5560'),
    ('Богодухов', '01b21722-0c84-4339-be37-fe3ee76e2a62', '1d7129cf-9347-424f-9e58-a3a800be5560'),
    ('Валки', '3a5777ee-be58-428b-945c-da226d42af5f', '1d7129cf-9347-424f-9e58-a3a800be5560'),
    ('Волчанск', '9ad58e58-c9f0-4d77-a028-287cbac322ec', '1d7129cf-9347-424f-9e58-a3a800be5560'),
    ('Дергачи', 'd56ff455-b1a0-4860-bcf1-dd809cccba26', '1d7129cf-9347-424f-9e58-a3a800be5560'),
    ('Змиёв', 'b6e51472-652a-4bba-86a5-7c6750b63ddd', '1d7129cf-9347-424f-9e58-a3a800be5560'),
    ('Изюм', '831a01da-3751-46e7-8c8c-4a966c9c19bc', '1d7129cf-9347-424f-9e58-a3a800be5560'),
    ('Красноград', 'a91ce185-a692-4b01-9b8b-f9e1049d4fb7', '1d7129cf-9347-424f-9e58-a3a800be5560'),
    ('Купянск', 'ec0d4213-e68b-4e18-8317-97ee1bf875ba', '1d7129cf-9347-424f-9e58-a3a800be5560'),
    ('Лозовая', '708eb223-d4a0-4972-95f4-9a41e29f6d9a', '1d7129cf-9347-424f-9e58-a3a800be5560'),
    ('Люботин', 'b066f94c-c76b-45e1-b03d-2a244bf48ea7', '1d7129cf-9347-424f-9e58-a3a800be5560'),
    ('Мерефа', 'a84ae19b-05a3-427f-82cc-a2c817f5007a', '1d7129cf-9347-424f-9e58-a3a800be5560'),
    ('Первомайский', '8fba3c6c-20db-4d07-8087-17e06874aaaa', '1d7129cf-9347-424f-9e58-a3a800be5560'),
    ('Пивденное (Южное)', '2afed817-e3cd-4b3b-8848-6c27dc0eb8bc', '1d7129cf-9347-424f-9e58-a3a800be5560'),
    ('Харьков', 'f026e25d-21be-4cdb-97e9-f4adb5dd3dfa', '1d7129cf-9347-424f-9e58-a3a800be5560'),
    ('Чугуев', '32c64c5e-59e0-43a8-8b46-ee656562c466', '1d7129cf-9347-424f-9e58-a3a800be5560');
INSERT INTO populated_locality ("name", id, region_id)
VALUES ('Андреевка', 'e6021f36-2f5c-4fc8-8920-b61da05ea304', '1d7129cf-9347-424f-9e58-a3a800be5560'),
    ('Бабаи', '7dd0cd2e-1c6a-48fa-8140-396b3795f343', '1d7129cf-9347-424f-9e58-a3a800be5560'),
    ('Безлюдовка', 'bee709f9-e005-4b90-987e-2e7d11096dee', '1d7129cf-9347-424f-9e58-a3a800be5560'),
    ('Белый Колодезь', 'f5971a32-c58c-4723-9795-de9864e703c7', '1d7129cf-9347-424f-9e58-a3a800be5560'),
    ('Березовка', '6cc3d452-aa21-49ba-8691-aeaa1994e91e', '1d7129cf-9347-424f-9e58-a3a800be5560'),
    ('Близнюки', '1180819e-cb4d-4b1a-8896-1ea8f4324e1d', '1d7129cf-9347-424f-9e58-a3a800be5560'),
    ('Борки', 'b24eef0c-8ebf-42a5-98d1-2e689a19fb86', '1d7129cf-9347-424f-9e58-a3a800be5560'),
    ('Боровая', '4273b296-c43b-4053-be80-1d901c6da215', '1d7129cf-9347-424f-9e58-a3a800be5560'),
    ('Буды', 'fcf8a32b-7ec2-44aa-97ef-7ed1c6afd973', '1d7129cf-9347-424f-9e58-a3a800be5560'),
    ('Васищево', '4ac4b77b-9a75-42c4-81a1-612410dd3cc4', '1d7129cf-9347-424f-9e58-a3a800be5560'),
    ('Введенка', 'd05bb23a-b8ac-4f61-814f-1f26b1b205ca', '1d7129cf-9347-424f-9e58-a3a800be5560'),
    ('Великий Бурлук', 'bae5ae6f-0792-4b4f-810c-bf94929aecba', '1d7129cf-9347-424f-9e58-a3a800be5560'),
    ('Вильча', '3d2e3aaa-fd83-45ed-8ee7-bb572461e5ec', '1d7129cf-9347-424f-9e58-a3a800be5560'),
    ('Высокий', 'd1e0d3bc-e2e1-4c18-a2f5-69afa2e0c1bc', '1d7129cf-9347-424f-9e58-a3a800be5560'),
    ('Гуты', '35372c3a-5add-4961-91e1-efb53970f0ad', '1d7129cf-9347-424f-9e58-a3a800be5560'),
    ('Двуречная', '25b4b928-9f60-4ce0-bf1e-465bb14c1c14', '1d7129cf-9347-424f-9e58-a3a800be5560'),
    ('Донец', '7594480b-8403-47b0-98ac-310f347087c8', '1d7129cf-9347-424f-9e58-a3a800be5560'),
    ('Зачепиловка', '2ab0c328-3985-42e7-9246-848e971deee8', '1d7129cf-9347-424f-9e58-a3a800be5560'),
    ('Зидьки', '337300e2-c937-410b-afa6-7b99f5921491', '1d7129cf-9347-424f-9e58-a3a800be5560'),
    ('Золочев', '9bb3a5a5-819e-4bed-abd0-c0f5330239f8', '1d7129cf-9347-424f-9e58-a3a800be5560'),
    ('Казачья Лопань', '59451a72-57d3-464c-a03e-3b5f980a19b2', '1d7129cf-9347-424f-9e58-a3a800be5560'),
    ('Кегичёвка', '069b998c-2fae-4a89-b304-bac3ea127ced', '1d7129cf-9347-424f-9e58-a3a800be5560'),
    ('Ковшаровка', 'c820ee11-fc95-46d9-86f8-8b922999e422', '1d7129cf-9347-424f-9e58-a3a800be5560'),
    ('Ковяги', '14dfb464-9047-4b59-9e44-9ca34a199eb4', '1d7129cf-9347-424f-9e58-a3a800be5560'),
    ('Коломак', '14ce6e81-c1dd-4785-8026-7097580645d5', '1d7129cf-9347-424f-9e58-a3a800be5560'),
    ('Константиновка', 'ce4bfc63-7df2-4ca0-af51-43198c6eff75', '1d7129cf-9347-424f-9e58-a3a800be5560'),
    ('Коротыч', '314d63c6-d437-4934-86b6-73f2686dd5a2', '1d7129cf-9347-424f-9e58-a3a800be5560'),
    ('Кочеток', '4fa38f94-9aa8-48e8-9475-8e8f163eae50', '1d7129cf-9347-424f-9e58-a3a800be5560'),
    ('Краснокутск', 'd62f0689-8072-4068-9440-819ab14355e3', '1d7129cf-9347-424f-9e58-a3a800be5560'),
    ('Краснопавловка', '03f695e3-6a2d-4983-a89b-a986bff0511c', '1d7129cf-9347-424f-9e58-a3a800be5560'),
    ('Кулиничи', 'c21d45c0-43b3-44f2-b246-d73a40b6c716', '1d7129cf-9347-424f-9e58-a3a800be5560'),
    ('Купянск-Узловой', 'fc205810-7ce0-41d3-ab18-47c806b92fea', '1d7129cf-9347-424f-9e58-a3a800be5560'),
    ('Малая Даниловка', 'cba67eb1-d35d-4831-a30d-b651ba386188', '1d7129cf-9347-424f-9e58-a3a800be5560'),
    ('Малиновка', 'efcee552-b48b-4f32-b337-32c6c1c29ffc', '1d7129cf-9347-424f-9e58-a3a800be5560'),
    ('Манченки', '4032a305-db46-4543-8ce4-82d5fd1e9b01', '1d7129cf-9347-424f-9e58-a3a800be5560'),
    ('Новая Водолага', 'e5ac9015-413d-4573-b31f-8ee966dcec53', '1d7129cf-9347-424f-9e58-a3a800be5560'),
    ('Новопокровка', 'f82360d4-cc99-4d45-b25c-793743599f2f', '1d7129cf-9347-424f-9e58-a3a800be5560'),
    ('Ольшаны', '2d5181ca-e650-4249-816e-21b5019dd408', '1d7129cf-9347-424f-9e58-a3a800be5560'),
    ('Орелька', '7662c541-7a71-4501-bbd9-719be0233471', '1d7129cf-9347-424f-9e58-a3a800be5560'),
    ('Панютино', '13f0daac-00dc-4c3d-a98c-87ac9438445b', '1d7129cf-9347-424f-9e58-a3a800be5560'),
    ('Пересечное', '3ae6f741-264f-4c01-a1e4-ed98d3233cde', '1d7129cf-9347-424f-9e58-a3a800be5560'),
    ('Песочин', '30e6c538-3875-4933-87d6-b67c77899324', '1d7129cf-9347-424f-9e58-a3a800be5560'),
    ('Печенеги', '276b51bb-859c-4f92-92af-b3a7d2035e3a', '1d7129cf-9347-424f-9e58-a3a800be5560'),
    ('Покотиловка', '682eded1-03a1-4957-8a68-39b6361d98d9', '1d7129cf-9347-424f-9e58-a3a800be5560'),
    ('Приколотное', 'b34bad8a-cb65-4649-a2f3-9fdfdb5ceb83', '1d7129cf-9347-424f-9e58-a3a800be5560'),
    ('Прудянка', '2fb65fb0-4c59-40a5-9969-9bf795c174a5', '1d7129cf-9347-424f-9e58-a3a800be5560'),
    ('Рогань', '3d9bd5de-85f7-46e6-a0e2-ff6f1b7ea9ec', '1d7129cf-9347-424f-9e58-a3a800be5560'),
    ('Савинцы', 'd3b3760e-0d05-4837-b095-469b18371498', '1d7129cf-9347-424f-9e58-a3a800be5560'),
    ('Сахновщина', '37185b47-c9ca-4507-b6ef-68eb06b44a48', '1d7129cf-9347-424f-9e58-a3a800be5560'),
    ('Слатино', 'e5e0d04b-02ed-427b-8de4-6b660e0e4405', '1d7129cf-9347-424f-9e58-a3a800be5560'),
    ('Слобожанское (Змиёвский район)', '524a0a96-8f29-4737-9177-68f0afd91610', '1d7129cf-9347-424f-9e58-a3a800be5560'),
    ('Слобожанское (Кегичёвский район)', '86d39bda-0fe0-4d17-aa75-64cd43c0907f', '1d7129cf-9347-424f-9e58-a3a800be5560'),
    ('Солоницевка', '097583d6-788b-4642-b9d8-a365de97a1f2', '1d7129cf-9347-424f-9e58-a3a800be5560'),
    ('Старый Мерчик', 'bdc302be-174b-4db5-82e0-b2efa5d5ff19', '1d7129cf-9347-424f-9e58-a3a800be5560'),
    ('Старый Салтов', '31cb62bd-7679-4705-b9f9-120df69eec0e', '1d7129cf-9347-424f-9e58-a3a800be5560'),
    ('Утковка', '4c590812-5247-4801-8fd2-e2c71db7a9b2', '1d7129cf-9347-424f-9e58-a3a800be5560'),
    ('Хорошево', '4abb2826-eb40-4a2e-8058-bcc44ffc3a9e', '1d7129cf-9347-424f-9e58-a3a800be5560'),
    ('Чкаловское', 'edf5cf00-012f-44c8-a417-17543a4bebb8', '1d7129cf-9347-424f-9e58-a3a800be5560'),
    ('Шаровка', '4b83861d-65d2-45bc-8601-91219a6a5ba4', '1d7129cf-9347-424f-9e58-a3a800be5560'),
    ('Шевченково', '2b272c6d-6fc9-4a8b-a0b4-ce815b73ff3e', '1d7129cf-9347-424f-9e58-a3a800be5560'),
    ('Эсхар', 'a51be480-ae8e-4f7b-af6c-a9cf560f98c3', '1d7129cf-9347-424f-9e58-a3a800be5560');

INSERT INTO region (id, "name", country_id)
VALUES ('a6285216-d132-4e70-9c87-bbb3e2bdc88b', 'Херсонская область', 'fba52635-0325-43a2-a2bd-8027041beb4b');

INSERT INTO populated_locality ("name", id, region_id)
VALUES ('Агой', 'daec9553-b161-4968-a866-cd5b74bbd51d', 'a6285216-d132-4e70-9c87-bbb3e2bdc88b'),
    ('Адлер', '649724dc-0e38-45ed-96bf-b6e7827c58ea', 'a6285216-d132-4e70-9c87-bbb3e2bdc88b'),
    ('Анапа', '7d757e21-a375-4ca9-aa82-1785119a0898', 'a6285216-d132-4e70-9c87-bbb3e2bdc88b'),
    ('Архипо-Осиповка', '8d1759d9-dbf6-4132-ada7-ffa09ec42d7d', 'a6285216-d132-4e70-9c87-bbb3e2bdc88b'),
    ('Вардане', '0dedae2a-5aab-4bd5-a035-1ba090800c25', 'a6285216-d132-4e70-9c87-bbb3e2bdc88b'),
    ('Витязево', '5ddeeeca-5ac6-47b0-9ad2-c8538feea46e', 'a6285216-d132-4e70-9c87-bbb3e2bdc88b'),
    ('Геленджик', '9b0dfd07-328c-439b-a0fa-d6132e516393', 'a6285216-d132-4e70-9c87-bbb3e2bdc88b'),
    ('Головинка', 'f8af29e6-8c43-4d4c-9cdd-8d111fa11fb0', 'a6285216-d132-4e70-9c87-bbb3e2bdc88b'),
    ('Дагомыс', 'a874a323-2d28-43a5-a348-0ac402a2c27d', 'a6285216-d132-4e70-9c87-bbb3e2bdc88b'),
    ('Джанхот', 'e027fab1-6a7e-411e-8ff4-865b8b8d92f4', 'a6285216-d132-4e70-9c87-bbb3e2bdc88b'),
    ('Джубга', '25cfa4f7-612c-454b-a791-6c551869e023', 'a6285216-d132-4e70-9c87-bbb3e2bdc88b'),
    ('Дивноморское', '68569d42-77eb-4585-8935-7e5b8b38a05f', 'a6285216-d132-4e70-9c87-bbb3e2bdc88b'),
    ('Кабардинка', '8c455268-7b1e-4685-85e3-01446b62029c', 'a6285216-d132-4e70-9c87-bbb3e2bdc88b'),
    ('Лазаревское', 'c5c8be29-0ecc-4746-911b-e2a487db74ae', 'a6285216-d132-4e70-9c87-bbb3e2bdc88b'),
    ('Лермонтово', '3ef4c63c-a9e0-4dbc-bee6-b09a973850c1', 'a6285216-d132-4e70-9c87-bbb3e2bdc88b'),
    ('Лоо', '020affe1-30b5-4a2f-8cc2-101fa3ad816b', 'a6285216-d132-4e70-9c87-bbb3e2bdc88b'),
    ('Мацеста', '70b4fb80-45d6-4786-8353-1ffed5a7572a', 'a6285216-d132-4e70-9c87-bbb3e2bdc88b'),
    ('Небуг', 'a7b6be79-600f-4f0d-b8e7-11f655c35caa', 'a6285216-d132-4e70-9c87-bbb3e2bdc88b'),
    ('Новомихайловский', '117225fa-7e5a-413a-875c-adead3f5641b', 'a6285216-d132-4e70-9c87-bbb3e2bdc88b'),
    ('Ольгинка', 'a865c123-1e8b-4377-8af0-dbb39043bca8', 'a6285216-d132-4e70-9c87-bbb3e2bdc88b'),
    ('Сочи', '014c034d-109b-40a8-8b2d-85d81c04bf66', 'a6285216-d132-4e70-9c87-bbb3e2bdc88b'),
    ('Сукко', 'bfccfcb5-ec8e-4c45-9b87-cbc6f634a4b7', 'a6285216-d132-4e70-9c87-bbb3e2bdc88b'),
    ('Туапсе', '1a05fcd1-db1c-49c9-a9da-6b35df523adf', 'a6285216-d132-4e70-9c87-bbb3e2bdc88b'),
    ('Тюменский', 'd240465f-2208-4203-a488-c66bbcd7c9b7', 'a6285216-d132-4e70-9c87-bbb3e2bdc88b'),
    ('Хоста', '1bb5ed2f-e48c-481b-bc20-14b433afc53e', 'a6285216-d132-4e70-9c87-bbb3e2bdc88b'),
    ('Шепси', 'fd9cef0b-1f90-4de3-883e-013f154ee31e', 'a6285216-d132-4e70-9c87-bbb3e2bdc88b');
INSERT INTO populated_locality ("name", id, region_id)
VALUES ('Антоновка', 'c6612cc1-5e59-436e-9196-fc1eb419b60c', 'a6285216-d132-4e70-9c87-bbb3e2bdc88b'),
    ('Архангельское', 'f84babef-f991-49ee-b9c5-ad9a349b7ee1', 'a6285216-d132-4e70-9c87-bbb3e2bdc88b'),
    ('Аскания-Нова', '13b3cb8e-7c41-4f07-9028-3b6d18089574', 'a6285216-d132-4e70-9c87-bbb3e2bdc88b'),
    ('Белая Криница', '190ac17e-d79f-4387-ad69-c9a4a8dd3b91', 'a6285216-d132-4e70-9c87-bbb3e2bdc88b'),
    ('Белозёрка', '18f89d99-28d1-40a6-b41e-ec47bbb37312', 'a6285216-d132-4e70-9c87-bbb3e2bdc88b'),
    ('Брилёвка', 'fd8df9bb-1d28-4561-8616-11dfdb735180', 'a6285216-d132-4e70-9c87-bbb3e2bdc88b'),
    ('Великая Александровка', '508f8643-e1c8-4fb6-9102-8fcb35629655', 'a6285216-d132-4e70-9c87-bbb3e2bdc88b'),
    ('Великая Лепетиха', 'abc546ce-7dc3-415b-b597-7de5062918e6', 'a6285216-d132-4e70-9c87-bbb3e2bdc88b'),
    ('Верхний Рогачик', '8b8687c9-81ba-45e5-806c-69530e52d497', 'a6285216-d132-4e70-9c87-bbb3e2bdc88b'),
    ('Высокополье', '71d663af-c0ed-4b62-a78e-38226bf5e81b', 'a6285216-d132-4e70-9c87-bbb3e2bdc88b'),
    ('Горностаевка', '99e30b99-0f4c-45dc-8df0-f8c0145c86b4', 'a6285216-d132-4e70-9c87-bbb3e2bdc88b'),
    ('Днепряны', '705eafc3-1c1f-4a36-858a-d1c2a8c63733', 'a6285216-d132-4e70-9c87-bbb3e2bdc88b'),
    ('Зеленовка', 'b5c109d2-29e8-49ff-aa9c-4baaef98ff00', 'a6285216-d132-4e70-9c87-bbb3e2bdc88b'),
    ('Ивановка', '75d5fbbb-fd1a-4880-98d9-dffe98d95558', 'a6285216-d132-4e70-9c87-bbb3e2bdc88b'),
    ('Казацкое', '47147736-408f-4bc3-ad37-61fdffed7cf4', 'a6285216-d132-4e70-9c87-bbb3e2bdc88b'),
    ('Каланчак', 'c1d68d67-19b9-4766-85ae-488334d50bf1', 'a6285216-d132-4e70-9c87-bbb3e2bdc88b'),
    ('Калиновское', '78ac0ac9-f130-4b63-a9d0-32782c85ea1c', 'a6285216-d132-4e70-9c87-bbb3e2bdc88b'),
    ('Камышаны', '0072f1bb-c77c-4dbe-8e8c-6b3ad17a39df', 'a6285216-d132-4e70-9c87-bbb3e2bdc88b'),
    ('Карьерное', 'b343a984-0461-4c61-8ba1-2201a1659796', 'a6285216-d132-4e70-9c87-bbb3e2bdc88b'),
    ('Лазурное', '087d721f-cba2-46ba-a09e-894b182a6f5d', 'a6285216-d132-4e70-9c87-bbb3e2bdc88b'),
    ('Любимовка', '149a8cf4-31a9-4618-ac70-f6edc63f6a91', 'a6285216-d132-4e70-9c87-bbb3e2bdc88b'),
    ('Мирное', '27c39f4e-7f8c-4f1a-8f6a-2587ed2a2986', 'a6285216-d132-4e70-9c87-bbb3e2bdc88b'),
    ('Надднепрянское', '02d2228b-e8b2-45e6-a798-420ddb39fe18', 'a6285216-d132-4e70-9c87-bbb3e2bdc88b'),
    ('Нижние Серогозы', '2af1e6d1-cefa-481f-9f8d-44ffb547712b', 'a6285216-d132-4e70-9c87-bbb3e2bdc88b'),
    ('Новая Маячка', '7eacfdac-502a-4ec7-baf4-38e26468ccc7', 'a6285216-d132-4e70-9c87-bbb3e2bdc88b'),
    ('Новоалексеевка', 'dc3574d6-34cb-4a55-9e53-d246b1e00778', 'a6285216-d132-4e70-9c87-bbb3e2bdc88b'),
    ('Нововоронцовка', '95e975dd-8299-4df5-ba31-dfa30f886a5d', 'a6285216-d132-4e70-9c87-bbb3e2bdc88b'),
    ('Новотроицкое', 'dbd4f70c-b04e-48a3-a4f7-1d4edaa63368', 'a6285216-d132-4e70-9c87-bbb3e2bdc88b'),
    ('Рыково', 'bda4a29b-6403-4bfb-a806-a09b47d84386', 'a6285216-d132-4e70-9c87-bbb3e2bdc88b'),
    ('Сивашское', '67e88b79-4f74-4218-8804-e001f1e7f894', 'a6285216-d132-4e70-9c87-bbb3e2bdc88b'),
    ('Чаплинка', '2590eb60-37ca-4127-a306-b6e778c7e47a', 'a6285216-d132-4e70-9c87-bbb3e2bdc88b');

INSERT INTO region (id, "name", country_id)
VALUES ('8ba501a2-f025-4e65-acf5-12a48f2fc4a3', 'Хмельницкая область', 'fba52635-0325-43a2-a2bd-8027041beb4b');

INSERT INTO populated_locality ("name", id, region_id)
VALUES ('Волочиск', 'd654e897-c88c-467c-a3ea-d77091037cab', '8ba501a2-f025-4e65-acf5-12a48f2fc4a3'),
    ('Городок', '6d7a97f1-e871-4953-9636-edef9955826e', '8ba501a2-f025-4e65-acf5-12a48f2fc4a3'),
    ('Деражня', '270d9603-06e9-46af-b206-99afd9977044', '8ba501a2-f025-4e65-acf5-12a48f2fc4a3'),
    ('Дунаевцы', '6704ab59-a3d5-4490-bd48-1f301a79f9ba', '8ba501a2-f025-4e65-acf5-12a48f2fc4a3'),
    ('Изяслав', '56fc198c-aa79-43ad-a9b3-d65eacedc485', '8ba501a2-f025-4e65-acf5-12a48f2fc4a3'),
    ('Каменец-Подольский', '22508263-ad2c-4801-a74f-39e65f325a44', '8ba501a2-f025-4e65-acf5-12a48f2fc4a3'),
    ('Красилов', '24785a0d-3d64-4b47-bf2e-9077990e7d4a', '8ba501a2-f025-4e65-acf5-12a48f2fc4a3'),
    ('Нетешин', 'e7adc2b4-6ed5-4cc0-b492-c3f6b2cb09de', '8ba501a2-f025-4e65-acf5-12a48f2fc4a3'),
    ('Полонное', '164ab343-6aac-41f9-8d9b-09d975b6a316', '8ba501a2-f025-4e65-acf5-12a48f2fc4a3'),
    ('Славута', '20f3ca2a-885d-4c29-b146-dc52caccc1bd', '8ba501a2-f025-4e65-acf5-12a48f2fc4a3'),
    ('Староконстантинов', '22c3c884-1e91-42ea-a0f6-d2d056e3f9b5', '8ba501a2-f025-4e65-acf5-12a48f2fc4a3'),
    ('Хмельницкий', '8f8e9988-ec20-443a-81f2-6a8cd78fcafd', '8ba501a2-f025-4e65-acf5-12a48f2fc4a3'),
    ('Шепетовка', 'b97c6e9b-a2f4-49a6-8961-ede09c7132c3', '8ba501a2-f025-4e65-acf5-12a48f2fc4a3');
INSERT INTO populated_locality ("name", id, region_id)
VALUES ('Антонины', 'a782c2f6-354a-4a4f-a9b8-08576675ee7e', '8ba501a2-f025-4e65-acf5-12a48f2fc4a3'),
    ('Базалия', 'cba1b952-a856-49ec-a8a2-9d5f96982b41', '8ba501a2-f025-4e65-acf5-12a48f2fc4a3'),
    ('Белогорье', '566da4b8-186d-4f76-9388-d004050764a9', '8ba501a2-f025-4e65-acf5-12a48f2fc4a3'),
    ('Виньковцы', '05091cb1-e875-45b6-bc29-46ce9cd5132f', '8ba501a2-f025-4e65-acf5-12a48f2fc4a3'),
    ('Войтовцы', '8cd7c1ac-ef4c-430c-9abb-b028581ddf61', '8ba501a2-f025-4e65-acf5-12a48f2fc4a3'),
    ('Волковинцы', 'ba988a59-8325-4b12-9e75-574f623ad14c', '8ba501a2-f025-4e65-acf5-12a48f2fc4a3'),
    ('Грицев', 'aa2f8902-8e4a-4563-ac17-98dc432a3c90', '8ba501a2-f025-4e65-acf5-12a48f2fc4a3'),
    ('Дунаевцы', '05d95d9c-d77f-4d9a-af80-5312ea6c31e1', '8ba501a2-f025-4e65-acf5-12a48f2fc4a3'),
    ('Закупное', 'b86d2501-88a0-4453-90c2-ee3a8cf4e4b7', '8ba501a2-f025-4e65-acf5-12a48f2fc4a3'),
    ('Летичев', '7a7e4036-7828-47a1-b1dd-8de3f372a64f', '8ba501a2-f025-4e65-acf5-12a48f2fc4a3'),
    ('Меджибож', '97eff79a-7cce-431b-9b66-d6a186f1356a', '8ba501a2-f025-4e65-acf5-12a48f2fc4a3'),
    ('Лозовое', 'fead379a-e781-4c48-9193-53bcd1d3f0cd', '8ba501a2-f025-4e65-acf5-12a48f2fc4a3'),
    ('Наркевичи', '81e68b11-97dc-40b6-b864-61cd013435c8', '8ba501a2-f025-4e65-acf5-12a48f2fc4a3'),
    ('Новая Ушица', 'b04a8326-66a6-42c9-9af1-78faa3acab34', '8ba501a2-f025-4e65-acf5-12a48f2fc4a3'),
    ('Понинка', '1c29c41d-7f76-4e85-8a76-355e6ac14eee', '8ba501a2-f025-4e65-acf5-12a48f2fc4a3'),
    ('Сатанов', '8fcf255c-8f75-4eae-85e1-c1d2530ad19b', '8ba501a2-f025-4e65-acf5-12a48f2fc4a3'),
    ('Смотрич', '6ce4f1f8-0894-4f4c-ae0e-76c893edd73d', '8ba501a2-f025-4e65-acf5-12a48f2fc4a3'),
    ('Старая Синява', '1a70fa12-d18d-40c1-ae47-e96c10300d8b', '8ba501a2-f025-4e65-acf5-12a48f2fc4a3'),
    ('Старая Ушица', '09888616-4a71-4b9c-a6a8-d3d6ca2db71e', '8ba501a2-f025-4e65-acf5-12a48f2fc4a3'),
    ('Теофиполь', 'd9194451-faa6-47e7-bfce-9f7f9e7500d8', '8ba501a2-f025-4e65-acf5-12a48f2fc4a3'),
    ('Чемеровцы', '06789634-3e85-4de5-a04e-70d84987a84a', '8ba501a2-f025-4e65-acf5-12a48f2fc4a3'),
    ('Чёрный Остров', '11b8da49-aa63-4c49-a2f2-d9a70adc98eb', '8ba501a2-f025-4e65-acf5-12a48f2fc4a3'),
    ('Ямполь', 'bdfa7ebe-f6f2-4397-8936-0a9d5701abec', '8ba501a2-f025-4e65-acf5-12a48f2fc4a3'),
    ('Ярмолинцы', 'e1048ed8-2e68-45dd-a2f7-5242615c9b82', '8ba501a2-f025-4e65-acf5-12a48f2fc4a3');

INSERT INTO region (id, "name", country_id)
VALUES ('6010f165-8cb0-445f-aec0-decbec262f9a', 'Черкасская область', 'fba52635-0325-43a2-a2bd-8027041beb4b');

INSERT INTO populated_locality ("name", id, region_id)
VALUES ('Ватутино', 'a1e1619e-5022-480c-813b-0241a5ac30b8', '6010f165-8cb0-445f-aec0-decbec262f9a'),
    ('Городище', '9502ad66-aad9-4ce9-ad2f-a3de19ff8c87', '6010f165-8cb0-445f-aec0-decbec262f9a'),
    ('Жашков', 'bc1d3a0b-ec9b-4460-bb16-d5a997ff7a4a', '6010f165-8cb0-445f-aec0-decbec262f9a'),
    ('Звенигородка', 'd6c9cf3d-1931-456b-8515-5be163be1ace', '6010f165-8cb0-445f-aec0-decbec262f9a'),
    ('Золотоноша', 'd40086a9-7c0c-4acb-aa4c-ff746f90b717', '6010f165-8cb0-445f-aec0-decbec262f9a'),
    ('Каменка', 'dd49a248-c7b3-4a3a-bc03-f3c62f141800', '6010f165-8cb0-445f-aec0-decbec262f9a'),
    ('Канев', '5858bc92-8917-4a65-88c4-39040f8cedef', '6010f165-8cb0-445f-aec0-decbec262f9a'),
    ('Корсунь-Шевченковский', 'e7f511aa-2810-45d0-95c0-4c2138b70d37', '6010f165-8cb0-445f-aec0-decbec262f9a'),
    ('Монастырище', '8746a8f5-86ab-460e-ad5d-064ec962b7f2', '6010f165-8cb0-445f-aec0-decbec262f9a'),
    ('Смела', '3fefe240-565b-49ba-b026-feba4ba1efe0', '6010f165-8cb0-445f-aec0-decbec262f9a'),
    ('Тальное', '15e1cc83-2029-430e-902a-6bc65775acf2', '6010f165-8cb0-445f-aec0-decbec262f9a'),
    ('Умань', '12dfbb54-e93d-4955-b17c-18c534e8e2db', '6010f165-8cb0-445f-aec0-decbec262f9a'),
    ('Христиновка', '37ddbfc6-ffed-44b8-8290-cbda2cbb879b', '6010f165-8cb0-445f-aec0-decbec262f9a'),
    ('Черкассы', 'f3b3cadf-5848-49cd-b0f6-9266ad0889f8', '6010f165-8cb0-445f-aec0-decbec262f9a'),
    ('Чигирин', '066d2660-b982-4234-8c9c-1a558a77b5d0', '6010f165-8cb0-445f-aec0-decbec262f9a'),
    ('Шпола', 'b555b6ee-77b6-4dd9-8e7b-1692ae03cc4b', '6010f165-8cb0-445f-aec0-decbec262f9a');
INSERT INTO populated_locality ("name", id, region_id)
VALUES ('Бабанка', '5860c1b4-83d8-4cef-87d2-f3be5eb13904', '6010f165-8cb0-445f-aec0-decbec262f9a'),
    ('Буки', 'af8dbe4a-0f0f-4d7c-9b02-8d57760d9636', '6010f165-8cb0-445f-aec0-decbec262f9a'),
    ('Верхнячка', 'c1548cca-7465-4c2f-a57e-4523fff0f580', '6010f165-8cb0-445f-aec0-decbec262f9a'),
    ('Драбов', '775cdbe1-9981-4970-b2b9-c0743ecdeea0', '6010f165-8cb0-445f-aec0-decbec262f9a'),
    ('Ерки', '757bed4a-e74c-456f-9551-f274ef40b290', '6010f165-8cb0-445f-aec0-decbec262f9a'),
    ('Ирдынь', '1080a36d-cc08-459e-847b-58b7c78cf7ec', '6010f165-8cb0-445f-aec0-decbec262f9a'),
    ('Катеринополь', '7894843e-1da0-4ce2-8a89-e774e9447a17', '6010f165-8cb0-445f-aec0-decbec262f9a'),
    ('Лысянка', '5d0f082b-8296-48ef-b427-d098a8def54d', '6010f165-8cb0-445f-aec0-decbec262f9a'),
    ('Маньковка', '044bc5e2-0060-47b0-a652-51c7329717bd', '6010f165-8cb0-445f-aec0-decbec262f9a'),
    ('Ольшана', '4d9f64e7-6e5b-4c33-8365-f32667624871', '6010f165-8cb0-445f-aec0-decbec262f9a'),
    ('Стеблёв', '6e46d7e0-eab4-44a0-a9da-fbaf0b060a05', '6010f165-8cb0-445f-aec0-decbec262f9a'),
    ('Цветково', '301f2764-1055-42d4-b3b3-b94ab0020cec', '6010f165-8cb0-445f-aec0-decbec262f9a'),
    ('Цибулев', '99faf314-0748-4b5c-8b20-3d52209861c1', '6010f165-8cb0-445f-aec0-decbec262f9a'),
    ('Чернобай', '86a0239f-d582-4591-a8d6-0467ed83f1e6', '6010f165-8cb0-445f-aec0-decbec262f9a'),
    ('Шрамковка', '036bd83b-807b-4c1b-afef-3901b069c6d3', '6010f165-8cb0-445f-aec0-decbec262f9a');

INSERT INTO region (id, "name", country_id)
VALUES ('8d0d359d-5a7c-47e8-98be-cb4d5d0146b9', 'Черниговская область', 'fba52635-0325-43a2-a2bd-8027041beb4b');

INSERT INTO populated_locality ("name", id, region_id)
VALUES ('Батурин', '5e15b0cd-bb56-4f65-8ed7-6f0f7c3261d4', '8d0d359d-5a7c-47e8-98be-cb4d5d0146b9'),
    ('Бахмач', '9ff10997-bdff-4e8b-8061-e7d744f56d81', '8d0d359d-5a7c-47e8-98be-cb4d5d0146b9'),
    ('Бобровица', '2952483a-9ec3-44c2-9ec9-48df087f1f52', '8d0d359d-5a7c-47e8-98be-cb4d5d0146b9'),
    ('Борзна', '1bbc6750-28e5-44b9-9891-f25a0d97b29f', '8d0d359d-5a7c-47e8-98be-cb4d5d0146b9'),
    ('Городня', '4c7166f2-d749-4024-baa5-70ec73ed201c', '8d0d359d-5a7c-47e8-98be-cb4d5d0146b9'),
    ('Ичня', 'c814155b-1ff1-4ff5-86f4-978d2895e5b0', '8d0d359d-5a7c-47e8-98be-cb4d5d0146b9'),
    ('Корюковка', '08d8660b-6d87-4367-97d5-d748354b838a', '8d0d359d-5a7c-47e8-98be-cb4d5d0146b9'),
    ('Мена', '3639c81f-3bb2-42b2-a5fe-7a4e58560d2f', '8d0d359d-5a7c-47e8-98be-cb4d5d0146b9'),
    ('Нежин', '6363e9e0-e8ac-4135-80f6-d8dca42f316e', '8d0d359d-5a7c-47e8-98be-cb4d5d0146b9'),
    ('Новгород-Северский', '6a5ee3a3-057e-4f92-b5ea-66153fabde0e', '8d0d359d-5a7c-47e8-98be-cb4d5d0146b9'),
    ('Носовка', 'c1807780-483c-4366-80d9-9f3fac4e10bc', '8d0d359d-5a7c-47e8-98be-cb4d5d0146b9'),
    ('Остёр', '0188ee99-f5a5-4df1-994e-65c710c785e9', '8d0d359d-5a7c-47e8-98be-cb4d5d0146b9'),
    ('Прилуки', 'f231eb87-3a0d-4e5a-b180-7c092750b231', '8d0d359d-5a7c-47e8-98be-cb4d5d0146b9'),
    ('Семёновка', '419a776b-7489-4802-8cf8-6ba8a3d35863', '8d0d359d-5a7c-47e8-98be-cb4d5d0146b9'),
    ('Сновск', '6a080efc-7e5a-4a02-ac07-5bdcacc9c0ff', '8d0d359d-5a7c-47e8-98be-cb4d5d0146b9'),
    ('Чернигов', '9e4e1444-5afb-4efd-9204-05b8d29d1b69', '8d0d359d-5a7c-47e8-98be-cb4d5d0146b9');
INSERT INTO populated_locality ("name", id, region_id)
VALUES ('Березна', '46135b4d-0ad0-43e3-9368-177d30a887db', '8d0d359d-5a7c-47e8-98be-cb4d5d0146b9'),
    ('Варва', '7a2fc043-9688-48aa-a21c-0778aea9edf0', '8d0d359d-5a7c-47e8-98be-cb4d5d0146b9'),
    ('Гончаровское', '79cca504-bbc0-4642-b289-f445dab97a62', '8d0d359d-5a7c-47e8-98be-cb4d5d0146b9'),
    ('Дегтяри', 'd6a12c3a-b201-48d5-9cdb-d1893ca4f958', '8d0d359d-5a7c-47e8-98be-cb4d5d0146b9'),
    ('Десна', '77b1871d-6f41-4a76-9b5e-580db4f6e383', '8d0d359d-5a7c-47e8-98be-cb4d5d0146b9'),
    ('Дмитровка', '30ba7770-09c3-4462-b44e-b33fc2503080', '8d0d359d-5a7c-47e8-98be-cb4d5d0146b9'),
    ('Добрянка', 'bf2da6d7-26e2-415a-91a0-616fccb196ea', '8d0d359d-5a7c-47e8-98be-cb4d5d0146b9'),
    ('Дружба', 'b1b5dd90-2601-4970-89d8-a73f5216fee1', '8d0d359d-5a7c-47e8-98be-cb4d5d0146b9'),
    ('Замглай', 'b9090cc0-6fb1-4362-999d-eab83ccfeb44', '8d0d359d-5a7c-47e8-98be-cb4d5d0146b9'),
    ('Козелец', '9da4e416-c557-4040-af2d-8fef589f741e', '8d0d359d-5a7c-47e8-98be-cb4d5d0146b9'),
    ('Короп', 'f9a4323e-f404-467d-81e1-4d613f7f16f6', '8d0d359d-5a7c-47e8-98be-cb4d5d0146b9'),
    ('Куликовка', '15653b1c-dd33-48e3-ab9f-f22a12d42226', '8d0d359d-5a7c-47e8-98be-cb4d5d0146b9'),
    ('Ладан', '3c6d8e14-41e3-4087-b37f-90f463dd447e', '8d0d359d-5a7c-47e8-98be-cb4d5d0146b9'),
    ('Линовица', '370b3f90-9203-427f-9165-e3f99944cabf', '8d0d359d-5a7c-47e8-98be-cb4d5d0146b9'),
    ('Лосиновка', '69f1438b-5269-4e83-89ae-2391425988ff', '8d0d359d-5a7c-47e8-98be-cb4d5d0146b9'),
    ('Любеч', '2864b66e-e190-48d8-9e1f-9c987a9bb48a', '8d0d359d-5a7c-47e8-98be-cb4d5d0146b9'),
    ('Макошино', '8cf5a5ab-0fb8-4ef1-8b60-5dc057703e47', '8d0d359d-5a7c-47e8-98be-cb4d5d0146b9'),
    ('Малая Девица', '2835ee9e-bd95-4e92-b07a-23e861f20887', '8d0d359d-5a7c-47e8-98be-cb4d5d0146b9'),
    ('Михайло-Коцюбинское', '8433b240-8bb0-4ac0-8621-c42d3197c505', '8d0d359d-5a7c-47e8-98be-cb4d5d0146b9'),
    ('Олишевка', '30481be5-c409-4356-a919-b443002bce94', '8d0d359d-5a7c-47e8-98be-cb4d5d0146b9'),
    ('Парафиевка', '997621db-acf2-4e3a-95f6-5d9b2dba5a52', '8d0d359d-5a7c-47e8-98be-cb4d5d0146b9'),
    ('Понорница', 'f87b23c5-8743-41c9-a31f-bd3167ca3ab9', '8d0d359d-5a7c-47e8-98be-cb4d5d0146b9'),
    ('Радуль', '1af319d1-7315-4d80-beea-e181322dbaf7', '8d0d359d-5a7c-47e8-98be-cb4d5d0146b9'),
    ('Репки', '5ca3945a-7163-4278-aa29-4b5963f3d3cd', '8d0d359d-5a7c-47e8-98be-cb4d5d0146b9'),
    ('Седнев', '8a1214de-4eb0-44d8-b947-0c148b14644f', '8d0d359d-5a7c-47e8-98be-cb4d5d0146b9'),
    ('Сосница', '7ebcdb45-7233-4025-ab77-9aa834d24934', '8d0d359d-5a7c-47e8-98be-cb4d5d0146b9'),
    ('Сребное', '0515e8f0-9a9a-46b8-9d78-7e3e24cbf085', '8d0d359d-5a7c-47e8-98be-cb4d5d0146b9'),
    ('Талалаевка', '4295120e-9694-4bcb-9561-b2943c47ee5d', '8d0d359d-5a7c-47e8-98be-cb4d5d0146b9'),
    ('Холмы', '0bac0bb8-23e4-4e68-88a4-1acfb42a9fd9', '8d0d359d-5a7c-47e8-98be-cb4d5d0146b9');

INSERT INTO region (id, "name", country_id)
VALUES ('6a707b19-a1c2-461d-a05d-9e3632ef6fb0', 'Черновицкая область', 'fba52635-0325-43a2-a2bd-8027041beb4b');

INSERT INTO populated_locality ("name", id, region_id)
VALUES ('Вашковцы', 'de4c81dd-115c-41df-8984-3c5ef642aab6', '6a707b19-a1c2-461d-a05d-9e3632ef6fb0'),
    ('Вижница', 'bc19880f-bbb2-463e-99aa-de6c4827652e', '6a707b19-a1c2-461d-a05d-9e3632ef6fb0'),
    ('Герца', 'acad638e-741a-43ed-8d33-76bd350a8c55', '6a707b19-a1c2-461d-a05d-9e3632ef6fb0'),
    ('Заставна', 'e02867dc-2722-4806-8490-534e57c65a68', '6a707b19-a1c2-461d-a05d-9e3632ef6fb0'),
    ('Кицмань', '6655d29e-9943-4e75-bd6a-a9de24dd9b47', '6a707b19-a1c2-461d-a05d-9e3632ef6fb0'),
    ('Новоднестровск', '1382048b-7520-439f-bfe6-9a53eaef8828', '6a707b19-a1c2-461d-a05d-9e3632ef6fb0'),
    ('Новоселица', 'a5ab7c61-1405-42ac-931a-781d269a9a57', '6a707b19-a1c2-461d-a05d-9e3632ef6fb0'),
    ('Сокиряны', 'faa4b5f4-ce05-443a-ab83-294e123f09d2', '6a707b19-a1c2-461d-a05d-9e3632ef6fb0'),
    ('Сторожинец', 'a081ddef-e469-42f3-8c68-9d1459b97e03', '6a707b19-a1c2-461d-a05d-9e3632ef6fb0'),
    ('Хотин', 'fbfc3135-6eb6-42e4-8695-2e5dc3012d5a', '6a707b19-a1c2-461d-a05d-9e3632ef6fb0'),
    ('Черновцы', 'd9c5f849-56c0-4b72-96c9-5bbfafe8c0c7', '6a707b19-a1c2-461d-a05d-9e3632ef6fb0');
INSERT INTO populated_locality ("name", id, region_id)
VALUES ('Берегомет', '5d1ab7af-9c10-4dce-ae2a-c82ca829d56c', '6a707b19-a1c2-461d-a05d-9e3632ef6fb0'),
    ('Глыбокая', 'a22a1b09-25c8-41a3-bf33-36808873b622', '6a707b19-a1c2-461d-a05d-9e3632ef6fb0'),
    ('Кельменцы', '6e42f09f-f5c0-47fa-9387-e99233fd7ca3', '6a707b19-a1c2-461d-a05d-9e3632ef6fb0'),
    ('Кострижевка', '94df669f-5969-4c8b-ab53-f2b90ad79838', '6a707b19-a1c2-461d-a05d-9e3632ef6fb0'),
    ('Красноильск', 'b0585cd3-2630-4010-b1ef-6365c659c055', '6a707b19-a1c2-461d-a05d-9e3632ef6fb0'),
    ('Лужаны', '7896c3c4-a7a4-4a83-99ef-e4dfefdb7d10', '6a707b19-a1c2-461d-a05d-9e3632ef6fb0'),
    ('Неполоковцы', '9c25b27e-3c0d-4f74-bd84-ec16628096e7', '6a707b19-a1c2-461d-a05d-9e3632ef6fb0'),
    ('Путила', '1a0fa24e-9785-4f18-9572-b52941083eb8', '6a707b19-a1c2-461d-a05d-9e3632ef6fb0');

INSERT INTO region (id, "name", country_id)
VALUES ('5db28047-3063-4f53-bc55-fee9e6bd96eb', 'Автономная Республика Крым', 'fba52635-0325-43a2-a2bd-8027041beb4b');

INSERT INTO populated_locality ("name", id, region_id)
VALUES ('Алупка', 'f72b2cf2-cc5b-4ce8-a0e8-57fe35ec4d1e', '5db28047-3063-4f53-bc55-fee9e6bd96eb'),
    ('Алушта', 'e27ad993-ed7a-451a-abd2-501fc48eea9c', '5db28047-3063-4f53-bc55-fee9e6bd96eb'),
    ('Армянск', 'b579da2c-622e-4beb-b6c6-fe3919609d1c', '5db28047-3063-4f53-bc55-fee9e6bd96eb'),
    ('Бахчисарай', '745eb28b-f77d-4c2c-8971-95904b41e231', '5db28047-3063-4f53-bc55-fee9e6bd96eb'),
    ('Белогорск', '7632eee6-1369-4399-8066-a61eafe390e0', '5db28047-3063-4f53-bc55-fee9e6bd96eb'),
    ('Джанкой', '1fd1ae00-1d39-47e1-9c06-14d77a954336', '5db28047-3063-4f53-bc55-fee9e6bd96eb'),
    ('Евпатория', 'bb9a2bef-457b-4c75-8ee8-df3f320291ed', '5db28047-3063-4f53-bc55-fee9e6bd96eb'),
    ('Керчь', '4e6d9c53-a904-48c9-91b4-68e74dcba001', '5db28047-3063-4f53-bc55-fee9e6bd96eb'),
    ('Красноперекопск', 'd5db4b3b-8510-4cd1-9179-756be1aeccc1', '5db28047-3063-4f53-bc55-fee9e6bd96eb'),
    ('Саки', 'de05356e-bdb0-40ee-be92-bcb8edfe2063', '5db28047-3063-4f53-bc55-fee9e6bd96eb'),
    ('Симферополь', 'a06edab0-5bc0-44ef-ac79-8ee68291027b', '5db28047-3063-4f53-bc55-fee9e6bd96eb'),
    ('Севастополь', '6afebe5f-18e4-4f1a-9332-81abddb66fa4', '5db28047-3063-4f53-bc55-fee9e6bd96eb'),
    ('Старый Крым', 'd5f2c531-c8a6-428d-9c6a-06c9a5491859', '5db28047-3063-4f53-bc55-fee9e6bd96eb'),
    ('Судак', '9ac8c17b-c1ed-41c6-aeb3-c4b4609dc324', '5db28047-3063-4f53-bc55-fee9e6bd96eb'),
    ('Феодосия', 'f2bb48bf-11b0-4030-86a1-ef34bd7a105e', '5db28047-3063-4f53-bc55-fee9e6bd96eb'),
    ('Щёлкино', 'fc9a5542-038e-4180-9998-4c3203244462', '5db28047-3063-4f53-bc55-fee9e6bd96eb'),
    ('Ялта', '88cdf2ee-7e26-450a-a252-0eb5b0ec3977', '5db28047-3063-4f53-bc55-fee9e6bd96eb');
INSERT INTO populated_locality ("name", id, region_id)
VALUES ('Аграрное', '787c26ae-6415-47e9-9825-9fe409fd7366', '5db28047-3063-4f53-bc55-fee9e6bd96eb'),
    ('Аэрофлотский', '5ea56d88-530f-4bce-9da9-259f759846db', '5db28047-3063-4f53-bc55-fee9e6bd96eb'),
    ('Азовское', '88be6c6a-89e9-407c-b1b0-cd096ed05b05', '5db28047-3063-4f53-bc55-fee9e6bd96eb'),
    ('Багерово', '3cd4dd00-8b5e-428c-9763-536445f44ab1', '5db28047-3063-4f53-bc55-fee9e6bd96eb'),
    ('Береговое', '952f1934-c270-4914-8764-e8b5644f3a63', '5db28047-3063-4f53-bc55-fee9e6bd96eb'),
    ('Виноградное', '3badb72e-7172-45c5-9cae-7eb70f2059bb', '5db28047-3063-4f53-bc55-fee9e6bd96eb'),
    ('Вольное', 'bb449e01-c8f6-45dc-8d52-9ca1a033eb56', '5db28047-3063-4f53-bc55-fee9e6bd96eb'),
    ('Восход', 'cca9804a-6e63-4c3b-9892-de27dcd820b3', '5db28047-3063-4f53-bc55-fee9e6bd96eb'),
    ('Гаспра', 'e1359c9e-368e-4517-a8d1-b28f30ef1cad', '5db28047-3063-4f53-bc55-fee9e6bd96eb'),
    ('Гвардейское', '5ab7ea84-86c1-42e8-9439-72ab8c685206', '5db28047-3063-4f53-bc55-fee9e6bd96eb'),
    ('Голубой Залив', '9adb1840-787d-4a0c-ac28-9d3933ea2420', '5db28047-3063-4f53-bc55-fee9e6bd96eb'),
    ('Грэсовский', '0b1d095d-ce49-471a-a936-bc45bc22e15f', '5db28047-3063-4f53-bc55-fee9e6bd96eb'),
    ('Гурзуф', '82022539-8fce-4d78-8296-bbc207484160', '5db28047-3063-4f53-bc55-fee9e6bd96eb'),
    ('Заозёрное', '121ff14a-73a8-4bba-a6c9-d4f536457566', '5db28047-3063-4f53-bc55-fee9e6bd96eb'),
    ('Зуя', '28517302-f751-4445-94d3-f2480dd0c336', '5db28047-3063-4f53-bc55-fee9e6bd96eb'),
    ('Кацивели', '20fd5c52-a36f-4520-be49-044501b34fa9', '5db28047-3063-4f53-bc55-fee9e6bd96eb'),
    ('Кировское', 'd9507816-9377-4d5a-990d-399f610c3c9f', '5db28047-3063-4f53-bc55-fee9e6bd96eb'),
    ('Коктебель', '00acc8a0-0e8f-4cc7-853e-496213af44a9', '5db28047-3063-4f53-bc55-fee9e6bd96eb'),
    ('Комсомольское', 'cebc3868-7a98-423d-a112-eaf2dd3af68d', '5db28047-3063-4f53-bc55-fee9e6bd96eb'),
    ('Кореиз', '6ab80a68-e3bc-4c85-9baa-17ab3616b65c', '5db28047-3063-4f53-bc55-fee9e6bd96eb'),
    ('Красногвардейское', '7e52281f-9287-4769-be3b-98b51188ad9d', '5db28047-3063-4f53-bc55-fee9e6bd96eb'),
    ('Краснокаменка', '32f297e5-99e6-43a2-a790-7485c43a66a9', '5db28047-3063-4f53-bc55-fee9e6bd96eb'),
    ('Куйбышево', 'a04c82f5-4fa2-4055-9002-40bfbb4dc1fd', '5db28047-3063-4f53-bc55-fee9e6bd96eb'),
    ('Курортное', '971ae943-dd12-4071-ae21-1a88dc3a758f', '5db28047-3063-4f53-bc55-fee9e6bd96eb'),
    ('Курпаты', '15633eb9-72f5-4780-b088-b0730a9cd418', '5db28047-3063-4f53-bc55-fee9e6bd96eb'),
    ('Ленино', 'c982e4d4-a792-4b9f-90d5-ec177460132e', '5db28047-3063-4f53-bc55-fee9e6bd96eb'),
    ('Ливадия', '3b0fd9ed-6092-40cb-90aa-2fc3313b36d7', '5db28047-3063-4f53-bc55-fee9e6bd96eb'),
    ('Массандра', 'ed8dbcbd-858e-41b3-aab0-e664a14e9abf', '5db28047-3063-4f53-bc55-fee9e6bd96eb'),
    ('Мирный', '6f83a4ff-9efe-4707-aa4d-2743e5232311', '5db28047-3063-4f53-bc55-fee9e6bd96eb'),
    ('Молодёжное', 'a24e159e-530d-4552-a5ae-373d437a3e77', '5db28047-3063-4f53-bc55-fee9e6bd96eb'),
    ('Научный', 'cbeafd69-5d4b-4a80-ad3e-dfa537a0f0a7', '5db28047-3063-4f53-bc55-fee9e6bd96eb'),
    ('Нижнегорский', '396805b9-91b9-4fe6-a520-eb6832dbce95', '5db28047-3063-4f53-bc55-fee9e6bd96eb'),
    ('Никита', '3e602e82-7a89-4f64-ba4f-4255b1f4e347', '5db28047-3063-4f53-bc55-fee9e6bd96eb'),
    ('Николаевка', 'e37a82c2-3e88-425c-9975-a1ae5dce1b5e', '5db28047-3063-4f53-bc55-fee9e6bd96eb'),
    ('Новоозёрное', '9ad69ecf-2224-4062-9cde-524e9873c389', '5db28047-3063-4f53-bc55-fee9e6bd96eb'),
    ('Новосёловское', 'b7f08418-6088-408c-a868-397dcb324a6e', '5db28047-3063-4f53-bc55-fee9e6bd96eb'),
    ('Новофёдоровка', 'e905d677-8fbf-4aee-89b8-5975f3d6787f', '5db28047-3063-4f53-bc55-fee9e6bd96eb'),
    ('Новый Свет', '4c8a8b40-1eed-43d0-8fdf-9d50d73f9dc4', '5db28047-3063-4f53-bc55-fee9e6bd96eb'),
    ('Октябрьское', '4f3ae830-fd90-49e2-8f1e-342067ded735', '5db28047-3063-4f53-bc55-fee9e6bd96eb'),
    ('Орджоникидзе', '9cc98a8c-2b26-4a7c-b488-8eb4c3474139', '5db28047-3063-4f53-bc55-fee9e6bd96eb'),
    ('Ореанда', '4f5e4266-bc8c-425a-b0f2-9670871f56c3', '5db28047-3063-4f53-bc55-fee9e6bd96eb'),
    ('Отрадное', '65e7faa8-4d28-43cd-8db0-1a8e8f12864c', '5db28047-3063-4f53-bc55-fee9e6bd96eb'),
    ('Парковое', '82ca0f30-7a0b-40a9-81f8-58d8cd9c928f', '5db28047-3063-4f53-bc55-fee9e6bd96eb'),
    ('Партенит', '0c8b0263-c1f3-4138-a8ff-6eed27f75174', '5db28047-3063-4f53-bc55-fee9e6bd96eb'),
    ('Первомайское', '40044cb9-04d0-4ba2-bff9-53a96eab062c', '5db28047-3063-4f53-bc55-fee9e6bd96eb'),
    ('Понизовка', 'b95f3d18-4418-48d7-9584-8a320e4b1ec1', '5db28047-3063-4f53-bc55-fee9e6bd96eb'),
    ('Почтовое', 'f7a3ceb4-2975-4901-ad5b-e0c1c5ee8d5f', '5db28047-3063-4f53-bc55-fee9e6bd96eb'),
    ('Приморский', '4dfdbbed-bd31-43e1-b89e-0f7d6f06bc9e', '5db28047-3063-4f53-bc55-fee9e6bd96eb'),
    ('Раздольное', '8166ec02-1c4f-4adb-b314-70d24f5817ec', '5db28047-3063-4f53-bc55-fee9e6bd96eb'),
    ('Санаторное', '16f762b0-681d-4d6c-8130-c4f5f8b9ba6d', '5db28047-3063-4f53-bc55-fee9e6bd96eb'),
    ('Симеиз', '37d486e9-c063-440e-80e3-70502971465c', '5db28047-3063-4f53-bc55-fee9e6bd96eb'),
    ('Советский', 'da215380-0416-461a-b0f4-e8d4baf44ebf', '5db28047-3063-4f53-bc55-fee9e6bd96eb'),
    ('Советское', '12c001e1-d081-426d-9a3c-8a6c7a0d6e73', '5db28047-3063-4f53-bc55-fee9e6bd96eb'),
    ('Форос', 'd488b823-803a-4c9c-bde5-09d616bb1d87', '5db28047-3063-4f53-bc55-fee9e6bd96eb'),
    ('Черноморское', '174a2718-9635-4a18-89b3-36e31eba0613', '5db28047-3063-4f53-bc55-fee9e6bd96eb'),
    ('Щебетовка', '787195a9-4f40-4398-98b9-abc6c2198186', '5db28047-3063-4f53-bc55-fee9e6bd96eb');

INSERT INTO country (id, "name")
VALUES ('e7156acf-b118-4a23-92e4-8b2579ed798a', 'Россия');

-- Республики

INSERT INTO region (id, "name", country_id)
VALUES ('0fd8d975-3046-4bce-87bf-09644a1c32d4', 'Республика Адыгея', 'e7156acf-b118-4a23-92e4-8b2579ed798a');

INSERT INTO populated_locality ("name", id, region_id)
VALUES ('Адыгейск (городской округ)', 'a90f7e04-8fe4-4581-b80c-f4a5596d33d3', '0fd8d975-3046-4bce-87bf-09644a1c32d4'),
    ('Майкоп (городской округ)', '0d8f0413-0660-48df-a704-faf782445cc9', '0fd8d975-3046-4bce-87bf-09644a1c32d4');
INSERT INTO populated_locality ("name", id, region_id)
VALUES ('Тлюстенхабль', '1563fcf9-97f8-445d-a511-e8c0652f857e', '0fd8d975-3046-4bce-87bf-09644a1c32d4'),
    ('Энем', '43969537-d3e8-46fe-8f9e-42a2aaa51bde', '0fd8d975-3046-4bce-87bf-09644a1c32d4'),
    ('Яблоновский', '40bd0836-8b04-4903-992d-a3878b863043', '0fd8d975-3046-4bce-87bf-09644a1c32d4');

INSERT INTO region (id, "name", country_id)
VALUES ('63e535eb-67b7-4571-92cd-d6549ff393cc', 'Республика Алтай', 'e7156acf-b118-4a23-92e4-8b2579ed798a');

INSERT INTO populated_locality ("name", id, region_id)
VALUES ('Горно-Алтайск', '32f952f6-8db8-40f2-b43b-7ca8a79d2865', '63e535eb-67b7-4571-92cd-d6549ff393cc');

INSERT INTO region (id, "name", country_id)
VALUES ('108a5cf9-795b-4732-a6d7-246f0ee8e2fc', 'Республика Башкортостан', 'e7156acf-b118-4a23-92e4-8b2579ed798a');

INSERT INTO populated_locality ("name", id, region_id)
VALUES ('Агидель', 'b9f330fe-09ca-4af3-8fd3-932f61978612', '108a5cf9-795b-4732-a6d7-246f0ee8e2fc'),
    ('Баймак', 'e89c2ce6-468f-466e-9e3c-a8ae1c46b4e8', '108a5cf9-795b-4732-a6d7-246f0ee8e2fc'),
    ('Белебей', '4b1dcc09-7302-4f55-85c7-3b5e6fe9b0f5', '108a5cf9-795b-4732-a6d7-246f0ee8e2fc'),
    ('Белорецк', '3bc1aa73-0246-4166-9d83-16805fa543ae', '108a5cf9-795b-4732-a6d7-246f0ee8e2fc'),
    ('Бирск', '075bba54-cd50-49f3-b788-9b0c0e21c8ee', '108a5cf9-795b-4732-a6d7-246f0ee8e2fc'),
    ('Благовещенск', '6ac94f3d-b389-49ce-aba9-8f593af20d1c', '108a5cf9-795b-4732-a6d7-246f0ee8e2fc'),
    ('Давлеканово', '1ab03ae3-908d-4ee0-b4aa-088ef2d9a927', '108a5cf9-795b-4732-a6d7-246f0ee8e2fc'),
    ('Дюртюли', 'e3532312-36c8-4993-a49f-8d8d07665f76', '108a5cf9-795b-4732-a6d7-246f0ee8e2fc'),
    ('Ишимбай', '944f13ce-0a56-4b80-a149-354a5286084b', '108a5cf9-795b-4732-a6d7-246f0ee8e2fc'),
    ('Кумертау', '8a4bd91b-ffd2-4313-b62a-d78ea80aa031', '108a5cf9-795b-4732-a6d7-246f0ee8e2fc'),
    ('Межгорье', 'd552a94c-ba75-4a01-9333-13c0faaf3125', '108a5cf9-795b-4732-a6d7-246f0ee8e2fc'),
    ('Мелеуз', '761fc124-120f-4efe-a220-5b0352bda2dd', '108a5cf9-795b-4732-a6d7-246f0ee8e2fc'),
    ('Нефтекамск', 'ca6fb335-3628-4533-8ad4-1beb24539ae4', '108a5cf9-795b-4732-a6d7-246f0ee8e2fc'),
    ('Октябрьский', 'd20e7108-e8ce-4991-b665-65e127f473e1', '108a5cf9-795b-4732-a6d7-246f0ee8e2fc'),
    ('Салават', '89fc8371-89d4-4e4f-b65b-a9791fecb577', '108a5cf9-795b-4732-a6d7-246f0ee8e2fc'),
    ('Сибай', '4e86e066-26e1-4a35-9338-d3abb2e187df', '108a5cf9-795b-4732-a6d7-246f0ee8e2fc'),
    ('Стерлитамак', '602fb647-d066-4f3f-9ab2-115c0405671c', '108a5cf9-795b-4732-a6d7-246f0ee8e2fc'),
    ('Туймазы', 'a95ad1ac-1258-4f67-83ad-244db8a98f5a', '108a5cf9-795b-4732-a6d7-246f0ee8e2fc'),
    ('Учалы', '2738a219-a197-4599-92e3-4e491414f9d2', '108a5cf9-795b-4732-a6d7-246f0ee8e2fc'),
    ('Уфа', '63e659ff-3875-4acc-aae4-46e4ee655d95', '108a5cf9-795b-4732-a6d7-246f0ee8e2fc'),
    ('Янаул', '56649556-13b8-408c-81a6-721c139f6427', '108a5cf9-795b-4732-a6d7-246f0ee8e2fc');

INSERT INTO region (id, "name", country_id)
VALUES ('b437d24e-d317-4237-abc3-8ac138cc9867', 'Республика Бурятия', 'e7156acf-b118-4a23-92e4-8b2579ed798a');

INSERT INTO populated_locality ("name", id, region_id)
VALUES ('Бабушкин', '487406f2-4d98-467d-8c7f-ee18f1fbfa2e', 'b437d24e-d317-4237-abc3-8ac138cc9867'),
    ('Гусиноозёрск', '2d15bf2e-38f2-40e6-abe2-c8c1d1294910', 'b437d24e-d317-4237-abc3-8ac138cc9867'),
    ('Закаменск', 'f852fa59-8d63-47da-a543-2d0a44cf5bfc', 'b437d24e-d317-4237-abc3-8ac138cc9867'),
    ('Кяхта', '92e122d4-bcdc-49bf-aa2b-969625110db2', 'b437d24e-d317-4237-abc3-8ac138cc9867'),
    ('Северобайкальск', '29bdd6b2-5d52-480d-859d-f9e61c708efd', 'b437d24e-d317-4237-abc3-8ac138cc9867'),
    ('Улан-Удэ', '544dd509-9d70-40a7-80ce-64d2a571fb65', 'b437d24e-d317-4237-abc3-8ac138cc9867');
INSERT INTO populated_locality ("name", id, region_id)
VALUES ('Заиграево', '234c54d8-0fdc-420d-9ca1-da95ba4af73a', 'b437d24e-d317-4237-abc3-8ac138cc9867'),
    ('Каменск', '307174ec-5db5-474d-bc74-92ff810cfef6', 'b437d24e-d317-4237-abc3-8ac138cc9867'),
    ('Кичера', '060902de-4c83-4dbe-a001-0570aa35eeaf', 'b437d24e-d317-4237-abc3-8ac138cc9867'),
    ('Наушки', '694c3fbc-b90e-42cc-8c26-5cf71406f1ae', 'b437d24e-d317-4237-abc3-8ac138cc9867'),
    ('Нижнеангарск', '28a4b76d-5b5d-4d95-9c89-a8b61def915d', 'b437d24e-d317-4237-abc3-8ac138cc9867'),
    ('Новый Уоян', 'a18c20d3-08e0-4fe5-ae78-8e80ca034e22', 'b437d24e-d317-4237-abc3-8ac138cc9867'),
    ('Онохой', 'b3b73360-17e2-4fd5-bf73-3e252a14f148', 'b437d24e-d317-4237-abc3-8ac138cc9867'),
    ('Северомуйск', 'be5671e0-226a-4fa1-a68d-786f5f08041f', 'b437d24e-d317-4237-abc3-8ac138cc9867'),
    ('Селенгинск', 'dc659908-09ee-43e4-b457-dcec2746a18f', 'b437d24e-d317-4237-abc3-8ac138cc9867'),
    ('Таксимо', '11c3d52d-4df3-4d2e-b1fa-4b741e0834bb', 'b437d24e-d317-4237-abc3-8ac138cc9867'),
    ('Усть-Баргузин', 'cedb971f-8822-4da3-ba6c-dc6d3a1f1f9c', 'b437d24e-d317-4237-abc3-8ac138cc9867'),
    ('Янчукан', 'd3c3b288-96dc-4224-a8d6-27eb613e4b35', 'b437d24e-d317-4237-abc3-8ac138cc9867');

INSERT INTO region (id, "name", country_id)
VALUES ('e1f8c7e3-d63c-4784-81f5-d92d13f4ab1a', 'Республика Дагестан', 'e7156acf-b118-4a23-92e4-8b2579ed798a');

INSERT INTO populated_locality ("name", id, region_id)
VALUES ('Буйнакск', '68c43a78-4a7d-4261-9597-af8b0f90ef4d', 'e1f8c7e3-d63c-4784-81f5-d92d13f4ab1a'),
    ('Дагестанские Огни', '9c5ab519-f905-4a89-a1a6-d1ebe8e84a0c', 'e1f8c7e3-d63c-4784-81f5-d92d13f4ab1a'),
    ('Дербент', '98df760c-0b9d-430c-bbf1-7b2e3eab7c97', 'e1f8c7e3-d63c-4784-81f5-d92d13f4ab1a'),
    ('Избербаш', '522b36d6-f792-4f4a-b1bb-5d685123d1e7', 'e1f8c7e3-d63c-4784-81f5-d92d13f4ab1a'),
    ('Каспийск', '66a11ed0-f34e-4f59-be13-a3d3c86fa91c', 'e1f8c7e3-d63c-4784-81f5-d92d13f4ab1a'),
    ('Кизилюрт', 'e4be3777-c693-4928-939b-495c68786198', 'e1f8c7e3-d63c-4784-81f5-d92d13f4ab1a'),
    ('Кизляр', 'f9f91026-c83e-438c-882f-ae5764b00ac4', 'e1f8c7e3-d63c-4784-81f5-d92d13f4ab1a'),
    ('Махачкала', '54a7dcbb-ba2c-4c6d-9a8c-71f0088ee3da', 'e1f8c7e3-d63c-4784-81f5-d92d13f4ab1a'),
    ('Хасавюрт', '67e4de61-10ef-427b-a89f-f05bbb98db0d', 'e1f8c7e3-d63c-4784-81f5-d92d13f4ab1a'),
    ('Южно-Сухокумск', 'de50520b-a899-466b-afc6-83b154b3c73f', 'e1f8c7e3-d63c-4784-81f5-d92d13f4ab1a');
INSERT INTO populated_locality ("name", id, region_id)
VALUES ('Альбурикент', '4ed4e3b7-b80d-4cb2-b463-e8b341b961d2', 'e1f8c7e3-d63c-4784-81f5-d92d13f4ab1a'),
    ('Ачи-Су', '4e831662-c95a-4efb-a293-c23b2fd89032', 'e1f8c7e3-d63c-4784-81f5-d92d13f4ab1a'),
    ('Бавтугай', '2436d628-abd2-4c62-98ac-f0380477b625', 'e1f8c7e3-d63c-4784-81f5-d92d13f4ab1a'),
    ('Белиджи', '3f7817d5-28c1-43b7-8ffe-2ded7f85b0ae', 'e1f8c7e3-d63c-4784-81f5-d92d13f4ab1a'),
    ('Дубки', 'bdf4ff38-029e-45ba-8316-62cdbfc533e0', 'e1f8c7e3-d63c-4784-81f5-d92d13f4ab1a'),
    ('Комсомольский', '1337953d-d1e4-4260-88cd-d119f07f96a2', 'e1f8c7e3-d63c-4784-81f5-d92d13f4ab1a'),
    ('Кяхулай', '0b600cec-5a61-4ff8-b1ad-6aa42da6f3c1', 'e1f8c7e3-d63c-4784-81f5-d92d13f4ab1a'),
    ('Ленинкент', '506c7eb6-9338-47a0-aca3-bd205d68b459', 'e1f8c7e3-d63c-4784-81f5-d92d13f4ab1a'),
    ('Мамедкала', 'b9b81a99-224f-432a-90ee-61832d1994aa', 'e1f8c7e3-d63c-4784-81f5-d92d13f4ab1a'),
    ('Манас', '236d76e2-16e2-40e2-8ef2-8d6af9a906df', 'e1f8c7e3-d63c-4784-81f5-d92d13f4ab1a'),
    ('Новый Кяхулай', 'dc6f688c-61bf-4cee-9403-250b1bbe0644', 'e1f8c7e3-d63c-4784-81f5-d92d13f4ab1a'),
    ('Новый Сулак', '2b122581-8d5e-42af-b96d-bd80f6fb1b12', 'e1f8c7e3-d63c-4784-81f5-d92d13f4ab1a'),
    ('Семендер', '7a10f71d-44c9-40ae-ad86-abd964c8c237', 'e1f8c7e3-d63c-4784-81f5-d92d13f4ab1a'),
    ('Сулак', '634b4fda-d0f4-4427-8e40-6ce9420d348a', 'e1f8c7e3-d63c-4784-81f5-d92d13f4ab1a'),
    ('Тарки', '5df6e548-b44d-4d35-adf5-3cd81977a864', 'e1f8c7e3-d63c-4784-81f5-d92d13f4ab1a'),
    ('Тюбе', '8abee756-367a-4e4c-8996-59f2b14eb752', 'e1f8c7e3-d63c-4784-81f5-d92d13f4ab1a'),
    ('Шамилькала', 'ddc92db2-7aab-4186-944d-7990ca07e92e', 'e1f8c7e3-d63c-4784-81f5-d92d13f4ab1a'),
    ('Шамхал', 'c53d3ee8-dba1-4430-8794-ccdf30c34330', 'e1f8c7e3-d63c-4784-81f5-d92d13f4ab1a');

INSERT INTO region (id, "name", country_id)
VALUES ('b5ebc6a7-2dc9-4608-b3e5-b5c209285f16', 'Республика Ингушетия', 'e7156acf-b118-4a23-92e4-8b2579ed798a');

INSERT INTO populated_locality ("name", id, region_id)
VALUES ('Карабулак', '13264d6f-adb9-4e5c-93e5-32f92a99b292', 'b5ebc6a7-2dc9-4608-b3e5-b5c209285f16'),
    ('Магас', '74f72e64-c280-4bfe-a735-d55cf14c1943', 'b5ebc6a7-2dc9-4608-b3e5-b5c209285f16'),
    ('Малгобек', '012ab7af-b3a0-4535-a5a9-4f00bef0abc3', 'b5ebc6a7-2dc9-4608-b3e5-b5c209285f16'),
    ('Назрань', '6d244356-2ef6-4b44-82a7-79842ef96e82', 'b5ebc6a7-2dc9-4608-b3e5-b5c209285f16'),
    ('Сунжа', 'e5bb544d-1401-442c-8e4b-5acfdaf436e0', 'b5ebc6a7-2dc9-4608-b3e5-b5c209285f16');

INSERT INTO region (id, "name", country_id)
VALUES ('ad7694a2-d3d1-4530-8153-db7eb40d59b3', 'Кабардино-Балкарская Республика', 'e7156acf-b118-4a23-92e4-8b2579ed798a');

INSERT INTO populated_locality ("name", id, region_id)
VALUES ('Баксан', '9245cdf6-85ce-4fe7-9da7-9c74249200e8', 'ad7694a2-d3d1-4530-8153-db7eb40d59b3'),
    ('Майский', '1544ed49-dfa0-48fb-9839-c3206043337e', 'ad7694a2-d3d1-4530-8153-db7eb40d59b3'),
    ('Нальчик', '048a943c-adc6-4276-8931-56208f40e1a2', 'ad7694a2-d3d1-4530-8153-db7eb40d59b3'),
    ('Нарткала', '76faa204-f9b8-4514-9074-5b8896c7501e', 'ad7694a2-d3d1-4530-8153-db7eb40d59b3'),
    ('Прохладный', '7f9f565b-588e-48b8-ad2a-8266fb0e23da', 'ad7694a2-d3d1-4530-8153-db7eb40d59b3'),
    ('Терек', 'e35f30f1-b532-4535-ac5a-6f2bfa4d3972', 'ad7694a2-d3d1-4530-8153-db7eb40d59b3'),
    ('Тырныауз', 'ab21b396-efe2-4500-b8b1-296c533641f3', 'ad7694a2-d3d1-4530-8153-db7eb40d59b3'),
    ('Чегем', '49871b6e-8774-4859-8aa2-cd6828819f2e', 'ad7694a2-d3d1-4530-8153-db7eb40d59b3');

INSERT INTO region (id, "name", country_id)
VALUES ('dd42cb2e-6edf-46b0-adda-95cbf517e2e8', 'Республика Калмыкия', 'e7156acf-b118-4a23-92e4-8b2579ed798a');

INSERT INTO populated_locality ("name", id, region_id)
VALUES ('Городовиковск', 'f327485b-f0e9-4422-90d5-3a13d542dc02', 'dd42cb2e-6edf-46b0-adda-95cbf517e2e8'),
    ('Лагань', '3fe811b8-7556-4997-9ff7-04d232906d49', 'dd42cb2e-6edf-46b0-adda-95cbf517e2e8'),
    ('Элиста', '6f9c610a-82d0-4c59-a62e-5237aac46fa4', 'dd42cb2e-6edf-46b0-adda-95cbf517e2e8');

INSERT INTO region (id, "name", country_id)
VALUES ('82774cde-c0fc-4f45-ab25-e88ef6423b7f', 'Карачаево-Черкесская Республика', 'e7156acf-b118-4a23-92e4-8b2579ed798a');

INSERT INTO populated_locality ("name", id, region_id)
VALUES ('Карачаевск', 'e387e76b-921e-4155-9615-d125fc88e958', '82774cde-c0fc-4f45-ab25-e88ef6423b7f'),
    ('Теберда', 'b816ebb5-8347-4f26-984d-661a0d946cd2', '82774cde-c0fc-4f45-ab25-e88ef6423b7f'),
    ('Усть-Джегута', '59bd2d49-279a-4255-b84e-87cb219ccc7f', '82774cde-c0fc-4f45-ab25-e88ef6423b7f'),
    ('Черкесск', '1f3588fd-8dfa-49e3-a8ac-16165feb8f11', '82774cde-c0fc-4f45-ab25-e88ef6423b7f');
INSERT INTO populated_locality ("name", id, region_id)
VALUES ('Домбай', '71ceb4fb-44ad-40f5-9900-ce14409ef286', '82774cde-c0fc-4f45-ab25-e88ef6423b7f'),
    ('Медногорский', 'f242b9a7-e6a8-4a75-81f9-5bd6196c6e0b', '82774cde-c0fc-4f45-ab25-e88ef6423b7f'),
    ('Новый Карачай', '5b23a864-3d96-40b0-9e71-1525e6ee0757', '82774cde-c0fc-4f45-ab25-e88ef6423b7f'),
    ('Орджоникидзевский', '0fd2e48e-1025-4c4e-8e65-0e1bd14b3711', '82774cde-c0fc-4f45-ab25-e88ef6423b7f'),
    ('Правокубанский', 'f61b63ec-a424-466b-91b8-29d0a164f8ee', '82774cde-c0fc-4f45-ab25-e88ef6423b7f'),
    ('Ударный', '1ebaa9a7-736f-40a1-a66b-adfdf8b1ff5c', '82774cde-c0fc-4f45-ab25-e88ef6423b7f'),
    ('Эльбрусский', '085c5e10-fba8-4f3d-991f-fca1b0727f7a', '82774cde-c0fc-4f45-ab25-e88ef6423b7f');

INSERT INTO region (id, "name", country_id)
VALUES ('dbb20d65-160b-430c-95a6-b769dcdcc256', 'Республика Карелия', 'e7156acf-b118-4a23-92e4-8b2579ed798a');

INSERT INTO populated_locality ("name", id, region_id)
VALUES ('Беломорск', 'fa71807e-ac33-49a1-8132-10227c16ddfd', 'dbb20d65-160b-430c-95a6-b769dcdcc256'),
    ('Кемь', '500f60e6-1850-4f9f-af23-600fdb425e88', 'dbb20d65-160b-430c-95a6-b769dcdcc256'),
    ('Кондопога', '0ab67833-2289-4bca-932b-1592bd1dbc3a', 'dbb20d65-160b-430c-95a6-b769dcdcc256'),
    ('Костомукша', '040c29ca-efa3-46a6-ba50-e36b1ce95206', 'dbb20d65-160b-430c-95a6-b769dcdcc256'),
    ('Лахденпохья', '99ef9914-76e8-4b58-9f99-f2c4d9d7cd73', 'dbb20d65-160b-430c-95a6-b769dcdcc256'),
    ('Медвежьегорск', 'ce435932-dc7a-40fa-93b3-763d362b145d', 'dbb20d65-160b-430c-95a6-b769dcdcc256'),
    ('Олонец', '3d52c9e3-1850-440b-918a-caf9b6867979', 'dbb20d65-160b-430c-95a6-b769dcdcc256'),
    ('Петрозаводск', '0dc21214-86bd-4e44-a123-16a21782995e', 'dbb20d65-160b-430c-95a6-b769dcdcc256'),
    ('Питкяранта', '7c9aea1b-2cb0-452e-9ad8-87b7b6efc67f', 'dbb20d65-160b-430c-95a6-b769dcdcc256'),
    ('Пудож', 'b286f23a-d577-4a80-ae52-00c764fd2345', 'dbb20d65-160b-430c-95a6-b769dcdcc256'),
    ('Сегежа', '85e5f4f2-25e6-4222-99c4-ccd476d55ce7', 'dbb20d65-160b-430c-95a6-b769dcdcc256'),
    ('Сортавала', 'a7e7447f-a689-4d64-9564-6af5dcb6f3a7', 'dbb20d65-160b-430c-95a6-b769dcdcc256'),
    ('Суоярви', 'cdf079cc-b762-4b36-84cf-9c63fcab435c', 'dbb20d65-160b-430c-95a6-b769dcdcc256');
INSERT INTO populated_locality ("name", id, region_id)
VALUES ('Вяртсиля', 'a405d61a-c5c8-4d2c-8b66-c9526fe7975f', 'dbb20d65-160b-430c-95a6-b769dcdcc256'),
    ('Калевала', '6b1063d5-35fa-4c07-834a-ad81e072b10b', 'dbb20d65-160b-430c-95a6-b769dcdcc256'),
    ('Лоухи', '71d7172b-d278-4f49-afb2-619b2dbb3d51', 'dbb20d65-160b-430c-95a6-b769dcdcc256'),
    ('Муезерский', '1e90a589-9bbf-4ad3-9b4a-f94ff08be5db', 'dbb20d65-160b-430c-95a6-b769dcdcc256'),
    ('Надвоицы', 'f417e435-8e02-4932-809b-ac8fce569a8c', 'dbb20d65-160b-430c-95a6-b769dcdcc256'),
    ('Пиндуши', '575bf8dd-0fa5-42b5-8402-fb15bf2e8236', 'dbb20d65-160b-430c-95a6-b769dcdcc256'),
    ('Повенец', '2af06db3-f72f-48ad-a7c6-54f4a4625c08', 'dbb20d65-160b-430c-95a6-b769dcdcc256'),
    ('Пряжа', '7d5d7942-b6be-4c97-8e9f-3a8a2699d54e', 'dbb20d65-160b-430c-95a6-b769dcdcc256'),
    ('Пяозерский', 'ca3fdc29-703b-43a0-bca6-73f98da5180e', 'dbb20d65-160b-430c-95a6-b769dcdcc256'),
    ('Хелюля', '426dfb3e-80bf-47c9-9244-e2217f6b0160', 'dbb20d65-160b-430c-95a6-b769dcdcc256'),
    ('Чупа', '0c989ac6-73ab-4d46-85e8-4e368d601b31', 'dbb20d65-160b-430c-95a6-b769dcdcc256');

INSERT INTO region (id, "name", country_id)
VALUES ('4c58078a-08e5-4bea-bf72-cd441ead17f7', 'Республика Коми', 'e7156acf-b118-4a23-92e4-8b2579ed798a');

INSERT INTO populated_locality ("name", id, region_id)
VALUES ('Воркута', 'c37f6b08-35e0-44dd-95a1-93120116200f', '4c58078a-08e5-4bea-bf72-cd441ead17f7'),
    ('Вуктыл', '21e24474-02ed-4193-aa84-312434d2cd39', '4c58078a-08e5-4bea-bf72-cd441ead17f7'),
    ('Емва', '8f421190-7496-47ec-adc1-5d1970ad69a1', '4c58078a-08e5-4bea-bf72-cd441ead17f7'),
    ('Инта', '3b129e6f-09e1-4961-9714-b442539061e1', '4c58078a-08e5-4bea-bf72-cd441ead17f7'),
    ('Микунь', 'fa630419-7759-4216-8c20-2e34dff0baeb', '4c58078a-08e5-4bea-bf72-cd441ead17f7'),
    ('Печора', 'ec92fdf4-d971-4ddb-92ca-6d1c2a7e282a', '4c58078a-08e5-4bea-bf72-cd441ead17f7'),
    ('Сосногорск', '53feb527-efbe-4004-81dd-d7ef2784b131', '4c58078a-08e5-4bea-bf72-cd441ead17f7'),
    ('Сыктывкар', '136171a7-105e-471c-b741-83bca0b0a302', '4c58078a-08e5-4bea-bf72-cd441ead17f7'),
    ('Усинск', '67478666-56d4-42f3-a8d1-af5e3960daa4', '4c58078a-08e5-4bea-bf72-cd441ead17f7'),
    ('Ухта', '33ceb1d2-ac60-49ec-ae8b-a19de64497ab', '4c58078a-08e5-4bea-bf72-cd441ead17f7');
INSERT INTO populated_locality ("name", id, region_id)
VALUES ('Благоево', '76def102-e692-4080-8fa9-47c3ea983a6e', '4c58078a-08e5-4bea-bf72-cd441ead17f7'),
    ('Боровой', '080533e1-275a-4b88-8c68-d917d0801e64', '4c58078a-08e5-4bea-bf72-cd441ead17f7'),
    ('Верхняя Инта', '198b3bf4-5561-4cd6-b142-be9d57ab6bd4', '4c58078a-08e5-4bea-bf72-cd441ead17f7'),
    ('Верхняя Максаковка', '89e415fe-3a19-4ae0-b148-7a474418d36a', '4c58078a-08e5-4bea-bf72-cd441ead17f7'),
    ('Водный', '78a34646-1ce1-4d8f-9bb1-407cdbd6e97b', '4c58078a-08e5-4bea-bf72-cd441ead17f7'),
    ('Войвож', 'fc2963c7-d717-4cc6-929e-19c9788bbe5c', '4c58078a-08e5-4bea-bf72-cd441ead17f7'),
    ('Воргашор', '0a9a3f7d-3774-487d-89d7-ebf8c4c58275', '4c58078a-08e5-4bea-bf72-cd441ead17f7'),
    ('Елецкий', '9dcb6d55-f91a-43db-9daa-1ee015550190', '4c58078a-08e5-4bea-bf72-cd441ead17f7'),
    ('Жешарт', '7f5df9d8-c906-4291-910e-d3166073ef71', '4c58078a-08e5-4bea-bf72-cd441ead17f7'),
    ('Заполярный', '77273409-d699-41d5-91cf-1c5206208997', '4c58078a-08e5-4bea-bf72-cd441ead17f7'),
    ('Изъяю', '94ec9b11-6707-47f0-9217-c25f81b6663f', '4c58078a-08e5-4bea-bf72-cd441ead17f7'),
    ('Кожва', '49819b51-019c-477b-8de6-94296b58aef4', '4c58078a-08e5-4bea-bf72-cd441ead17f7'),
    ('Кожым', 'ca5cdebe-1286-4e15-b60f-a78ab2e4f253', '4c58078a-08e5-4bea-bf72-cd441ead17f7'),
    ('Комсомольский', 'a70e24e4-9c26-47fe-b3de-a0abf18c60d4', '4c58078a-08e5-4bea-bf72-cd441ead17f7'),
    ('Краснозатонский', '8e762eee-cc9c-4a0b-b358-82b7ce3f29e1', '4c58078a-08e5-4bea-bf72-cd441ead17f7'),
    ('Междуреченск', 'dcc11248-c7d8-4f44-bd8c-caaaa4e6d273', '4c58078a-08e5-4bea-bf72-cd441ead17f7'),
    ('Мульда', 'eaa55631-b64f-44fd-be75-b9b484c7d14c', '4c58078a-08e5-4bea-bf72-cd441ead17f7'),
    ('Нижний Одес', 'f47fed62-8f5e-4cdc-8102-93998c362b95', '4c58078a-08e5-4bea-bf72-cd441ead17f7'),
    ('Октябрьский', '59547607-acd3-4d19-b88f-92cc5d7021bd', '4c58078a-08e5-4bea-bf72-cd441ead17f7'),
    ('Парма', 'f4768b46-0978-45a5-a9f7-47e23659d875', '4c58078a-08e5-4bea-bf72-cd441ead17f7'),
    ('Промышленный', 'c94ed43f-17b3-44f0-a975-1469578283b4', '4c58078a-08e5-4bea-bf72-cd441ead17f7'),
    ('Путеец', '74a05106-5db6-4fdc-aac1-e4ef07d81c55', '4c58078a-08e5-4bea-bf72-cd441ead17f7'),
    ('Седкыркещ', '7d5cae4e-94cf-4d62-8e55-f1f488a1f2a5', '4c58078a-08e5-4bea-bf72-cd441ead17f7'),
    ('Синдор', '3701cacd-e13e-4c0e-99ea-9cc069090c7f', '4c58078a-08e5-4bea-bf72-cd441ead17f7'),
    ('Троицко-Печорск', 'cf1c2bee-4a4e-4e05-a6ad-20bcd13bfc5f', '4c58078a-08e5-4bea-bf72-cd441ead17f7'),
    ('Усогорск', '68b9c1f0-1e49-4541-9c77-19eacab6b58e', '4c58078a-08e5-4bea-bf72-cd441ead17f7'),
    ('Шудаяг', '4b374bb9-5e51-4e5f-a82d-dc9281a60187', '4c58078a-08e5-4bea-bf72-cd441ead17f7'),
    ('Ярега', '3f48863f-6351-48e8-8d21-25ca67ec78a0', '4c58078a-08e5-4bea-bf72-cd441ead17f7');

INSERT INTO region (id, "name", country_id)
VALUES ('619bdc7b-a88f-4a82-933a-fc89fd6949cd', 'Республика Крым', 'e7156acf-b118-4a23-92e4-8b2579ed798a');

INSERT INTO populated_locality_region (region_id, populated_locality_id)
VALUES ('619bdc7b-a88f-4a82-933a-fc89fd6949cd', 'f72b2cf2-cc5b-4ce8-a0e8-57fe35ec4d1e'),
    ('619bdc7b-a88f-4a82-933a-fc89fd6949cd', 'e27ad993-ed7a-451a-abd2-501fc48eea9c'),
    ('619bdc7b-a88f-4a82-933a-fc89fd6949cd', 'b579da2c-622e-4beb-b6c6-fe3919609d1c'),
    ('619bdc7b-a88f-4a82-933a-fc89fd6949cd', '745eb28b-f77d-4c2c-8971-95904b41e231'),
    ('619bdc7b-a88f-4a82-933a-fc89fd6949cd', '7632eee6-1369-4399-8066-a61eafe390e0'),
    ('619bdc7b-a88f-4a82-933a-fc89fd6949cd', '1fd1ae00-1d39-47e1-9c06-14d77a954336'),
    ('619bdc7b-a88f-4a82-933a-fc89fd6949cd', 'bb9a2bef-457b-4c75-8ee8-df3f320291ed'),
    ('619bdc7b-a88f-4a82-933a-fc89fd6949cd', '4e6d9c53-a904-48c9-91b4-68e74dcba001'),
    ('619bdc7b-a88f-4a82-933a-fc89fd6949cd', 'd5db4b3b-8510-4cd1-9179-756be1aeccc1'),
    ('619bdc7b-a88f-4a82-933a-fc89fd6949cd', 'de05356e-bdb0-40ee-be92-bcb8edfe2063'),
    ('619bdc7b-a88f-4a82-933a-fc89fd6949cd', 'a06edab0-5bc0-44ef-ac79-8ee68291027b'),
    ('619bdc7b-a88f-4a82-933a-fc89fd6949cd', '6afebe5f-18e4-4f1a-9332-81abddb66fa4'),
    ('619bdc7b-a88f-4a82-933a-fc89fd6949cd', 'd5f2c531-c8a6-428d-9c6a-06c9a5491859'),
    ('619bdc7b-a88f-4a82-933a-fc89fd6949cd', '9ac8c17b-c1ed-41c6-aeb3-c4b4609dc324'),
    ('619bdc7b-a88f-4a82-933a-fc89fd6949cd', 'f2bb48bf-11b0-4030-86a1-ef34bd7a105e'),
    ('619bdc7b-a88f-4a82-933a-fc89fd6949cd', 'fc9a5542-038e-4180-9998-4c3203244462'),
    ('619bdc7b-a88f-4a82-933a-fc89fd6949cd', '88cdf2ee-7e26-450a-a252-0eb5b0ec3977');
INSERT INTO populated_locality_region (region_id, populated_locality_id)
VALUES ('619bdc7b-a88f-4a82-933a-fc89fd6949cd', '787c26ae-6415-47e9-9825-9fe409fd7366'),
    ('619bdc7b-a88f-4a82-933a-fc89fd6949cd', '5ea56d88-530f-4bce-9da9-259f759846db'),
    ('619bdc7b-a88f-4a82-933a-fc89fd6949cd', '88be6c6a-89e9-407c-b1b0-cd096ed05b05'),
    ('619bdc7b-a88f-4a82-933a-fc89fd6949cd', '3cd4dd00-8b5e-428c-9763-536445f44ab1'),
    ('619bdc7b-a88f-4a82-933a-fc89fd6949cd', '952f1934-c270-4914-8764-e8b5644f3a63'),
    ('619bdc7b-a88f-4a82-933a-fc89fd6949cd', '3badb72e-7172-45c5-9cae-7eb70f2059bb'),
    ('619bdc7b-a88f-4a82-933a-fc89fd6949cd', 'bb449e01-c8f6-45dc-8d52-9ca1a033eb56'),
    ('619bdc7b-a88f-4a82-933a-fc89fd6949cd', 'cca9804a-6e63-4c3b-9892-de27dcd820b3'),
    ('619bdc7b-a88f-4a82-933a-fc89fd6949cd', 'e1359c9e-368e-4517-a8d1-b28f30ef1cad'),
    ('619bdc7b-a88f-4a82-933a-fc89fd6949cd', '5ab7ea84-86c1-42e8-9439-72ab8c685206'),
    ('619bdc7b-a88f-4a82-933a-fc89fd6949cd', '9adb1840-787d-4a0c-ac28-9d3933ea2420'),
    ('619bdc7b-a88f-4a82-933a-fc89fd6949cd', '0b1d095d-ce49-471a-a936-bc45bc22e15f'),
    ('619bdc7b-a88f-4a82-933a-fc89fd6949cd', '82022539-8fce-4d78-8296-bbc207484160'),
    ('619bdc7b-a88f-4a82-933a-fc89fd6949cd', '121ff14a-73a8-4bba-a6c9-d4f536457566'),
    ('619bdc7b-a88f-4a82-933a-fc89fd6949cd', '28517302-f751-4445-94d3-f2480dd0c336'),
    ('619bdc7b-a88f-4a82-933a-fc89fd6949cd', '20fd5c52-a36f-4520-be49-044501b34fa9'),
    ('619bdc7b-a88f-4a82-933a-fc89fd6949cd', 'd9507816-9377-4d5a-990d-399f610c3c9f'),
    ('619bdc7b-a88f-4a82-933a-fc89fd6949cd', '00acc8a0-0e8f-4cc7-853e-496213af44a9'),
    ('619bdc7b-a88f-4a82-933a-fc89fd6949cd', 'cebc3868-7a98-423d-a112-eaf2dd3af68d'),
    ('619bdc7b-a88f-4a82-933a-fc89fd6949cd', '6ab80a68-e3bc-4c85-9baa-17ab3616b65c'),
    ('619bdc7b-a88f-4a82-933a-fc89fd6949cd', '7e52281f-9287-4769-be3b-98b51188ad9d'),
    ('619bdc7b-a88f-4a82-933a-fc89fd6949cd', '32f297e5-99e6-43a2-a790-7485c43a66a9'),
    ('619bdc7b-a88f-4a82-933a-fc89fd6949cd', 'a04c82f5-4fa2-4055-9002-40bfbb4dc1fd'),
    ('619bdc7b-a88f-4a82-933a-fc89fd6949cd', '971ae943-dd12-4071-ae21-1a88dc3a758f'),
    ('619bdc7b-a88f-4a82-933a-fc89fd6949cd', '15633eb9-72f5-4780-b088-b0730a9cd418'),
    ('619bdc7b-a88f-4a82-933a-fc89fd6949cd', 'c982e4d4-a792-4b9f-90d5-ec177460132e'),
    ('619bdc7b-a88f-4a82-933a-fc89fd6949cd', '3b0fd9ed-6092-40cb-90aa-2fc3313b36d7'),
    ('619bdc7b-a88f-4a82-933a-fc89fd6949cd', 'ed8dbcbd-858e-41b3-aab0-e664a14e9abf'),
    ('619bdc7b-a88f-4a82-933a-fc89fd6949cd', '6f83a4ff-9efe-4707-aa4d-2743e5232311'),
    ('619bdc7b-a88f-4a82-933a-fc89fd6949cd', 'a24e159e-530d-4552-a5ae-373d437a3e77'),
    ('619bdc7b-a88f-4a82-933a-fc89fd6949cd', 'cbeafd69-5d4b-4a80-ad3e-dfa537a0f0a7'),
    ('619bdc7b-a88f-4a82-933a-fc89fd6949cd', '396805b9-91b9-4fe6-a520-eb6832dbce95'),
    ('619bdc7b-a88f-4a82-933a-fc89fd6949cd', '3e602e82-7a89-4f64-ba4f-4255b1f4e347'),
    ('619bdc7b-a88f-4a82-933a-fc89fd6949cd', 'e37a82c2-3e88-425c-9975-a1ae5dce1b5e'),
    ('619bdc7b-a88f-4a82-933a-fc89fd6949cd', '9ad69ecf-2224-4062-9cde-524e9873c389'),
    ('619bdc7b-a88f-4a82-933a-fc89fd6949cd', 'b7f08418-6088-408c-a868-397dcb324a6e'),
    ('619bdc7b-a88f-4a82-933a-fc89fd6949cd', 'e905d677-8fbf-4aee-89b8-5975f3d6787f'),
    ('619bdc7b-a88f-4a82-933a-fc89fd6949cd', '4c8a8b40-1eed-43d0-8fdf-9d50d73f9dc4'),
    ('619bdc7b-a88f-4a82-933a-fc89fd6949cd', '4f3ae830-fd90-49e2-8f1e-342067ded735'),
    ('619bdc7b-a88f-4a82-933a-fc89fd6949cd', '9cc98a8c-2b26-4a7c-b488-8eb4c3474139'),
    ('619bdc7b-a88f-4a82-933a-fc89fd6949cd', '4f5e4266-bc8c-425a-b0f2-9670871f56c3'),
    ('619bdc7b-a88f-4a82-933a-fc89fd6949cd', '65e7faa8-4d28-43cd-8db0-1a8e8f12864c'),
    ('619bdc7b-a88f-4a82-933a-fc89fd6949cd', '82ca0f30-7a0b-40a9-81f8-58d8cd9c928f'),
    ('619bdc7b-a88f-4a82-933a-fc89fd6949cd', '0c8b0263-c1f3-4138-a8ff-6eed27f75174'),
    ('619bdc7b-a88f-4a82-933a-fc89fd6949cd', '40044cb9-04d0-4ba2-bff9-53a96eab062c'),
    ('619bdc7b-a88f-4a82-933a-fc89fd6949cd', 'b95f3d18-4418-48d7-9584-8a320e4b1ec1'),
    ('619bdc7b-a88f-4a82-933a-fc89fd6949cd', 'f7a3ceb4-2975-4901-ad5b-e0c1c5ee8d5f'),
    ('619bdc7b-a88f-4a82-933a-fc89fd6949cd', '4dfdbbed-bd31-43e1-b89e-0f7d6f06bc9e'),
    ('619bdc7b-a88f-4a82-933a-fc89fd6949cd', '8166ec02-1c4f-4adb-b314-70d24f5817ec'),
    ('619bdc7b-a88f-4a82-933a-fc89fd6949cd', '16f762b0-681d-4d6c-8130-c4f5f8b9ba6d'),
    ('619bdc7b-a88f-4a82-933a-fc89fd6949cd', '37d486e9-c063-440e-80e3-70502971465c'),
    ('619bdc7b-a88f-4a82-933a-fc89fd6949cd', 'da215380-0416-461a-b0f4-e8d4baf44ebf'),
    ('619bdc7b-a88f-4a82-933a-fc89fd6949cd', '12c001e1-d081-426d-9a3c-8a6c7a0d6e73'),
    ('619bdc7b-a88f-4a82-933a-fc89fd6949cd', 'd488b823-803a-4c9c-bde5-09d616bb1d87'),
    ('619bdc7b-a88f-4a82-933a-fc89fd6949cd', '174a2718-9635-4a18-89b3-36e31eba0613'),
    ('619bdc7b-a88f-4a82-933a-fc89fd6949cd', '787195a9-4f40-4398-98b9-abc6c2198186');

INSERT INTO region (id, "name", country_id)
VALUES ('e18bf907-5cdb-4691-a73f-d02b27b0d937', 'Республика Марий Эл', 'e7156acf-b118-4a23-92e4-8b2579ed798a');

INSERT INTO populated_locality ("name", id, region_id)
VALUES ('Волжск', 'a2ca9931-af61-4347-bcf8-b75cc4565755', 'e18bf907-5cdb-4691-a73f-d02b27b0d937'),
    ('Звенигово', '5035bd1e-8861-4b71-8547-53a0eb9e6012', 'e18bf907-5cdb-4691-a73f-d02b27b0d937'),
    ('Йошкар-Ола', 'd819411a-3b8d-4075-9029-1278981de1b1', 'e18bf907-5cdb-4691-a73f-d02b27b0d937'),
    ('Козьмодемьянск', 'd8fc083e-85b8-49b3-b47a-ad67c7cc54bb', 'e18bf907-5cdb-4691-a73f-d02b27b0d937');
INSERT INTO populated_locality ("name", id, region_id)
VALUES ('Килемары', '26972554-128a-4ec9-8392-df65a385bc39', 'e18bf907-5cdb-4691-a73f-d02b27b0d937'),
    ('Красногорский', '3ca26099-777e-496f-ba88-9ac8b08a02ec', 'e18bf907-5cdb-4691-a73f-d02b27b0d937'),
    ('Краснооктябрьский', '5c445fe7-c1fb-4f38-b7cb-d1242f90306c', 'e18bf907-5cdb-4691-a73f-d02b27b0d937'),
    ('Куженер', '8d5ee0f8-cf5a-4e1f-80ae-5dddd5560078', 'e18bf907-5cdb-4691-a73f-d02b27b0d937'),
    ('Мари-Турек', 'a2e36e3b-d2a6-452e-b771-e5d7fb9dc44b', 'e18bf907-5cdb-4691-a73f-d02b27b0d937'),
    ('Медведево', '8042bf7e-9f4f-4a04-ade3-7e5502dae7e8', 'e18bf907-5cdb-4691-a73f-d02b27b0d937'),
    ('Морки', '3b448c30-b5ac-4446-9309-b3ba6806e53c', 'e18bf907-5cdb-4691-a73f-d02b27b0d937'),
    ('Новый Торъял', 'b66b734c-def0-498c-bdb5-61669f87e233', 'e18bf907-5cdb-4691-a73f-d02b27b0d937'),
    ('Оршанка', '2f9c91e8-94fd-4906-b2bc-90c6dad30fff', 'e18bf907-5cdb-4691-a73f-d02b27b0d937'),
    ('Параньга', '6f2e21ee-b3d3-4b5a-8831-8bdd5f458b6b', 'e18bf907-5cdb-4691-a73f-d02b27b0d937'),
    ('Приволжский', '7498c788-fc24-4c64-892b-4562d6179a94', 'e18bf907-5cdb-4691-a73f-d02b27b0d937'),
    ('Сернур', '0ace1bb3-cbb9-4faa-8082-974cc51f372e', 'e18bf907-5cdb-4691-a73f-d02b27b0d937'),
    ('Советский', 'e68b9ca5-4712-4d65-a6bb-a59cb8ccc3af', 'e18bf907-5cdb-4691-a73f-d02b27b0d937'),
    ('Суслонгер', '6e38705a-5b77-4c8a-83b4-a1d3a2cd4dab', 'e18bf907-5cdb-4691-a73f-d02b27b0d937'),
    ('Юрино', '45a1f7ad-f6e1-4745-b905-ee2d27431d99', 'e18bf907-5cdb-4691-a73f-d02b27b0d937');

INSERT INTO region (id, "name", country_id)
VALUES ('65774664-5f24-4c8b-91a0-18131fcbfc2b', 'Республика Мордовия', 'e7156acf-b118-4a23-92e4-8b2579ed798a');

INSERT INTO populated_locality ("name", id, region_id)
VALUES ('Ардатов', '0528e342-1aac-4c57-a025-37a419e5ff02', '65774664-5f24-4c8b-91a0-18131fcbfc2b'),
    ('Инсар', '983bf21e-7b3c-4d56-8307-dac384555634', '65774664-5f24-4c8b-91a0-18131fcbfc2b'),
    ('Ковылкино', '6711acca-e78a-402a-a60d-29e71d703ab3', '65774664-5f24-4c8b-91a0-18131fcbfc2b'),
    ('Краснослободск', 'cb1d7f04-1368-4520-9c16-c59144fe6da6', '65774664-5f24-4c8b-91a0-18131fcbfc2b'),
    ('Рузаевка', '84f4ca68-18b3-4c77-a349-a1906d36a75c', '65774664-5f24-4c8b-91a0-18131fcbfc2b'),
    ('Саранск', 'e892e786-9623-4505-8924-06bb87e1b8bc', '65774664-5f24-4c8b-91a0-18131fcbfc2b'),
    ('Темников', '986ca770-ad6b-4b5a-91d3-86f4306c8784', '65774664-5f24-4c8b-91a0-18131fcbfc2b');
INSERT INTO populated_locality ("name", id, region_id)
VALUES ('Атяшево', 'a7bdb0bf-037b-49ac-b963-c91d0dc2091e', '65774664-5f24-4c8b-91a0-18131fcbfc2b'),
    ('Зубова Поляна', '19f7dc4f-bca9-4da4-8012-6527eebcb1dc', '65774664-5f24-4c8b-91a0-18131fcbfc2b'),
    ('Кадошкино', 'a5a7b282-3abb-4428-bdae-31b994f2ce80', '65774664-5f24-4c8b-91a0-18131fcbfc2b'),
    ('Комсомольский', '435805b7-0e2c-439a-b369-60371437d313', '65774664-5f24-4c8b-91a0-18131fcbfc2b'),
    ('Луховка', '0744c308-27b9-4586-836e-f0c9de720093', '65774664-5f24-4c8b-91a0-18131fcbfc2b'),
    ('Николаевка', '850e9bef-9947-4b1d-bcae-7f0a20b817a7', '65774664-5f24-4c8b-91a0-18131fcbfc2b'),
    ('Потьма', 'c9020444-79bf-4afa-8fcb-37a6490674a6', '65774664-5f24-4c8b-91a0-18131fcbfc2b'),
    ('Торбеево', 'b2f170fc-be3e-44b3-ac07-0683bcb56c5a', '65774664-5f24-4c8b-91a0-18131fcbfc2b'),
    ('Тургенево', 'ab7f2c53-9165-4215-bbcc-8846ac13dea4', '65774664-5f24-4c8b-91a0-18131fcbfc2b'),
    ('Умёт', '9341a40f-1c9c-43de-8f6f-906fa747881c', '65774664-5f24-4c8b-91a0-18131fcbfc2b'),
    ('Чамзинка', 'fa8bc48f-86bb-4d19-8d82-9fbec59477ed', '65774664-5f24-4c8b-91a0-18131fcbfc2b'),
    ('Явас', '5d80632c-de5f-454e-a8b7-b1ec3e1eceb7', '65774664-5f24-4c8b-91a0-18131fcbfc2b'),
    ('Ялга', '1f332e1e-1f93-41d6-9395-3ecddf9a7565', '65774664-5f24-4c8b-91a0-18131fcbfc2b');

INSERT INTO region (id, "name", country_id)
VALUES ('b5714cc8-7de9-42ac-bc56-2fff7a9a290c', 'Республика Саха (Якутия)', 'e7156acf-b118-4a23-92e4-8b2579ed798a');

INSERT INTO populated_locality ("name", id, region_id)
VALUES ('Алдан', '2c40d557-1174-4057-9d28-d12480e7d4ba', 'b5714cc8-7de9-42ac-bc56-2fff7a9a290c'),
    ('Верхоянск', 'addead12-bcfa-49d9-8288-c9729c0b9cfd', 'b5714cc8-7de9-42ac-bc56-2fff7a9a290c'),
    ('Вилюйск', 'dbd23c14-bf4d-4b07-969a-439ae22d0083', 'b5714cc8-7de9-42ac-bc56-2fff7a9a290c'),
    ('Ленск', '1e516924-9735-4729-9f77-95ff393dc2fc', 'b5714cc8-7de9-42ac-bc56-2fff7a9a290c'),
    ('Мирный', 'a30b0216-c007-48a5-bc79-8110edf9a780', 'b5714cc8-7de9-42ac-bc56-2fff7a9a290c'),
    ('Нерюнгри', '9447473c-8cf7-4d84-8179-8822685a68d4', 'b5714cc8-7de9-42ac-bc56-2fff7a9a290c'),
    ('Нюрба', '32caf5a4-1ad8-48ca-9bd3-e43248b35c52', 'b5714cc8-7de9-42ac-bc56-2fff7a9a290c'),
    ('Олёкминск', '2d45f0c4-cb29-4d28-9362-3513a0dd2e50', 'b5714cc8-7de9-42ac-bc56-2fff7a9a290c'),
    ('Покровск', '93f3f6c5-8f67-42a3-b083-92b7941d8891', 'b5714cc8-7de9-42ac-bc56-2fff7a9a290c'),
    ('Среднеколымск', '52950ea8-acdc-4392-ae70-832f8800c318', 'b5714cc8-7de9-42ac-bc56-2fff7a9a290c'),
    ('Томмот', '0c8f0af1-4c74-40ab-8574-93fcd6a22b52', 'b5714cc8-7de9-42ac-bc56-2fff7a9a290c'),
    ('Удачный', 'f453df99-dfec-4be9-a124-1d5f06c7caa7', 'b5714cc8-7de9-42ac-bc56-2fff7a9a290c'),
    ('Якутск', '2d94ab29-141f-4186-a0ca-5b9ff454d0c8', 'b5714cc8-7de9-42ac-bc56-2fff7a9a290c');
INSERT INTO populated_locality ("name", id, region_id)
VALUES ('Айхал', '6e2272de-aff3-46e1-bc61-32cbd6fea882', 'b5714cc8-7de9-42ac-bc56-2fff7a9a290c'),
    ('Аллах-Юнь', '4f18f4ff-8545-4030-9662-8506b9dfb2fb', 'b5714cc8-7de9-42ac-bc56-2fff7a9a290c'),
    ('Алмазный', 'e2324e80-662c-4876-a02d-c144eedb863b', 'b5714cc8-7de9-42ac-bc56-2fff7a9a290c'),
    ('Артык', 'bdeb5425-f286-4f39-9b89-823a4cfba0c6', 'b5714cc8-7de9-42ac-bc56-2fff7a9a290c'),
    ('Батагай', '1282a56e-fd2d-46cc-b8bc-0c483a78275c', 'b5714cc8-7de9-42ac-bc56-2fff7a9a290c'),
    ('Белая Гора', '17186afb-a421-4cd9-8f3f-efe254430a3b', 'b5714cc8-7de9-42ac-bc56-2fff7a9a290c'),
    ('Беркакит', '4ecccccc-0441-467b-b854-0259421a98b8', 'b5714cc8-7de9-42ac-bc56-2fff7a9a290c'),
    ('Витим', 'e6b8ad9a-440f-4204-92f9-a992ed52306f', 'b5714cc8-7de9-42ac-bc56-2fff7a9a290c'),
    ('Депутатский', '0304bb7c-092f-4528-9b39-2c9320a09931', 'b5714cc8-7de9-42ac-bc56-2fff7a9a290c'),
    ('Джебарики-Хая', '5543baa2-2d7c-4c23-a067-bdd948fd3a2c', 'b5714cc8-7de9-42ac-bc56-2fff7a9a290c'),
    ('Жатай', 'b7416ad0-7850-47e6-b83b-37c61cf6d8ca', 'b5714cc8-7de9-42ac-bc56-2fff7a9a290c'),
    ('Звёздочка', '58e79533-d012-44a2-b1c8-407425179630', 'b5714cc8-7de9-42ac-bc56-2fff7a9a290c'),
    ('Золотинка', '36ad5ce5-5cf5-43e6-820b-6464183f7378', 'b5714cc8-7de9-42ac-bc56-2fff7a9a290c'),
    ('Зырянка', 'df93953c-c8ac-4b15-bdb2-48d410fe4306', 'b5714cc8-7de9-42ac-bc56-2fff7a9a290c'),
    ('Кысыл-Сыр', 'd75bf02e-7823-41a5-b17b-086474ddd708', 'b5714cc8-7de9-42ac-bc56-2fff7a9a290c'),
    ('Лебединый', '2dfdbfd3-e4bb-40c0-9f63-2d32ec613b9d', 'b5714cc8-7de9-42ac-bc56-2fff7a9a290c'),
    ('Ленинский', 'c1cf4c16-ad73-46e9-8b08-9196f33ba471', 'b5714cc8-7de9-42ac-bc56-2fff7a9a290c'),
    ('Мохсоголлох', '73037fcc-8ab3-473e-b640-82bca203540d', 'b5714cc8-7de9-42ac-bc56-2fff7a9a290c'),
    ('Нижнеянск', '9008234f-58f8-489b-a715-73a1f30d946c', 'b5714cc8-7de9-42ac-bc56-2fff7a9a290c'),
    ('Нижний Бестях', 'd3f705b9-89a6-416f-b81e-9e1716370a05', 'b5714cc8-7de9-42ac-bc56-2fff7a9a290c'),
    ('Нижний Куранах', 'a3c62b82-6115-4321-a820-1585bde86774', 'b5714cc8-7de9-42ac-bc56-2fff7a9a290c'),
    ('Пеледуй', '5af45ff0-82e5-485a-bbf2-13ba81563521', 'b5714cc8-7de9-42ac-bc56-2fff7a9a290c'),
    ('Сангар', '35e8b394-801a-4593-b8f3-4da8e3113522', 'b5714cc8-7de9-42ac-bc56-2fff7a9a290c'),
    ('Светлый', '0a4ea084-3428-49ab-8cae-7cd7e984f104', 'b5714cc8-7de9-42ac-bc56-2fff7a9a290c'),
    ('Серебряный Бор', '06840f33-d626-4591-885a-e09027271a3b', 'b5714cc8-7de9-42ac-bc56-2fff7a9a290c'),
    ('Солнечный', '4acd0df5-66f6-41f9-9fb2-8cfdb2b382af', 'b5714cc8-7de9-42ac-bc56-2fff7a9a290c'),
    ('Тикси', 'eb0ab6a3-f28a-4807-81fc-c91ac66c7302', 'b5714cc8-7de9-42ac-bc56-2fff7a9a290c'),
    ('Усть-Куйга', 'c6595168-484e-484e-ae79-5c61b2b6909b', 'b5714cc8-7de9-42ac-bc56-2fff7a9a290c'),
    ('Усть-Мая', '1a831d7e-d938-44f6-91fe-e414fe23cfc9', 'b5714cc8-7de9-42ac-bc56-2fff7a9a290c'),
    ('Усть-Нера', '17fa80f1-8d34-4a7d-9dec-69dc07c73fad', 'b5714cc8-7de9-42ac-bc56-2fff7a9a290c'),
    ('Хандыга', '88ea2130-d37e-42e8-bbfb-a5def73d9d87', 'b5714cc8-7de9-42ac-bc56-2fff7a9a290c'),
    ('Хани', '57aae426-5267-4d99-97a7-28f17dffe81c', 'b5714cc8-7de9-42ac-bc56-2fff7a9a290c'),
    ('Чернышевский', 'eb77c915-e05a-49bc-9878-9d1b4cd06546', 'b5714cc8-7de9-42ac-bc56-2fff7a9a290c'),
    ('Черский', '076ac3f4-0964-4981-9bb2-a0c4d36ba054', 'b5714cc8-7de9-42ac-bc56-2fff7a9a290c'),
    ('Чокурдах', '2255ff85-5907-4dbc-a23b-91fd15644afb', 'b5714cc8-7de9-42ac-bc56-2fff7a9a290c'),
    ('Чульман', 'c58b198d-e4f5-4387-b826-259b4d866595', 'b5714cc8-7de9-42ac-bc56-2fff7a9a290c'),
    ('Эльдикан', '39b084d0-2808-47ab-bfb0-069546fd1b36', 'b5714cc8-7de9-42ac-bc56-2fff7a9a290c'),
    ('Эсэ-Хайя', '29735afd-9ec1-4f21-8c93-7bc3c8904d50', 'b5714cc8-7de9-42ac-bc56-2fff7a9a290c'),
    ('Югорёнок', '2db88779-cfe3-47ab-9557-3d657e8f3273', 'b5714cc8-7de9-42ac-bc56-2fff7a9a290c');

INSERT INTO region (id, "name", country_id)
VALUES ('043c2fb6-67e4-4ea3-a40c-d8c036218985', 'Республика Северная Осетия', 'e7156acf-b118-4a23-92e4-8b2579ed798a');

INSERT INTO populated_locality ("name", id, region_id)
VALUES ('Алагир', 'd4fbc0a9-9e0e-453f-941e-06e4d2d9ea51', '043c2fb6-67e4-4ea3-a40c-d8c036218985'),
    ('Ардон', 'c2a6d925-7c45-428b-bb19-389155cf9223', '043c2fb6-67e4-4ea3-a40c-d8c036218985'),
    ('Беслан', '618da73d-9489-4758-8eec-18f2c5db19f6', '043c2fb6-67e4-4ea3-a40c-d8c036218985'),
    ('Владикавказ', '6f27403e-4d29-4cbe-940c-a6a726686d93', '043c2fb6-67e4-4ea3-a40c-d8c036218985'),
    ('Дигора', '2fe86f4f-200c-4985-b3b2-5d2f06bac07f', '043c2fb6-67e4-4ea3-a40c-d8c036218985'),
    ('Заводской', 'e1f468fe-2521-4a4d-9460-1a96cc1f16b5', '043c2fb6-67e4-4ea3-a40c-d8c036218985'),
    ('Моздок', 'ebd9535a-1860-4733-90e5-5d262b5c8c36', '043c2fb6-67e4-4ea3-a40c-d8c036218985');

INSERT INTO region (id, "name", country_id)
VALUES ('6376ffd3-b3f3-407d-827b-92ada3c7cfb5', 'Республика Татарстан', 'e7156acf-b118-4a23-92e4-8b2579ed798a');

INSERT INTO populated_locality ("name", id, region_id)
VALUES ('Агрыз', '76d1e5e4-5fe7-40ac-93b5-c47a914089ee', '6376ffd3-b3f3-407d-827b-92ada3c7cfb5'),
    ('Азнакаево', 'f0e2de14-a175-4b12-b68b-b09ffd8b5de3', '6376ffd3-b3f3-407d-827b-92ada3c7cfb5'),
    ('Альметьевск', 'def80a58-59fe-40ad-82b5-8f0d094942f9', '6376ffd3-b3f3-407d-827b-92ada3c7cfb5'),
    ('Арск', 'cdcb71ba-c79b-40fa-a686-b1506cba4cb6', '6376ffd3-b3f3-407d-827b-92ada3c7cfb5'),
    ('Бавлы', '1f6fdd21-19b0-4783-8099-1904d0b8e24f', '6376ffd3-b3f3-407d-827b-92ada3c7cfb5'),
    ('Болгар', '933c780f-0c04-4e9e-89cf-435d8a8e763f', '6376ffd3-b3f3-407d-827b-92ada3c7cfb5'),
    ('Бугульма', '86a0e269-79c4-45ef-be1c-704fd5ca5d95', '6376ffd3-b3f3-407d-827b-92ada3c7cfb5'),
    ('Буинск', '646f6733-33a3-44b1-863a-401a5fa663b3', '6376ffd3-b3f3-407d-827b-92ada3c7cfb5'),
    ('Елабуга', 'f314bf03-4995-4fef-ae3a-8d6416ff4d6d', '6376ffd3-b3f3-407d-827b-92ada3c7cfb5'),
    ('Заинск', '4693d759-4c97-43aa-bc5d-e59b4314aba7', '6376ffd3-b3f3-407d-827b-92ada3c7cfb5'),
    ('Зеленодольск', 'c9c9c578-def2-458a-9d58-6811f18f0e30', '6376ffd3-b3f3-407d-827b-92ada3c7cfb5'),
    ('Иннополис', 'a339686d-e55e-4daa-9afe-340de63f38b8', '6376ffd3-b3f3-407d-827b-92ada3c7cfb5'),
    ('Казань ', 'c06175b1-720c-4acb-9ce8-d51e24890e11', '6376ffd3-b3f3-407d-827b-92ada3c7cfb5'),
    ('Кукмор', 'bff57fb7-784a-4964-8d65-69afb7d9e8fc', '6376ffd3-b3f3-407d-827b-92ada3c7cfb5'),
    ('Лаишево', '15f01db8-5ce1-43b0-a1b1-8843c5140d06', '6376ffd3-b3f3-407d-827b-92ada3c7cfb5'),
    ('Лениногорск', '3bbb467b-3a90-4727-89e1-b2d1b4f7f24b', '6376ffd3-b3f3-407d-827b-92ada3c7cfb5'),
    ('Мамадыш', '954da285-e370-4c51-b36c-68f0c59fc823', '6376ffd3-b3f3-407d-827b-92ada3c7cfb5'),
    ('Менделеевск', 'cfaadab9-a29e-4708-8821-2e71bb98a34f', '6376ffd3-b3f3-407d-827b-92ada3c7cfb5'),
    ('Мензелинск', '88a31b37-16af-4d46-ab00-9690591925f7', '6376ffd3-b3f3-407d-827b-92ada3c7cfb5'),
    ('Набережные Челны ', '62446533-4dd3-433c-b02f-20db409ba6cb', '6376ffd3-b3f3-407d-827b-92ada3c7cfb5'),
    ('Нижнекамск', '98bac6c3-77e8-4576-ad54-976f19427757', '6376ffd3-b3f3-407d-827b-92ada3c7cfb5'),
    ('Нурлат', 'ac60dda8-43e0-4061-8664-dd0e794df3ba', '6376ffd3-b3f3-407d-827b-92ada3c7cfb5'),
    ('Тетюши', 'b9576208-0be5-448b-80c4-923eab741ba0', '6376ffd3-b3f3-407d-827b-92ada3c7cfb5'),
    ('Чистополь ', '949d25fd-7e1f-4fe1-8e64-8fe2969f76bd', '6376ffd3-b3f3-407d-827b-92ada3c7cfb5');
INSERT INTO populated_locality ("name", id, region_id)
VALUES ('Аксубаево', 'c7389cf5-a957-4cc8-8030-aa8bf8970ce0', '6376ffd3-b3f3-407d-827b-92ada3c7cfb5'),
    ('Актюбинский', 'aad86daf-e3cf-461f-b600-8508de1c1fb0', '6376ffd3-b3f3-407d-827b-92ada3c7cfb5'),
    ('Алексеевское', 'f8e263ce-4cca-47e8-8d14-3f27f7644bfd', '6376ffd3-b3f3-407d-827b-92ada3c7cfb5'),
    ('Апастово', '99406644-c999-4c52-be0c-70c8f59f34ba', '6376ffd3-b3f3-407d-827b-92ada3c7cfb5'),
    ('Балтаси', '6b3509e2-08d5-43ec-8711-8c93db437e34', '6376ffd3-b3f3-407d-827b-92ada3c7cfb5'),
    ('Богатые Сабы', '8838b139-1d75-41d8-aa2f-0cbc7a06081b', '6376ffd3-b3f3-407d-827b-92ada3c7cfb5'),
    ('Васильево', 'f5c964e4-1865-420a-8185-b9f438c1f935', '6376ffd3-b3f3-407d-827b-92ada3c7cfb5'),
    ('Джалиль', '70028ea3-013d-4e84-b39d-f089311963e4', '6376ffd3-b3f3-407d-827b-92ada3c7cfb5'),
    ('Камские Поляны', 'd89ca4e3-d50d-4af3-ba9c-2fd05e86b79c', '6376ffd3-b3f3-407d-827b-92ada3c7cfb5'),
    ('Камское Устье', 'e8e79d02-4c14-4ab3-9634-4a249c384f23', '6376ffd3-b3f3-407d-827b-92ada3c7cfb5'),
    ('Карабаш', '180fcbe3-b9d8-4b0a-abc8-0ca41b90281b', '6376ffd3-b3f3-407d-827b-92ada3c7cfb5'),
    ('Куйбышевский Затон', '388c92ac-7fbd-4449-806e-96cb801b12fa', '6376ffd3-b3f3-407d-827b-92ada3c7cfb5'),
    ('Нижние Вязовые', '5eb3f9c6-eaae-4236-a50d-b25fa332d218', '6376ffd3-b3f3-407d-827b-92ada3c7cfb5'),
    ('Нижняя Мактама', '913907c3-8de5-4bcc-9c35-16695ba9a862', '6376ffd3-b3f3-407d-827b-92ada3c7cfb5'),
    ('Рыбная Слобода', '0c14ef15-bce6-4c9e-bf9b-34940a6092d4', '6376ffd3-b3f3-407d-827b-92ada3c7cfb5'),
    ('Тенишево', '8280aebf-0363-4d6c-89d0-bbb63b8caeb8', '6376ffd3-b3f3-407d-827b-92ada3c7cfb5'),
    ('Уруссу', '0ec0d93a-2bc4-4257-ad0e-8973a9134d17', '6376ffd3-b3f3-407d-827b-92ada3c7cfb5');

INSERT INTO region (id, "name", country_id)
VALUES ('031b12a2-9126-468d-80cf-f40bb110d289', 'Республика Тыва', 'e7156acf-b118-4a23-92e4-8b2579ed798a');

INSERT INTO populated_locality ("name", id, region_id)
VALUES ('Ак-Довурак', 'e1d46faf-0caf-453f-9a27-9fd0f0d30c48', '031b12a2-9126-468d-80cf-f40bb110d289'),
    ('Кызыл', 'f8af8bda-e397-477b-a636-b77f226ead68', '031b12a2-9126-468d-80cf-f40bb110d289'),
    ('Туран', '00ccbd4f-61ea-49ee-a420-aed70241895a', '031b12a2-9126-468d-80cf-f40bb110d289'),
    ('Чадан', '33e2e6d1-2be4-44b9-ae61-5572bb0d96be', '031b12a2-9126-468d-80cf-f40bb110d289'),
    ('Шагонар', 'd1ad4ac7-0630-4e9f-81be-f9858eb8beb3', '031b12a2-9126-468d-80cf-f40bb110d289'),
    ('Каа-Хем', '3778770a-ebd1-4b84-93e0-72458ed5dfe6', '031b12a2-9126-468d-80cf-f40bb110d289');

INSERT INTO region (id, "name", country_id)
VALUES ('3d36bea4-953b-4c4c-9a1b-30ceab94b431', 'Удмуртская Республика', 'e7156acf-b118-4a23-92e4-8b2579ed798a');

INSERT INTO populated_locality ("name", id, region_id)
VALUES ('Воткинск', '08c23d74-2371-4382-abdb-b242d96564f7', '3d36bea4-953b-4c4c-9a1b-30ceab94b431'),
    ('Глазов', '8d5ec94e-aafb-4565-a9eb-2ca496b0fbfd', '3d36bea4-953b-4c4c-9a1b-30ceab94b431'),
    ('Ижевск', '1abab20a-a171-4437-bfaf-e0162b94c2c7', '3d36bea4-953b-4c4c-9a1b-30ceab94b431'),
    ('Камбарка', 'f36f3a8a-9252-4df7-bad0-099f17126dc9', '3d36bea4-953b-4c4c-9a1b-30ceab94b431'),
    ('Можга', 'dfe883a5-73df-4f08-8ff7-7803bd1c8628', '3d36bea4-953b-4c4c-9a1b-30ceab94b431'),
    ('Сарапул', 'e5b0e718-991e-4a46-b00e-36d9e527851d', '3d36bea4-953b-4c4c-9a1b-30ceab94b431');

INSERT INTO region (id, "name", country_id)
VALUES ('3aecf44c-d71e-4425-b592-d5eb41ee7008', 'Республика Хакасия', 'e7156acf-b118-4a23-92e4-8b2579ed798a');

INSERT INTO populated_locality ("name", id, region_id)
VALUES ('Абаза', '8f0f4d43-0ccc-470e-89dc-8feaf8381659', '3aecf44c-d71e-4425-b592-d5eb41ee7008'),
    ('Абакан', '8436bc6b-c540-45ce-bf0e-60669c560582', '3aecf44c-d71e-4425-b592-d5eb41ee7008'),
    ('Саяногорск', '96cb33b6-e17c-4d43-9817-fc0bdde70f62', '3aecf44c-d71e-4425-b592-d5eb41ee7008'),
    ('Сорск', 'b20e196f-828b-474f-82ad-e4cea7e569a9', '3aecf44c-d71e-4425-b592-d5eb41ee7008'),
    ('Черногорск', 'e5cbf7e9-e85c-4157-b134-e8b2cc603169', '3aecf44c-d71e-4425-b592-d5eb41ee7008');
INSERT INTO populated_locality ("name", id, region_id)
VALUES ('Аскиз', 'ecf122e6-2be2-4e55-9fbc-b56bdfd07acd', '3aecf44c-d71e-4425-b592-d5eb41ee7008'),
    ('Бискамжа', 'f5899def-5d26-417c-bcfd-8e30f2c46b16', '3aecf44c-d71e-4425-b592-d5eb41ee7008'),
    ('Вершина Тёи', 'faf778c1-ab57-4c1e-a821-b421245c7be2', '3aecf44c-d71e-4425-b592-d5eb41ee7008'),
    ('Майна', '77e5e8b0-857b-4f78-af2e-80922a73c5e1', '3aecf44c-d71e-4425-b592-d5eb41ee7008'),
    ('Пригорск', '80dd682f-c6fb-4095-a599-35f0297b54b0', '3aecf44c-d71e-4425-b592-d5eb41ee7008'),
    ('Усть-Абакан', 'd195df90-1759-44ff-ae2f-4231027151d8', '3aecf44c-d71e-4425-b592-d5eb41ee7008'),
    ('Черёмушки', 'd8e6d9c2-dfa6-4b52-9c44-7ba9434870eb', '3aecf44c-d71e-4425-b592-d5eb41ee7008');

INSERT INTO region (id, "name", country_id)
VALUES ('a6f43af3-09c7-497c-921e-50873e7bcf96', 'Чеченская Республика', 'e7156acf-b118-4a23-92e4-8b2579ed798a');

INSERT INTO populated_locality ("name", id, region_id)
VALUES ('Аргун', 'e7ef698c-6959-4278-848f-6cdc654a33ec', 'a6f43af3-09c7-497c-921e-50873e7bcf96'),
    ('Грозный', 'b8db7ea8-f0ae-4bdf-9449-169400060b9e', 'a6f43af3-09c7-497c-921e-50873e7bcf96'),
    ('Гудермес', 'fc999b33-7ab9-4974-b3bc-4c71a89ddb6b', 'a6f43af3-09c7-497c-921e-50873e7bcf96'),
    ('Курчалой', '6039d0cc-35d6-4627-8e99-ac099ac81ebc', 'a6f43af3-09c7-497c-921e-50873e7bcf96'),
    ('Урус-Мартан', '41274db1-8286-436e-b2f5-742936201fe3', 'a6f43af3-09c7-497c-921e-50873e7bcf96'),
    ('Шали', '27bc4ba2-d2a1-4ab4-bc6f-17d071df7e0b', 'a6f43af3-09c7-497c-921e-50873e7bcf96');

INSERT INTO region (id, "name", country_id)
VALUES ('673369ac-cf28-451b-b42c-5afa6a418ebe', 'Чувашская Республика', 'e7156acf-b118-4a23-92e4-8b2579ed798a');

INSERT INTO populated_locality ("name", id, region_id)
VALUES ('Алатырь', 'e9017638-286d-49ed-86f9-67e5bc3ffbd5', '673369ac-cf28-451b-b42c-5afa6a418ebe'),
    ('Канаш', 'be2680c9-8359-46de-885f-10cea52592d6', '673369ac-cf28-451b-b42c-5afa6a418ebe'),
    ('Козловка', 'faaa4142-170d-47b2-982e-87bd7197d2f6', '673369ac-cf28-451b-b42c-5afa6a418ebe'),
    ('Мариинский Посад', 'ae4a68e8-38b2-43ac-b3cc-fb5a13a13c62', '673369ac-cf28-451b-b42c-5afa6a418ebe'),
    ('Новочебоксарск', '20dd3645-c22c-4539-a09b-cef0e618a0c7', '673369ac-cf28-451b-b42c-5afa6a418ebe'),
    ('Цивильск', '5285a7a1-7cd6-4ef2-a7f6-89dc3a45cb9b', '673369ac-cf28-451b-b42c-5afa6a418ebe'),
    ('Чебоксары', '4028dcdc-9ec1-4ae4-8b92-65ba13e37603', '673369ac-cf28-451b-b42c-5afa6a418ebe'),
    ('Шумерля', 'e74ff935-9b90-4320-8b08-4fb015e10610', '673369ac-cf28-451b-b42c-5afa6a418ebe'),
    ('Ядрин', 'a46b125d-37c6-4b2b-98f0-6a0ef69cf33a', '673369ac-cf28-451b-b42c-5afa6a418ebe');

-- Края
INSERT INTO region (id, "name", country_id)
VALUES ('f9a575c3-b0b0-47a2-b011-5a143c338049', 'Алтайский край', 'e7156acf-b118-4a23-92e4-8b2579ed798a');

INSERT INTO populated_locality ("name", id, region_id)
VALUES ('Алейск', 'e1338c39-31d3-42ed-9e72-acecc04bb482', 'f9a575c3-b0b0-47a2-b011-5a143c338049'),
    ('Барнаул', '0c50b01a-dad8-404c-9400-9560ace4e924', 'f9a575c3-b0b0-47a2-b011-5a143c338049'),
    ('Белокуриха', '6de8302e-65d5-4900-872b-b8ab09458236', 'f9a575c3-b0b0-47a2-b011-5a143c338049'),
    ('Бийск', 'd6cafe67-ed2b-41d5-9b28-6b37d614f31b', 'f9a575c3-b0b0-47a2-b011-5a143c338049'),
    ('Горняк', 'f85f6ba5-634f-4133-8d24-151d14e96c3f', 'f9a575c3-b0b0-47a2-b011-5a143c338049'),
    ('Заринск', '3de5bcc1-c060-4db2-9a44-7b31f5135a08', 'f9a575c3-b0b0-47a2-b011-5a143c338049'),
    ('Змеиногорск', '4a481855-2953-4948-abb2-432336d05ed2', 'f9a575c3-b0b0-47a2-b011-5a143c338049'),
    ('Камень-на-Оби', '0cafcaf4-0483-4b18-94b4-ba3c30636beb', 'f9a575c3-b0b0-47a2-b011-5a143c338049'),
    ('Новоалтайск', '15e1871f-079a-42f9-bbbf-89d0fd472e9e', 'f9a575c3-b0b0-47a2-b011-5a143c338049'),
    ('Рубцовск', '866b7a99-2203-4dbd-b819-9cb6d36d1a84', 'f9a575c3-b0b0-47a2-b011-5a143c338049'),
    ('Славгород', '878450e4-65b9-4800-a718-c78f94c98be0', 'f9a575c3-b0b0-47a2-b011-5a143c338049'),
    ('Яровое', '685fed7a-454f-4e9b-9721-f8e6aa31264e', 'f9a575c3-b0b0-47a2-b011-5a143c338049');
INSERT INTO populated_locality ("name", id, region_id)
VALUES ('Благовещенка', '302e00e7-1289-4fe5-8f7b-745e05016f86', 'f9a575c3-b0b0-47a2-b011-5a143c338049'),
    ('Малиновое Озеро', '057c7de2-0665-468d-be61-564177d94b07', 'f9a575c3-b0b0-47a2-b011-5a143c338049'),
    ('Сибирский', '4194449b-19a4-41d1-80ab-ba39811dd723', 'f9a575c3-b0b0-47a2-b011-5a143c338049'),
    ('Степное Озеро', '0f699237-3cb1-429f-a9e3-1290656d4fdf', 'f9a575c3-b0b0-47a2-b011-5a143c338049'),
    ('Тальменка', '2b1b4544-e7f2-472a-91ce-c538708eeef3', 'f9a575c3-b0b0-47a2-b011-5a143c338049'),
    ('Южный', '65566bdc-1b42-48ac-90c7-c9855c959d86', 'f9a575c3-b0b0-47a2-b011-5a143c338049');

INSERT INTO region (id, "name", country_id)
VALUES ('edfa24ec-f129-4c3f-be80-84d1685e656b', 'Забайкальский край', 'e7156acf-b118-4a23-92e4-8b2579ed798a');

INSERT INTO populated_locality ("name", id, region_id)
VALUES ('Балей', '23852dc4-0c76-473f-850a-6b82487bcad5', 'edfa24ec-f129-4c3f-be80-84d1685e656b'),
    ('Борзя', 'b90b2ca0-3b96-4c18-ac95-6a18a42b83d3', 'edfa24ec-f129-4c3f-be80-84d1685e656b'),
    ('Краснокаменск', '4e6bd1e3-7526-482f-b3a5-a856f8700014', 'edfa24ec-f129-4c3f-be80-84d1685e656b'),
    ('Могоча', 'bb39a399-27e1-4ad9-a034-189776344e35', 'edfa24ec-f129-4c3f-be80-84d1685e656b'),
    ('Нерчинск', '36f46ac4-83fd-4b54-a47b-80d0c80f3f0c', 'edfa24ec-f129-4c3f-be80-84d1685e656b'),
    ('Петровск-Забайкальский', 'dd35c362-6cc8-4c6d-8f70-d9c49820cf59', 'edfa24ec-f129-4c3f-be80-84d1685e656b'),
    ('Сретенск', '0d8c88dd-159f-49b1-a2d9-18a63c85ea1e', 'edfa24ec-f129-4c3f-be80-84d1685e656b'),
    ('Хилок', 'df3b5699-285a-4627-abcd-b3c41c2a883d', 'edfa24ec-f129-4c3f-be80-84d1685e656b'),
    ('Чита', 'de53ab01-e09d-45e7-94f1-df0b7f7d6890', 'edfa24ec-f129-4c3f-be80-84d1685e656b'),
    ('Шилка', 'a7476a82-2fd1-4256-983c-5b178ee1493e', 'edfa24ec-f129-4c3f-be80-84d1685e656b');
INSERT INTO populated_locality ("name", id, region_id)
VALUES ('Агинское', 'c1bcc8c7-b789-456a-b769-7d2f85277061', 'edfa24ec-f129-4c3f-be80-84d1685e656b'),
    ('Аксёново-Зиловское', 'fdeeb34a-cf61-418b-9a7a-da97152d14c2', 'edfa24ec-f129-4c3f-be80-84d1685e656b'),
    ('Амазар', 'ec8f6df5-e01c-4ca1-bfb1-4c0e13dc3506', 'edfa24ec-f129-4c3f-be80-84d1685e656b'),
    ('Атамановка', '23424b49-d408-4ad2-9d24-d25a13ceb18d', 'edfa24ec-f129-4c3f-be80-84d1685e656b'),
    ('Букачача', 'a6a9d445-99a4-46be-91b6-a161a86fe55c', 'edfa24ec-f129-4c3f-be80-84d1685e656b'),
    ('Вершино-Дарасунский', '5d940abc-d8a7-4fd7-a884-12337d04fe38', 'edfa24ec-f129-4c3f-be80-84d1685e656b'),
    ('Горный', 'ae6c598b-c484-402a-8b91-a505ae94b663', 'edfa24ec-f129-4c3f-be80-84d1685e656b'),
    ('Давенда', '1b116b23-79aa-49fc-b076-1a0bf1aa0ec2', 'edfa24ec-f129-4c3f-be80-84d1685e656b'),
    ('Дарасун', '5523e3e0-db69-479e-845b-35884c1ba001', 'edfa24ec-f129-4c3f-be80-84d1685e656b'),
    ('Дровяная', 'e803d785-8a25-4183-a049-174d6ba8963d', 'edfa24ec-f129-4c3f-be80-84d1685e656b'),
    ('Жирекен', '57611bc0-d864-434b-93f0-065a62f03f98', 'edfa24ec-f129-4c3f-be80-84d1685e656b'),
    ('Забайкальск', 'b3b76ffd-c86e-437b-9f5f-18c320f2096e', 'edfa24ec-f129-4c3f-be80-84d1685e656b'),
    ('Золотореченск', '5bc74c9d-0656-4c02-bf21-66b900fd1c4a', 'edfa24ec-f129-4c3f-be80-84d1685e656b'),
    ('Итака', 'ce3835ee-4ad8-4aa4-9072-67746458500f', 'edfa24ec-f129-4c3f-be80-84d1685e656b'),
    ('Калангуй', '993001a9-bb9c-4cdc-ba4a-032360226ef9', 'edfa24ec-f129-4c3f-be80-84d1685e656b'),
    ('Карымское', '69b92b36-dbed-48df-b3a3-3c3a7eb49410', 'edfa24ec-f129-4c3f-be80-84d1685e656b'),
    ('Кличка', '16c70575-f5e5-47bb-b881-6c9b7fccf185', 'edfa24ec-f129-4c3f-be80-84d1685e656b'),
    ('Ключевский', 'e6ff404b-4ca6-49ac-8019-1fc0ed3be637', 'edfa24ec-f129-4c3f-be80-84d1685e656b'),
    ('Кокуй', 'c8342180-2a60-4383-b541-c7877b5c3c3d', 'edfa24ec-f129-4c3f-be80-84d1685e656b'),
    ('Ксеньевка', 'e4996661-25a3-44ac-bf31-69d7fdbbeb34', 'edfa24ec-f129-4c3f-be80-84d1685e656b'),
    ('Курорт-Дарасун', 'b2e341d4-a80f-466b-8f7e-1448d143a80b', 'edfa24ec-f129-4c3f-be80-84d1685e656b'),
    ('Могзон', 'fa315399-d875-426a-b2d7-06d3c5d87537', 'edfa24ec-f129-4c3f-be80-84d1685e656b'),
    ('Могойтуй', '8638dfb7-a76a-4eb5-b8af-98b774688215', 'edfa24ec-f129-4c3f-be80-84d1685e656b'),
    ('Новая Чара', '744134d5-a068-4787-aefe-39aa9637c5fe', 'edfa24ec-f129-4c3f-be80-84d1685e656b'),
    ('Новокручининский', '36baeb92-ad7a-415c-88c0-e1b97eb484ea', 'edfa24ec-f129-4c3f-be80-84d1685e656b'),
    ('Новоорловск', '7febae9e-007e-4723-9575-9435e6965a71', 'edfa24ec-f129-4c3f-be80-84d1685e656b'),
    ('Новопавловка', '7236497d-79db-4511-8995-f3802cd0e4cf', 'edfa24ec-f129-4c3f-be80-84d1685e656b'),
    ('Оловянная', '0dee716d-0280-4524-88dd-236ff0b7a115', 'edfa24ec-f129-4c3f-be80-84d1685e656b'),
    ('Орловский', '3d90470a-d7e6-48b4-8f36-fcaa5f8066ae', 'edfa24ec-f129-4c3f-be80-84d1685e656b'),
    ('Первомайский', 'f432d8de-0c42-4221-8f1c-310387624bdd', 'edfa24ec-f129-4c3f-be80-84d1685e656b'),
    ('Приаргунск', '9a423eec-6c68-46ee-b2bc-c80423ec64d4', 'edfa24ec-f129-4c3f-be80-84d1685e656b'),
    ('Приисковый', '1b091bf5-58f5-47db-9d27-958b60ab4544', 'edfa24ec-f129-4c3f-be80-84d1685e656b'),
    ('Усть-Карск', 'c052c67e-7605-4a92-b08b-efef9a974c5f', 'edfa24ec-f129-4c3f-be80-84d1685e656b'),
    ('Холбон', '650e17b1-8fd8-4505-a2d0-3bc984ad5e3d', 'edfa24ec-f129-4c3f-be80-84d1685e656b'),
    ('Чернышевск', 'a8ce7012-bfb1-48bf-9b3e-90a9b8674a1d', 'edfa24ec-f129-4c3f-be80-84d1685e656b'),
    ('Шерловая Гора', '483a546e-299c-4ab2-aef7-05b84ed2ce36', 'edfa24ec-f129-4c3f-be80-84d1685e656b'),
    ('Ясногорск', '2d783de4-589b-4d8f-a5dd-21420e614537', 'edfa24ec-f129-4c3f-be80-84d1685e656b');

INSERT INTO region (id, "name", country_id)
VALUES ('8a52ecc8-92aa-4810-abb4-e71762bddfe1', 'Камчатский край', 'e7156acf-b118-4a23-92e4-8b2579ed798a');

INSERT INTO populated_locality ("name", id, region_id)
VALUES ('Вилючинск', 'fb45cffe-6f1b-46a7-8644-52435d83e009', '8a52ecc8-92aa-4810-abb4-e71762bddfe1'),
    ('Елизово', '5eb6a8f5-ef90-4f2a-b1b0-58bfcdbb55f2', '8a52ecc8-92aa-4810-abb4-e71762bddfe1'),
    ('Петропавловск-Камчатский ', 'd89ce3b8-416b-490b-895a-f4c7d3da29d6', '8a52ecc8-92aa-4810-abb4-e71762bddfe1');
INSERT INTO populated_locality ("name", id, region_id)
VALUES ('Вулканный', '90417178-7e0e-4085-8eed-439cd6cde52d', '8a52ecc8-92aa-4810-abb4-e71762bddfe1'),
    ('Палана', 'a74c565f-ed3d-4b9c-a3e6-3360c03dfafb', '8a52ecc8-92aa-4810-abb4-e71762bddfe1');

INSERT INTO region (id, "name", country_id)
VALUES ('c3566c5c-3275-4623-bea1-864ed2a40d5a', 'Краснодарский край', 'e7156acf-b118-4a23-92e4-8b2579ed798a');

INSERT INTO populated_locality ("name", id, region_id)
VALUES ('Абинск', '939ec69c-f5ba-4dd0-befc-847335019bcf', 'c3566c5c-3275-4623-bea1-864ed2a40d5a'),
    ('Анапа', 'e9972000-ad27-4be7-b3fa-4249cfc17329', 'c3566c5c-3275-4623-bea1-864ed2a40d5a'),
    ('Апшеронск', 'e91c5284-8c11-4b3c-a820-6f9b3427cfcb', 'c3566c5c-3275-4623-bea1-864ed2a40d5a'),
    ('Армавир', '687156e1-2392-4f7a-98d3-6bde42b3ce23', 'c3566c5c-3275-4623-bea1-864ed2a40d5a'),
    ('Белореченск', '8d63ac72-72b7-4e7a-9e08-2121d294443c', 'c3566c5c-3275-4623-bea1-864ed2a40d5a'),
    ('Геленджик', '167b54ac-d282-4b6f-88f5-1cffba2b2602', 'c3566c5c-3275-4623-bea1-864ed2a40d5a'),
    ('Горячий Ключ', '3c3e5807-b92f-4b92-87f8-ac9853be86e1', 'c3566c5c-3275-4623-bea1-864ed2a40d5a'),
    ('Гулькевичи', '83551917-84e4-4ce7-916e-092c0678c772', 'c3566c5c-3275-4623-bea1-864ed2a40d5a'),
    ('Ейск', '8c98c93b-f9ac-4bc0-8fad-839147897669', 'c3566c5c-3275-4623-bea1-864ed2a40d5a'),
    ('Кореновск', '9137568b-98bb-436e-89c7-0d41d3dcb56e', 'c3566c5c-3275-4623-bea1-864ed2a40d5a'),
    ('Краснодар', 'b4b69b17-c4ac-4aeb-ba29-89fa9dba523b', 'c3566c5c-3275-4623-bea1-864ed2a40d5a'),
    ('Кропоткин', '93d15369-04a1-4f73-a326-00e3c972bc83', 'c3566c5c-3275-4623-bea1-864ed2a40d5a'),
    ('Крымск', 'ff8c6581-867b-4076-81dc-72bb533c6264', 'c3566c5c-3275-4623-bea1-864ed2a40d5a'),
    ('Курганинск', 'a1447175-8bc6-48bb-9d2b-b6884ad6a7c7', 'c3566c5c-3275-4623-bea1-864ed2a40d5a'),
    ('Лабинск', 'e09b45d8-d19d-4219-96f1-596919abd61b', 'c3566c5c-3275-4623-bea1-864ed2a40d5a'),
    ('Новокубанск', '49fc298e-7c9a-4588-b850-166b25ced8f0', 'c3566c5c-3275-4623-bea1-864ed2a40d5a'),
    ('Новороссийск', 'f94f7280-7870-41d7-9119-3bba54c5a593', 'c3566c5c-3275-4623-bea1-864ed2a40d5a'),
    ('Приморско-Ахтарск', 'ef452f03-9966-4e9c-a41d-4305adb80eb1', 'c3566c5c-3275-4623-bea1-864ed2a40d5a'),
    ('Славянск-на-Кубани', 'ce0137fe-a9ae-483f-8a0d-eb28a8553139', 'c3566c5c-3275-4623-bea1-864ed2a40d5a'),
    ('Сочи', '54a12418-f307-4763-a893-bbb319d48ead', 'c3566c5c-3275-4623-bea1-864ed2a40d5a'),
    ('Темрюк', 'c1cbb5e8-370e-4ceb-ae4e-af68527ed138', 'c3566c5c-3275-4623-bea1-864ed2a40d5a'),
    ('Тимашёвск', '8d02dc44-c985-4113-9c5f-2ea3f080d49b', 'c3566c5c-3275-4623-bea1-864ed2a40d5a'),
    ('Тихорецк', '6e68cb89-9614-429d-a690-1dd1ee054ec7', 'c3566c5c-3275-4623-bea1-864ed2a40d5a'),
    ('Туапсе', 'c019c075-76b5-46d7-9458-ce94d15df4b4', 'c3566c5c-3275-4623-bea1-864ed2a40d5a'),
    ('Усть-Лабинск', '66e5e31f-d330-4dbf-8476-2425d44d5d72', 'c3566c5c-3275-4623-bea1-864ed2a40d5a'),
    ('Хадыженск', 'aa6aace6-519c-46a4-9337-0bdb949ca4f8', 'c3566c5c-3275-4623-bea1-864ed2a40d5a');
INSERT INTO populated_locality ("name", id, region_id)
VALUES ('Афипский', '872e9738-467c-427b-8656-0f40b63b3876', 'c3566c5c-3275-4623-bea1-864ed2a40d5a'),
    ('Ахтырский', 'b84d8b4e-5562-4eb6-8b9c-394be1712674', 'c3566c5c-3275-4623-bea1-864ed2a40d5a'),
    ('Гирей', '4e50c976-2863-4cc9-9e7a-8e7bc6e86edb', 'c3566c5c-3275-4623-bea1-864ed2a40d5a'),
    ('Дагомыс', 'a1ab1a57-0809-4557-ae9b-8764910c8973', 'c3566c5c-3275-4623-bea1-864ed2a40d5a'),
    ('Джубга', 'f8dc9b28-c091-464b-9f44-c6103c6bcd93', 'c3566c5c-3275-4623-bea1-864ed2a40d5a'),
    ('Ильский', '47fb4be3-7d16-496e-9d69-51a3995751d4', 'c3566c5c-3275-4623-bea1-864ed2a40d5a'),
    ('Красная Поляна', '2669201f-abe3-4b0f-9931-1df664cdfc7c', 'c3566c5c-3275-4623-bea1-864ed2a40d5a'),
    ('Красносельский', 'f3962f72-eff4-4662-b10c-987e8b959896', 'c3566c5c-3275-4623-bea1-864ed2a40d5a'),
    ('Мостовской', '67255695-5dd9-4487-9dbf-c6b59748b88d', 'c3566c5c-3275-4623-bea1-864ed2a40d5a'),
    ('Нефтегорск', 'efed69de-b12d-4d68-b731-4660408ab19d', 'c3566c5c-3275-4623-bea1-864ed2a40d5a'),
    ('Новомихайловский', '4d498a47-9e44-4880-a483-f728e077fe5a', 'c3566c5c-3275-4623-bea1-864ed2a40d5a'),
    ('Псебай', '73720965-428c-493d-a69e-293efd3a1ded', 'c3566c5c-3275-4623-bea1-864ed2a40d5a'),
    ('Сириус', '734bb12b-5eb1-41b0-8f49-65afc8a5e03a', 'c3566c5c-3275-4623-bea1-864ed2a40d5a'),
    ('Черноморский', '60a377e8-226c-40b1-b716-3f3ba54e233c', 'c3566c5c-3275-4623-bea1-864ed2a40d5a');

INSERT INTO region (id, "name", country_id)
VALUES ('144f9f2a-b3bc-409a-901e-867717eb231e', 'Красноярский край', 'e7156acf-b118-4a23-92e4-8b2579ed798a');

INSERT INTO populated_locality ("name", id, region_id)
VALUES ('Артёмовск', 'a807d474-ddb6-4752-8276-81c65580fb61', '144f9f2a-b3bc-409a-901e-867717eb231e'),
    ('Ачинск', '878df394-3b82-4401-86ac-02ace92c29f6', '144f9f2a-b3bc-409a-901e-867717eb231e'),
    ('Боготол', '76ef13e6-9bc0-4b53-9a75-4c79a9c9ea76', '144f9f2a-b3bc-409a-901e-867717eb231e'),
    ('Бородино', '9ddf04f4-452f-4499-b54f-60ff88bf98d4', '144f9f2a-b3bc-409a-901e-867717eb231e'),
    ('Дивногорск', 'feec369b-6b83-4ab4-aa11-8255b0291cbd', '144f9f2a-b3bc-409a-901e-867717eb231e'),
    ('Дудинка', '9ce33c26-aa72-47ca-bb1d-2c4e8346344b', '144f9f2a-b3bc-409a-901e-867717eb231e'),
    ('Енисейск', '57fcc6e7-feca-444d-bfd9-6372b3a7bf18', '144f9f2a-b3bc-409a-901e-867717eb231e'),
    ('Железногорск', '5b543ab1-d81a-496e-bc90-608c9517b368', '144f9f2a-b3bc-409a-901e-867717eb231e'),
    ('Заозёрный', '5b50b5aa-b6b1-4377-b754-a42a7c72a396', '144f9f2a-b3bc-409a-901e-867717eb231e'),
    ('Зеленогорск', '1e15a5b9-94fe-4b02-8790-6e7e7cdaf113', '144f9f2a-b3bc-409a-901e-867717eb231e'),
    ('Игарка', 'ae9e8f59-e14c-4516-b73a-c4898728ce90', '144f9f2a-b3bc-409a-901e-867717eb231e'),
    ('Иланский', '3d475403-16b7-407a-90e1-05958c36cf20', '144f9f2a-b3bc-409a-901e-867717eb231e'),
    ('Канск', 'a2631375-9d82-467c-bb7b-624731b5fe05', '144f9f2a-b3bc-409a-901e-867717eb231e'),
    ('Кодинск', 'dbc5a0b9-4539-49f1-833f-fe34be4c73e6', '144f9f2a-b3bc-409a-901e-867717eb231e'),
    ('Красноярск', 'dcf49883-a228-45d0-a34b-15d6df2790f4', '144f9f2a-b3bc-409a-901e-867717eb231e'),
    ('Лесосибирск', '4cc9e4e5-439a-44ee-bd51-90ff7e72c708', '144f9f2a-b3bc-409a-901e-867717eb231e'),
    ('Минусинск', '7d450c80-61a4-4bc9-8a03-e30b99b4a1f0', '144f9f2a-b3bc-409a-901e-867717eb231e'),
    ('Назарово', '43bf726c-2048-4919-82ea-b3747b1099a3', '144f9f2a-b3bc-409a-901e-867717eb231e'),
    ('Норильск', 'cd58594c-6180-4e20-8bb8-bc943fe18252', '144f9f2a-b3bc-409a-901e-867717eb231e'),
    ('Сосновоборск', '8a46a75a-c1cf-4171-8ced-f317040f8569', '144f9f2a-b3bc-409a-901e-867717eb231e'),
    ('Ужур', '38b02009-c589-4508-9aad-9facbeb09d1a', '144f9f2a-b3bc-409a-901e-867717eb231e'),
    ('Уяр', '49e878b6-f308-4869-8bf0-c88ca3c26d0f', '144f9f2a-b3bc-409a-901e-867717eb231e'),
    ('Шарыпово', 'e463559d-1891-40d2-967b-529b395a3540', '144f9f2a-b3bc-409a-901e-867717eb231e');
INSERT INTO populated_locality ("name", id, region_id)
VALUES ('Балахта', 'ff110c4c-4622-428d-93b7-3f50cc9fd598', '144f9f2a-b3bc-409a-901e-867717eb231e'),
    ('Берёзовка', 'cb445582-608f-4f12-90a8-78050e014cb8', '144f9f2a-b3bc-409a-901e-867717eb231e'),
    ('Большая Ирба', 'c8b93694-620c-48c9-8b8d-ab03d3a55a3b', '144f9f2a-b3bc-409a-901e-867717eb231e'),
    ('Большая Мурта', '1e62868d-be5d-444b-8bcf-6265e730e290', '144f9f2a-b3bc-409a-901e-867717eb231e'),
    ('Горячегорск', '32001a53-239a-45f6-81b4-6cd964fc880e', '144f9f2a-b3bc-409a-901e-867717eb231e'),
    ('Диксон', '155dfcee-2d46-4f6d-b207-e0c72b88db87', '144f9f2a-b3bc-409a-901e-867717eb231e'),
    ('Дубинино', '56ae4a67-2efd-4c79-b67e-576c7080fb30', '144f9f2a-b3bc-409a-901e-867717eb231e'),
    ('Емельяново', 'e5d1a243-846d-4f0e-9ab9-c2f86532fe04', '144f9f2a-b3bc-409a-901e-867717eb231e'),
    ('Зелёный Бор', 'd02988f6-f4fc-4c31-b61c-e9be962e5f8d', '144f9f2a-b3bc-409a-901e-867717eb231e'),
    ('Ирша', '281b3ce4-727c-43b8-842c-b2f96ba8f2b0', '144f9f2a-b3bc-409a-901e-867717eb231e'),
    ('Кедровый', 'e889c8c0-d8eb-4832-8151-931aabb5b612', '144f9f2a-b3bc-409a-901e-867717eb231e'),
    ('Козулька', '8f3dccab-be11-4066-8fed-a05cdff5f18a', '144f9f2a-b3bc-409a-901e-867717eb231e'),
    ('Кошурниково', '9a7a396c-398f-4d16-aad2-b375bd7ed1a7', '144f9f2a-b3bc-409a-901e-867717eb231e'),
    ('Краснокаменск', '78a1a535-f322-4845-945a-d572c287af61', '144f9f2a-b3bc-409a-901e-867717eb231e'),
    ('Курагино', '1e5e0c77-1326-48be-b80e-caefc5c26ced', '144f9f2a-b3bc-409a-901e-867717eb231e'),
    ('Мазульский', 'c90d651a-29ea-42ef-9097-3f357043a9b2', '144f9f2a-b3bc-409a-901e-867717eb231e'),
    ('Мотыгино', '4cbf40ae-3a7d-42eb-8d93-2119c16b4b78', '144f9f2a-b3bc-409a-901e-867717eb231e'),
    ('Нижний Ингаш', '29654973-2cdc-412d-8f07-6e622238224f', '144f9f2a-b3bc-409a-901e-867717eb231e'),
    ('Нижняя Пойма', 'f22a6e27-07da-4db2-acfa-a2cede358dc3', '144f9f2a-b3bc-409a-901e-867717eb231e'),
    ('Подгорный', '8df1af56-ad80-454f-8d7c-322582cb5d52', '144f9f2a-b3bc-409a-901e-867717eb231e'),
    ('Подтёсово', '8b7154e5-39aa-45ab-9393-dd3c783da672', '144f9f2a-b3bc-409a-901e-867717eb231e'),
    ('Раздолинск', 'd54c1449-8e58-47e3-95bf-0f797b9e22b5', '144f9f2a-b3bc-409a-901e-867717eb231e'),
    ('Саянский', '6f3bd44f-dbaf-4803-806f-ce7bc1211343', '144f9f2a-b3bc-409a-901e-867717eb231e'),
    ('Северо-Енисейский', 'c50026ac-2545-4166-9ba1-a44d282a4b27', '144f9f2a-b3bc-409a-901e-867717eb231e'),
    ('Снежногорск', 'ddc25817-a129-4d94-8950-0f62b916eda1', '144f9f2a-b3bc-409a-901e-867717eb231e'),
    ('Солнечный', '17293221-94f3-476c-b90f-25eab2e397c1', '144f9f2a-b3bc-409a-901e-867717eb231e'),
    ('Стрелка', '12834d82-b218-4970-a44a-f261105ccfed', '144f9f2a-b3bc-409a-901e-867717eb231e'),
    ('Шушенское', 'df9ed9f9-e6fe-4438-8608-c218b5013cd4', '144f9f2a-b3bc-409a-901e-867717eb231e');

---- TODO continue here
INSERT INTO region (id, "name", country_id)
VALUES ('2fc0bca8-e04a-404e-b886-5d14a2b905bb', '', 'e7156acf-b118-4a23-92e4-8b2579ed798a');

INSERT INTO populated_locality ("name", id, region_id)
VALUES
INSERT INTO populated_locality ("name", id, region_id)
VALUES

INSERT INTO region (id, "name", country_id)
VALUES ('e4bbeb05-66e4-470a-820d-bf698ea0b2b9', '', 'e7156acf-b118-4a23-92e4-8b2579ed798a');

INSERT INTO populated_locality ("name", id, region_id)
VALUES
INSERT INTO populated_locality ("name", id, region_id)
VALUES

INSERT INTO region (id, "name", country_id)
VALUES ('1050365e-843a-4e99-a68a-33712deec07c', '', 'e7156acf-b118-4a23-92e4-8b2579ed798a');

INSERT INTO populated_locality ("name", id, region_id)
VALUES
INSERT INTO populated_locality ("name", id, region_id)
VALUES

INSERT INTO region (id, "name", country_id)
VALUES ('858bc2b4-3129-4374-b34a-5c3622d2fe47', '', 'e7156acf-b118-4a23-92e4-8b2579ed798a');

INSERT INTO populated_locality ("name", id, region_id)
VALUES
INSERT INTO populated_locality ("name", id, region_id)
VALUES


--INSERT INTO region (id, "name", country_id)
--VALUES ('', '', 'e7156acf-b118-4a23-92e4-8b2579ed798a');
--
--INSERT INTO populated_locality ("name", id, region_id)
--VALUES
--INSERT INTO populated_locality ("name", id, region_id)
--VALUES

--INSERT INTO country (id, "name")
--VALUES ('', '');
--
--INSERT INTO region (id, "name", country_id)
--VALUES ('', '', '');
--
--INSERT INTO populated_locality ("name", id, region_id)
--VALUES
--INSERT INTO populated_locality ("name", id, region_id)
--VALUES

-- https://www.latlong.net/
INSERT INTO place (id, latitude, longitude, "name")
VALUES ('9d1c3f1a-a6b4-466d-89f1-26a7bbb82a3f', 49.589497, 34.551087, 'Центр Полтавы');
