CREATE TABLE country (
	id uuid NOT NULL,
	"name" varchar(255) NOT NULL,
	CONSTRAINT country_pk PRIMARY KEY (id)
);

CREATE TABLE region (
	id uuid NOT NULL,
	"name" varchar(255) NOT NULL,
	country_id uuid NOT NULL,
	CONSTRAINT region_pk PRIMARY KEY (id),
	CONSTRAINT region_fk FOREIGN KEY (country_id) REFERENCES country(id)
);

CREATE TABLE populated_locality (
	id uuid NOT NULL,
	"name" varchar(255) NOT NULL,
	region_id uuid NOT NULL,
	CONSTRAINT populated_locality_pk PRIMARY KEY (id),
	CONSTRAINT populated_locality_fk FOREIGN KEY (region_id) REFERENCES region(id),
	CONSTRAINT populated_locality_uk UNIQUE ("name", region_id)
);

CREATE TABLE populated_locality_region (
	region_id uuid NOT NULL,
	populated_locality_id uuid NOT NULL,
	CONSTRAINT populated_locality_region_pk PRIMARY KEY (region_id,populated_locality_id),
	CONSTRAINT populated_locality_region__region_id_fk FOREIGN KEY (region_id) REFERENCES region(id),
	CONSTRAINT populated_locality_region__populated_locality_id_fk FOREIGN KEY (populated_locality_id) REFERENCES populated_locality(id)
);

CREATE TABLE place (
	id uuid NOT NULL,
	"name" varchar(255) NOT NULL,
	latitude numeric(9,6) NOT NULL,
	longitude numeric(9,6) NOT NULL,
	CONSTRAINT place_pk PRIMARY KEY (id)
);

INSERT INTO country (id, "name")
VALUES ('fba52635-0325-43a2-a2bd-8027041beb4b', 'Украина');

INSERT INTO region (id, "name", country_id)
VALUES ('c30d921c-5dfc-40c4-9437-633a11f854e6', 'Винницкая область', 'fba52635-0325-43a2-a2bd-8027041beb4b');

-- lists taken from wikipedia.org / wiki2.org
INSERT INTO populated_locality ("name", id, region_id)
VALUES ('Бар', '739f7bb9-0a8f-4fb3-a16f-a4fd0b618dc5', 'c30d921c-5dfc-40c4-9437-633a11f854e6'),
    ('Бершадь', 'ea4a77f7-4242-4f02-bc9c-9c2b2ec8fe96', 'c30d921c-5dfc-40c4-9437-633a11f854e6'),
    ('Винница', 'a8b8a799-d304-4585-b44c-0fb14a2e3b79', 'c30d921c-5dfc-40c4-9437-633a11f854e6'),
    ('Гайсин', 'd28a7e5f-37c5-495e-8c0a-5b001ad09108', 'c30d921c-5dfc-40c4-9437-633a11f854e6'),
    ('Гнивань', 'c13835a3-755f-4d2c-8074-bb0ea2b077c0', 'c30d921c-5dfc-40c4-9437-633a11f854e6'),
    ('Жмеринка', '6bc911df-ddab-48eb-a29e-dbb537d40ad4', 'c30d921c-5dfc-40c4-9437-633a11f854e6'),
    ('Ильинцы', 'b5093516-7ff0-4d4a-aa6e-6c8724a302ae', 'c30d921c-5dfc-40c4-9437-633a11f854e6'),
    ('Казатин', '86f1ecda-354d-417f-b81d-45af33251709', 'c30d921c-5dfc-40c4-9437-633a11f854e6'),
    ('Калиновка', 'f49b28a1-c17c-4ed8-92cf-e5df09dc2d4b', 'c30d921c-5dfc-40c4-9437-633a11f854e6'),
    ('Ладыжин', '1280c438-400a-4443-9889-3dd42b473c84', 'c30d921c-5dfc-40c4-9437-633a11f854e6'),
    ('Липовец', '174b63d0-b2f3-432a-a3d2-f08aab5594d6', 'c30d921c-5dfc-40c4-9437-633a11f854e6'),
    ('Могилёв-Подольский', 'c4472e26-8009-404e-b8e6-aba189d56c52', 'c30d921c-5dfc-40c4-9437-633a11f854e6'),
    ('Немиров', '6aa05a26-f4f3-4e08-9b9d-361b85a5a41c', 'c30d921c-5dfc-40c4-9437-633a11f854e6'),
    ('Погребище', 'e64f12b1-8ff8-4308-adaf-472dd20add99', 'c30d921c-5dfc-40c4-9437-633a11f854e6'),
    ('Тульчин', '2bfd356c-4dcd-48c5-a9e6-4082f71d44bb', 'c30d921c-5dfc-40c4-9437-633a11f854e6'),
    ('Хмельник', '8df9ac2a-7ede-43b9-827d-4cf16a70eb06', 'c30d921c-5dfc-40c4-9437-633a11f854e6'),
    ('Шаргород', '5d07853e-6969-4fe3-8e86-be67477effce', 'c30d921c-5dfc-40c4-9437-633a11f854e6'),
    ('Ямполь', '068b327c-72db-465c-b06c-83f1cf220de8', 'c30d921c-5dfc-40c4-9437-633a11f854e6');
INSERT INTO populated_locality ("name", id, region_id)
VALUES ('Браилов', 'b7e32af5-6b13-4112-9a84-5a6ffe64909d', 'c30d921c-5dfc-40c4-9437-633a11f854e6'),
    ('Брацлав', '4b5dbc98-ff2d-4f04-b174-23c0b9e0d3c5', 'c30d921c-5dfc-40c4-9437-633a11f854e6'),
    ('Бродецкое', '251652bb-c9af-446d-bc64-87c9fe693061', 'c30d921c-5dfc-40c4-9437-633a11f854e6'),
    ('Вапнярка', 'b13d13fa-762f-4999-a3f7-657e0e8cfc11', 'c30d921c-5dfc-40c4-9437-633a11f854e6'),
    ('Вендичаны', '7378e1be-bf70-4842-88ad-f0bacb1bf21e', 'c30d921c-5dfc-40c4-9437-633a11f854e6'),
    ('Вороновица', 'f2c9fe56-a3c4-4f45-938d-839b1c43c999', 'c30d921c-5dfc-40c4-9437-633a11f854e6'),
    ('Глуховцы', '3468a32e-4022-4b9a-b72e-f21a4949142c', 'c30d921c-5dfc-40c4-9437-633a11f854e6'),
    ('Дашев', '12eebfa5-0fbf-4815-8bf5-fe51c21efbc1', 'c30d921c-5dfc-40c4-9437-633a11f854e6'),
    ('Десна', 'f7a3b746-66fe-4b5e-bec0-e5b79adbbb69', 'c30d921c-5dfc-40c4-9437-633a11f854e6'),
    ('Зализничное', '114de216-517e-472a-b6c4-b6edac3ac44e', 'c30d921c-5dfc-40c4-9437-633a11f854e6'),
    ('Кирнасовка', '894e5238-e8de-434f-b348-7cd63e2f5656', 'c30d921c-5dfc-40c4-9437-633a11f854e6'),
    ('Копайгород', '9c3127dc-06ac-4549-84b6-49dc4c2c5a01', 'c30d921c-5dfc-40c4-9437-633a11f854e6'),
    ('Крыжополь', '3b5f1c20-dbda-4ff0-b1f7-f0c007d47e41', 'c30d921c-5dfc-40c4-9437-633a11f854e6'),
    ('Литин', '338612a4-c0ed-49af-a1d4-1897475dcec1', 'c30d921c-5dfc-40c4-9437-633a11f854e6'),
    ('Мурованые Куриловцы', 'c51f7517-9759-4837-bbec-4fc67308c4ba', 'c30d921c-5dfc-40c4-9437-633a11f854e6'),
    ('Оратов', '85f15c7e-b46d-4ad6-9d43-873142c9cdd9', 'c30d921c-5dfc-40c4-9437-633a11f854e6'),
    ('Песчанка', '92089fc6-8f63-4d9d-aaf5-031de8724985', 'c30d921c-5dfc-40c4-9437-633a11f854e6'),
    ('Рудница', '53920d57-e5aa-4be9-9085-f47e8a353938', 'c30d921c-5dfc-40c4-9437-633a11f854e6'),
    ('Ситковцы', '98b5ad21-ba84-4ce6-9be0-438f4ecd4de8', 'c30d921c-5dfc-40c4-9437-633a11f854e6'),
    ('Стрижавка', '0f607625-7064-4550-94cf-ef0a74a7d311', 'c30d921c-5dfc-40c4-9437-633a11f854e6'),
    ('Сутиски', 'e30f0c34-7f49-42e1-abaa-09f5bc67d37a', 'c30d921c-5dfc-40c4-9437-633a11f854e6'),
    ('Теплик', '8b8cd76b-2329-4e05-bae8-d4402c04a385', 'c30d921c-5dfc-40c4-9437-633a11f854e6'),
    ('Томашполь', 'a63504b9-7c72-4d67-a990-34fdcdee031c', 'c30d921c-5dfc-40c4-9437-633a11f854e6'),
    ('Тростянец', '534c72a8-9949-48a9-909f-36ded3932f61', 'c30d921c-5dfc-40c4-9437-633a11f854e6'),
    ('Турбов', 'c80ed9c7-a472-4a8d-8b43-777636a79504', 'c30d921c-5dfc-40c4-9437-633a11f854e6'),
    ('Тывров', 'f82b9753-e5a0-420a-8888-116dae1a4338', 'c30d921c-5dfc-40c4-9437-633a11f854e6'),
    ('Черневцы', '9c275887-8b13-468c-bd9a-88f34332c086', 'c30d921c-5dfc-40c4-9437-633a11f854e6'),
    ('Чечельник', 'f4e950f2-0937-42ca-b8f3-5b0773ed76c1', 'c30d921c-5dfc-40c4-9437-633a11f854e6'),
    ('Шпиков', '1548c94b-6b62-4b0b-acf9-c9e2ca3071a7', 'c30d921c-5dfc-40c4-9437-633a11f854e6');

INSERT INTO region (id, "name", country_id)
VALUES ('f4d03a35-d91b-4b21-a385-d03149b33390', 'Волынская область', 'fba52635-0325-43a2-a2bd-8027041beb4b');

INSERT INTO populated_locality ("name", id, region_id)
VALUES ('Берестечко', '217b636b-f72a-47aa-b833-baeaead531ee', 'f4d03a35-d91b-4b21-a385-d03149b33390'),
    ('Владимир-Волынский', '23411a28-7502-4cec-a11a-ea586a9dfe6f', 'f4d03a35-d91b-4b21-a385-d03149b33390'),
    ('Горохов', '5cae2551-c2c2-4d69-b449-38a4763accd6', 'f4d03a35-d91b-4b21-a385-d03149b33390'),
    ('Камень-Каширский', '13b5f7f2-cffe-4b9c-9ead-b82528ec7bee', 'f4d03a35-d91b-4b21-a385-d03149b33390'),
    ('Киверцы', '4c2b4455-157a-4f1d-94a8-770cb9177d8f', 'f4d03a35-d91b-4b21-a385-d03149b33390'),
    ('Ковель', 'a7232daf-161a-4330-bf5d-5c2f5ad805ca', 'f4d03a35-d91b-4b21-a385-d03149b33390'),
    ('Луцк', 'e4c25a8d-0c77-41c8-b77a-350a56257464', 'f4d03a35-d91b-4b21-a385-d03149b33390'),
    ('Любомль', 'b5ee96a0-fe3e-463f-aa03-df1fddc435ea', 'f4d03a35-d91b-4b21-a385-d03149b33390'),
    ('Нововолынск', '0b3bbc11-8aeb-4fe0-970f-cbbcd1392e11', 'f4d03a35-d91b-4b21-a385-d03149b33390'),
    ('Рожище', 'f9c34832-76fe-44dd-b44c-8b50a563fe84', 'f4d03a35-d91b-4b21-a385-d03149b33390'),
    ('Устилуг', '33fdc309-b5e6-4f68-8fc0-89331cf8062b', 'f4d03a35-d91b-4b21-a385-d03149b33390');
INSERT INTO populated_locality ("name", id, region_id)
VALUES ('Благодатное', '345c2f89-7629-485a-bf92-9115fe96518c', 'f4d03a35-d91b-4b21-a385-d03149b33390'),
    ('Голобы', '64e8561d-c2e2-4532-be66-3ff12abd58f0', 'f4d03a35-d91b-4b21-a385-d03149b33390'),
    ('Головно', 'ed8e7c30-4480-40c9-8903-09dcd327cd38', 'f4d03a35-d91b-4b21-a385-d03149b33390'),
    ('Дубище', '5b4ceb8f-55f7-40bc-a58b-922369e61949', 'f4d03a35-d91b-4b21-a385-d03149b33390'),
    ('Заболотье', '5dd2730e-abfd-4fba-9bbe-8ebb9710a2a2', 'f4d03a35-d91b-4b21-a385-d03149b33390'),
    ('Иваничи', '52e6de5f-d1ae-44a0-91bc-b74d4ac26948', 'f4d03a35-d91b-4b21-a385-d03149b33390'),
    ('Колки', '16d68c76-6cee-4a8e-9fe3-98de59f26091', 'f4d03a35-d91b-4b21-a385-d03149b33390'),
    ('Локачи', 'c5fc56f5-69fe-43dd-9c62-a7a980fa608c', 'f4d03a35-d91b-4b21-a385-d03149b33390'),
    ('Луков', '1cde733f-bbad-4b5f-9a34-48e008331168', 'f4d03a35-d91b-4b21-a385-d03149b33390'),
    ('Любешов', '4bf81aa7-a6b3-45d1-b3b7-f335a8505420', 'f4d03a35-d91b-4b21-a385-d03149b33390'),
    ('Люблинец', '5b3ef2bb-1d85-4268-b46a-c4d5cc8894f5', 'f4d03a35-d91b-4b21-a385-d03149b33390'),
    ('Маневичи', 'f6ac88c3-c4d4-4e2d-82fd-fa96c82c9193', 'f4d03a35-d91b-4b21-a385-d03149b33390'),
    ('Марьяновка', 'db9fd23d-ca64-4ffc-bbf6-6c5ed0727951', 'f4d03a35-d91b-4b21-a385-d03149b33390'),
    ('Олыка', 'cc9cd89c-41d3-4368-91bf-53781cd7f50c', 'f4d03a35-d91b-4b21-a385-d03149b33390'),
    ('Ратно', '85878394-8362-4b6c-af64-a09b33e7c9c5', 'f4d03a35-d91b-4b21-a385-d03149b33390'),
    ('Рокини', '58f92f21-f4d0-45f4-9571-1cdc3bdb7220', 'f4d03a35-d91b-4b21-a385-d03149b33390'),
    ('Сенкевичевка', '0baed467-2457-46e0-b357-f6906d311969', 'f4d03a35-d91b-4b21-a385-d03149b33390'),
    ('Старая Выжевка', '472e8597-9a77-48e8-8077-e8286302a8be', 'f4d03a35-d91b-4b21-a385-d03149b33390'),
    ('Торчин', 'a716441c-98cd-458c-8444-192a75df04a9', 'f4d03a35-d91b-4b21-a385-d03149b33390'),
    ('Турийск', '962cff70-0d05-4da2-b56c-0b6cf8ca74cd', 'f4d03a35-d91b-4b21-a385-d03149b33390'),
    ('Цумань', '3ecd8a14-3e2d-4b77-b57c-d02129cdc65f', 'f4d03a35-d91b-4b21-a385-d03149b33390'),
    ('Шацк', 'b29262c3-d5fa-413f-a63c-64a41623c1f7', 'f4d03a35-d91b-4b21-a385-d03149b33390');

INSERT INTO region (id, "name", country_id)
VALUES ('acbb0d4e-a91f-4ad0-8f3c-7bac97f2134e', 'Днепропетровская область', 'fba52635-0325-43a2-a2bd-8027041beb4b');

INSERT INTO populated_locality ("name", id, region_id)
VALUES ('Апостолово', 'ced6d24d-e25c-49f4-a55b-ddb2ccf9b2bb', 'acbb0d4e-a91f-4ad0-8f3c-7bac97f2134e'),
    ('Верхнеднепровск', 'b3ee44b9-df5f-4f07-a33a-8a2b3c69d328', 'acbb0d4e-a91f-4ad0-8f3c-7bac97f2134e'),
    ('Верховцево', 'c7adb149-4c68-4742-9ccf-ea43cd78a247', 'acbb0d4e-a91f-4ad0-8f3c-7bac97f2134e'),
    ('Вольногорск', '19c016dc-4812-4492-9a46-0c04192607e2', 'acbb0d4e-a91f-4ad0-8f3c-7bac97f2134e'),
    ('Днепр', '57039c9c-07eb-49a3-b1d6-f6022e546119', 'acbb0d4e-a91f-4ad0-8f3c-7bac97f2134e'),
    ('Жёлтые Воды', '89c05cd0-f8de-4c5a-9933-e3ea1b768f5d', 'acbb0d4e-a91f-4ad0-8f3c-7bac97f2134e'),
    ('Зеленодольск', 'eb260471-39ca-4420-8afc-2c296ff5cc03', 'acbb0d4e-a91f-4ad0-8f3c-7bac97f2134e'),
    ('Каменское', '9cf11dd0-8b9f-4dac-acf1-74be3248268f', 'acbb0d4e-a91f-4ad0-8f3c-7bac97f2134e'),
    ('Кривой Рог', 'e31201f8-8463-4b82-906c-b4290b374514', 'acbb0d4e-a91f-4ad0-8f3c-7bac97f2134e'),
    ('Марганец', '0b7ce9bb-c98a-488e-8841-56d3180be79c', 'acbb0d4e-a91f-4ad0-8f3c-7bac97f2134e'),
    ('Никополь', 'a6206188-3f80-4475-93e4-53df4f53cdbd', 'acbb0d4e-a91f-4ad0-8f3c-7bac97f2134e'),
    ('Новомосковск', '2195cda2-d304-47cb-9397-ac64e099b0b9', 'acbb0d4e-a91f-4ad0-8f3c-7bac97f2134e'),
    ('Павлоград', '323cc96c-fc44-4b3a-a89a-e54260cd3cab', 'acbb0d4e-a91f-4ad0-8f3c-7bac97f2134e'),
    ('Перещепино', 'bf642e62-1810-4101-bb00-f375e6190993', 'acbb0d4e-a91f-4ad0-8f3c-7bac97f2134e'),
    ('Першотравенск', '47e11564-4192-4d8d-adc5-4b3007d24606', 'acbb0d4e-a91f-4ad0-8f3c-7bac97f2134e'),
    ('Подгородное', '0a8ec4d6-e6a4-4bbf-87c6-e043e439e213', 'acbb0d4e-a91f-4ad0-8f3c-7bac97f2134e'),
    ('Покров', 'f92cd3c6-0e4a-4d11-a790-88c76d8ed102', 'acbb0d4e-a91f-4ad0-8f3c-7bac97f2134e'),
    ('Пятихатки', 'd980f38a-bb56-4862-9f2b-474e67a574bb', 'acbb0d4e-a91f-4ad0-8f3c-7bac97f2134e'),
    ('Синельниково', '2f488545-3590-41d7-b92c-2cfd99a597c9', 'acbb0d4e-a91f-4ad0-8f3c-7bac97f2134e'),
    ('Терновка', '5191dc40-b92e-4f4e-8aec-19fedd2cd5c2', 'acbb0d4e-a91f-4ad0-8f3c-7bac97f2134e');
INSERT INTO populated_locality ("name", id, region_id)
VALUES ('Авиаторское', '2a19543d-2cd9-4ba2-a546-3200ea0ae8ec', 'acbb0d4e-a91f-4ad0-8f3c-7bac97f2134e'),
    ('Аулы', 'b6dc30fb-9d67-4739-9d90-4ff8616b099f', 'acbb0d4e-a91f-4ad0-8f3c-7bac97f2134e'),
    ('Божедаровка', 'a045866b-f873-436a-adaa-7c45d7e611d1', 'acbb0d4e-a91f-4ad0-8f3c-7bac97f2134e'),
    ('Васильковка', 'a283763a-ca69-4564-a015-07c3cdda7fa2', 'acbb0d4e-a91f-4ad0-8f3c-7bac97f2134e'),
    ('Вишнёвое', '3c1c1b62-7f5e-4ad3-a41b-2c84d9c8f69f', 'acbb0d4e-a91f-4ad0-8f3c-7bac97f2134e'),
    ('Гвардейское', '1c7b8734-17be-4a2c-accb-5924332fa526', 'acbb0d4e-a91f-4ad0-8f3c-7bac97f2134e'),
    ('Горняцкое', 'ce67c158-7d53-4b49-a355-ba2c7d7ca778', 'acbb0d4e-a91f-4ad0-8f3c-7bac97f2134e'),
    ('Губиниха', '8c8113cd-e9b1-4762-a520-09736e776665', 'acbb0d4e-a91f-4ad0-8f3c-7bac97f2134e'),
    ('Демурино', '814a4966-7cd9-40c8-9ad6-3838e6f694e7', 'acbb0d4e-a91f-4ad0-8f3c-7bac97f2134e'),
    ('Днепровское', '57022531-70da-4451-9d5f-dc9d5e818b7f', 'acbb0d4e-a91f-4ad0-8f3c-7bac97f2134e'),
    ('Зализничное', '12c7f1b8-ba70-4031-afb0-ab30f7ceacb2', 'acbb0d4e-a91f-4ad0-8f3c-7bac97f2134e'),
    ('Илларионово', '81cd88c9-b00a-4ca0-b82c-fd72a6c976ac', 'acbb0d4e-a91f-4ad0-8f3c-7bac97f2134e'),
    ('Карнауховка', '77068658-3f89-4432-a3df-1d31eb09101f', 'acbb0d4e-a91f-4ad0-8f3c-7bac97f2134e'),
    ('Кринички', 'b7688f1e-595d-445f-b15a-ea2e5c94a004', 'acbb0d4e-a91f-4ad0-8f3c-7bac97f2134e'),
    ('Куриловка', 'de398b49-d12e-4719-9871-f8f0d7432801', 'acbb0d4e-a91f-4ad0-8f3c-7bac97f2134e'),
    ('Лиховка', '6b9aa246-1bca-43f2-a349-28d309245813', 'acbb0d4e-a91f-4ad0-8f3c-7bac97f2134e'),
    ('Магдалиновка', 'aeaf1abe-bc5d-40b3-ae69-5b50dcfa9155', 'acbb0d4e-a91f-4ad0-8f3c-7bac97f2134e'),
    ('Марьевка', 'c69bca36-a295-495d-97d1-0219ee367061', 'acbb0d4e-a91f-4ad0-8f3c-7bac97f2134e'),
    ('Межевая', 'c58f5282-e0fe-4b02-8c95-366885cc0f23', 'acbb0d4e-a91f-4ad0-8f3c-7bac97f2134e'),
    ('Мелиоративное', 'da014684-916b-41cf-b181-54c793a04d99', 'acbb0d4e-a91f-4ad0-8f3c-7bac97f2134e'),
    ('Николаевка', '9f38226d-a709-4d76-9cea-749b7ca7bcd8', 'acbb0d4e-a91f-4ad0-8f3c-7bac97f2134e'),
    ('Николаевка', 'd24c93bc-163d-4582-92f9-f61270f39133', 'acbb0d4e-a91f-4ad0-8f3c-7bac97f2134e'),
    ('Новониколаевка', 'fede5c01-b463-4653-881e-a2a5a6f0da12', 'acbb0d4e-a91f-4ad0-8f3c-7bac97f2134e'),
    ('Новопокровка', '914c4811-21c2-41a9-9bed-84312f3fee2a', 'acbb0d4e-a91f-4ad0-8f3c-7bac97f2134e'),
    ('Обуховка', '43dbd937-5aab-4dcd-ae32-55a8f8f0101d', 'acbb0d4e-a91f-4ad0-8f3c-7bac97f2134e'),
    ('Петриковка', '08732918-083b-4ff0-a0b1-5545ca2ccb35', 'acbb0d4e-a91f-4ad0-8f3c-7bac97f2134e'),
    ('Петропавловка', '6b5f68ca-af7a-44ec-84ba-8d59f056d643', 'acbb0d4e-a91f-4ad0-8f3c-7bac97f2134e'),
    ('Письменное', '6eeff0dd-8903-4caa-a8d9-68a10466c31e', 'acbb0d4e-a91f-4ad0-8f3c-7bac97f2134e'),
    ('Покровское', '8ea44712-b36b-4eac-8cfb-f04c51418ddc', 'acbb0d4e-a91f-4ad0-8f3c-7bac97f2134e'),
    ('Просяная', '1672a160-d0e2-4226-a8e8-e21691bc2517', 'acbb0d4e-a91f-4ad0-8f3c-7bac97f2134e'),
    ('Радушное', '47c18480-1a7f-42e3-8c2b-fccedbf3b591', 'acbb0d4e-a91f-4ad0-8f3c-7bac97f2134e'),
    ('Раздоры', '2f90ac88-519b-4b70-8ae5-b596cfd2d49e', 'acbb0d4e-a91f-4ad0-8f3c-7bac97f2134e'),
    ('Сад', '93e4304e-9d28-4d28-8c5c-a3a35968b457', 'acbb0d4e-a91f-4ad0-8f3c-7bac97f2134e'),
    ('Славгород', 'c8d94f6f-ab24-4530-95a7-aa657a06e36b', 'acbb0d4e-a91f-4ad0-8f3c-7bac97f2134e'),
    ('Слобожанское', '7c60263c-7599-456d-9c58-ebe054109a44', 'acbb0d4e-a91f-4ad0-8f3c-7bac97f2134e'),
    ('Солёное', '7916446d-3b35-4d0e-bc12-161c67e8a6b7', 'acbb0d4e-a91f-4ad0-8f3c-7bac97f2134e'),
    ('Софиевка', 'f5e20733-0013-49d5-8ceb-de74553d4d04', 'acbb0d4e-a91f-4ad0-8f3c-7bac97f2134e'),
    ('Томаковка', 'f3ac342d-c8a4-4ae4-ac45-b022dc26ad0a', 'acbb0d4e-a91f-4ad0-8f3c-7bac97f2134e'),
    ('Христофоровка', '726e39c5-a323-4cd0-834e-919a3473f0e2', 'acbb0d4e-a91f-4ad0-8f3c-7bac97f2134e'),
    ('Царичанка', '1b093757-cbba-4d0e-95b4-9bdb297dfb2d', 'acbb0d4e-a91f-4ad0-8f3c-7bac97f2134e'),
    ('Чаплино', 'f429ee2e-2621-48cb-8bda-6751c5acace3', 'acbb0d4e-a91f-4ad0-8f3c-7bac97f2134e'),
    ('Червоногригоровка', 'a953de70-cedc-40fa-a931-f9798912b9c5', 'acbb0d4e-a91f-4ad0-8f3c-7bac97f2134e'),
    ('Черкасское', '3d994a11-064f-4dfd-a149-592449dd0ff6', 'acbb0d4e-a91f-4ad0-8f3c-7bac97f2134e'),
    ('Чертомлык', 'a6719640-3778-4ef3-9db0-7c58abe4f086', 'acbb0d4e-a91f-4ad0-8f3c-7bac97f2134e'),
    ('Широкое', '85e0887f-ac43-4cc0-b025-af4276ccc17b', 'acbb0d4e-a91f-4ad0-8f3c-7bac97f2134e'),
    ('Юрьевка', '7dc1875e-b2f4-4bbc-85d6-dd4693e2de0b', 'acbb0d4e-a91f-4ad0-8f3c-7bac97f2134e');

INSERT INTO region (id, "name", country_id)
VALUES('f83e298b-e8bd-4a62-ba8e-74a1b015436e', 'Донецкая область', 'fba52635-0325-43a2-a2bd-8027041beb4b');

INSERT INTO populated_locality ("name", id, region_id)
VALUES ('Авдеевка', 'f3eb9a97-f5ae-4d03-ac2c-48093003caa3', 'f83e298b-e8bd-4a62-ba8e-74a1b015436e'),
    ('Амвросиевка', '30ddbcc2-e71d-4b98-bdd4-136e5e42bf89', 'f83e298b-e8bd-4a62-ba8e-74a1b015436e'),
    ('Бахмут', '9486676c-203e-4fa9-b5bf-36abc8856507', 'f83e298b-e8bd-4a62-ba8e-74a1b015436e'),
    ('Белицкое', '5d75296f-01fc-4292-a757-879e8d0f7b6c', 'f83e298b-e8bd-4a62-ba8e-74a1b015436e'),
    ('Белозёрское', '44616670-39d8-443b-b2a3-0e3adf42d782', 'f83e298b-e8bd-4a62-ba8e-74a1b015436e'),
    ('Волноваха', '9ba70a92-788c-4513-bf9b-68355374ad84', 'f83e298b-e8bd-4a62-ba8e-74a1b015436e'),
    ('Горловка', 'b3ef9c9a-6f6e-45ab-b854-71f8765b9ee4', 'f83e298b-e8bd-4a62-ba8e-74a1b015436e'),
    ('Горняк', 'ef0ac3c6-0d58-49d4-b42e-3bbf852fb303', 'f83e298b-e8bd-4a62-ba8e-74a1b015436e'),
    ('Дебальцево', '19f0f4b0-c5ee-4a04-8610-f406f7d06604', 'f83e298b-e8bd-4a62-ba8e-74a1b015436e'),
    ('Доброполье', '420e30aa-a57e-483d-bb9a-efc33fe66ae8', 'f83e298b-e8bd-4a62-ba8e-74a1b015436e'),
    ('Докучаевск', 'f918371c-664c-4d94-8da6-6da63dfcf1d4', 'f83e298b-e8bd-4a62-ba8e-74a1b015436e'),
    ('Донецк', '1abf5df4-e4ec-40a4-862d-ff4b7790ebde', 'f83e298b-e8bd-4a62-ba8e-74a1b015436e'),
    ('Дружковка', 'd23c5919-7868-423f-8c08-ce69f128cfb4', 'f83e298b-e8bd-4a62-ba8e-74a1b015436e'),
    ('Енакиево', '182f47bc-f52f-45b3-8883-02a92db06897', 'f83e298b-e8bd-4a62-ba8e-74a1b015436e'),
    ('Ждановка', 'be09aff0-411f-4fcf-8e53-ebc1bd702ddc', 'f83e298b-e8bd-4a62-ba8e-74a1b015436e'),
    ('Зализное', '7fdb30b1-ae8f-4842-a827-52a6d0748c00', 'f83e298b-e8bd-4a62-ba8e-74a1b015436e'),
    ('Зугрэс', '8d6c8203-ef6f-4752-8b22-7230bfdf29aa', 'f83e298b-e8bd-4a62-ba8e-74a1b015436e'),
    ('Иловайск', '4c48b0d7-15d1-4263-895c-05385458fa57', 'f83e298b-e8bd-4a62-ba8e-74a1b015436e'),
    ('Крестовка', '3fd7cd7d-bc10-4437-bd57-a2401812d40d', 'f83e298b-e8bd-4a62-ba8e-74a1b015436e'),
    ('Кальмиусское', 'bbb37cde-f23d-4db3-bb62-62ca287e4c16', 'f83e298b-e8bd-4a62-ba8e-74a1b015436e'),
    ('Константиновка', '85a3c0f3-7284-4fd3-824c-a523917b0ea8', 'f83e298b-e8bd-4a62-ba8e-74a1b015436e'),
    ('Краматорск', '6bbeb253-bb30-46a6-b475-0c71dca86327', 'f83e298b-e8bd-4a62-ba8e-74a1b015436e'),
    ('Красногоровка', '1560a98a-dc0f-4b30-aee5-4817de7c6100', 'f83e298b-e8bd-4a62-ba8e-74a1b015436e'),
    ('Курахово', '467de512-c460-47fb-8b11-5d9631e27b00', 'f83e298b-e8bd-4a62-ba8e-74a1b015436e'),
    ('Лиман', '287e005b-3d51-4436-9b9b-ab765f406e6c', 'f83e298b-e8bd-4a62-ba8e-74a1b015436e'),
    ('Макеевка', '882c3f11-4311-421e-80bf-1923654ac981', 'f83e298b-e8bd-4a62-ba8e-74a1b015436e'),
    ('Мариуполь', '0d381409-3dc1-4f40-aed4-38d3394a6377', 'f83e298b-e8bd-4a62-ba8e-74a1b015436e'),
    ('Марьинка', '478b8a36-25f8-4429-952a-e22ec4fd3e66', 'f83e298b-e8bd-4a62-ba8e-74a1b015436e'),
    ('Мирноград', '3814468a-174c-454b-bb88-6a5d96f4df6f', 'f83e298b-e8bd-4a62-ba8e-74a1b015436e'),
    ('Моспино', '07677580-8300-4e66-9f3e-1077ad976b9b', 'f83e298b-e8bd-4a62-ba8e-74a1b015436e'),
    ('Николаевка', '74123187-5160-4013-a4be-707df181098c', 'f83e298b-e8bd-4a62-ba8e-74a1b015436e'),
    ('Новоазовск', '205e40d2-3856-499f-a695-97860d2e3eee', 'f83e298b-e8bd-4a62-ba8e-74a1b015436e'),
    ('Новогродовка', 'c9575b0a-40b0-41e2-b4aa-15e6ce9005ae', 'f83e298b-e8bd-4a62-ba8e-74a1b015436e'),
    ('Покровск', '58c902d2-a998-4bb1-8f5a-b2f354ef502d', 'f83e298b-e8bd-4a62-ba8e-74a1b015436e'),
    ('Родинское', '8decec23-6b8b-4064-aae7-c8fe7b657271', 'f83e298b-e8bd-4a62-ba8e-74a1b015436e'),
    ('Светлодарск', '933183f3-0356-4906-a878-e09b0b3fcdab', 'f83e298b-e8bd-4a62-ba8e-74a1b015436e'),
    ('Святогорск', '408a662c-5886-4c06-b7ef-1331abc568b7', 'f83e298b-e8bd-4a62-ba8e-74a1b015436e'),
    ('Северск', '05b36dfb-54b9-4f59-b080-98cf2d3a8c0e', 'f83e298b-e8bd-4a62-ba8e-74a1b015436e'),
    ('Селидово', 'dc337684-2455-44b1-a871-f7e79bdfee54', 'f83e298b-e8bd-4a62-ba8e-74a1b015436e'),
    ('Славянск', '6e220b7e-d911-45d7-85f6-4a545b3db7db', 'f83e298b-e8bd-4a62-ba8e-74a1b015436e'),
    ('Снежное', '2107ff90-84c1-4900-b30d-53e8fdf30ebd', 'f83e298b-e8bd-4a62-ba8e-74a1b015436e'),
    ('Соледар', 'a19109ae-af26-4126-beff-e49e1b557643', 'f83e298b-e8bd-4a62-ba8e-74a1b015436e'),
    ('Чистяково', '74eec1e5-ee00-4dfd-9611-066cb90e6064', 'f83e298b-e8bd-4a62-ba8e-74a1b015436e'),
    ('Торецк', '0899a368-67fa-4988-8d05-a1062237ac08', 'f83e298b-e8bd-4a62-ba8e-74a1b015436e'),
    ('Углегорск', '1b528978-5b42-4a44-8baf-6d47308ff686', 'f83e298b-e8bd-4a62-ba8e-74a1b015436e'),
    ('Угледар', '336f34d2-9ed5-4f41-bbf4-739f8247c575', 'f83e298b-e8bd-4a62-ba8e-74a1b015436e'),
    ('Украинск', '3629ae0c-f36d-48a9-a158-d2f6053085fb', 'f83e298b-e8bd-4a62-ba8e-74a1b015436e'),
    ('Харцызск', '834f3441-54b2-4ef9-98ae-7638a7156ebc', 'f83e298b-e8bd-4a62-ba8e-74a1b015436e'),
    ('Часов Яр', '18824447-ce90-4220-81e3-d3fb618c2caa', 'f83e298b-e8bd-4a62-ba8e-74a1b015436e'),
    ('Шахтёрск', '38ae1986-970a-4883-b98e-9bc87fc2b956', 'f83e298b-e8bd-4a62-ba8e-74a1b015436e'),
    ('Бунге', 'e771ebe3-8f85-4259-8138-0f5b164a14e6', 'f83e298b-e8bd-4a62-ba8e-74a1b015436e'),
    ('Ясиноватая', '0a800a35-7731-4d71-bc0d-1a6f0cceb2ae', 'f83e298b-e8bd-4a62-ba8e-74a1b015436e');
INSERT INTO populated_locality ("name", id, region_id)
VALUES ('Александровка (Александровский р-н)', 'ea835a2e-e701-49f9-85e8-d1109234b6d9', 'f83e298b-e8bd-4a62-ba8e-74a1b015436e'),
    ('Александровка (Краматорский горсовет)', 'b064fd8c-204c-493b-996f-639f57c01afa', 'f83e298b-e8bd-4a62-ba8e-74a1b015436e'),
    ('Александровка (Марьинский р-н)', '6fa2d211-0071-4dc8-a61e-8de108f0de07', 'f83e298b-e8bd-4a62-ba8e-74a1b015436e'),
    ('Александровское', '9b857a6f-3549-4634-8d44-b69137ed8e5c', 'f83e298b-e8bd-4a62-ba8e-74a1b015436e'),
    ('Алексеево-Дружковка', '9033e346-67a7-42a6-b3c0-b96b6ae54326', 'f83e298b-e8bd-4a62-ba8e-74a1b015436e'),
    ('Андреевка (Славянский р-н)', 'fe72ad91-e1c8-4551-aa41-b1407d0e14e5', 'f83e298b-e8bd-4a62-ba8e-74a1b015436e'),
    ('Андреевка (Снежнянский горсовет)', '379cb2e4-4127-4231-94fc-2c22d6dde55f', 'f83e298b-e8bd-4a62-ba8e-74a1b015436e'),
    ('Андреевка (Волновахский р-н)', 'f5681c40-1a1f-46b4-b406-09163bb25b2c', 'f83e298b-e8bd-4a62-ba8e-74a1b015436e'),
    ('Беленькое', 'a49c12cc-6918-49ff-ac93-6d9c76907844', 'f83e298b-e8bd-4a62-ba8e-74a1b015436e'),
    ('Благодатное', '5469d46c-78da-4daf-afa2-a01078619d0b', 'f83e298b-e8bd-4a62-ba8e-74a1b015436e'),
    ('Бражино', '38613c4b-313f-439d-922e-58cfe1b4ca6f', 'f83e298b-e8bd-4a62-ba8e-74a1b015436e'),
    ('Булавинское', 'a746b9e4-8bcf-4524-b4c2-0ca6572fa08c', 'f83e298b-e8bd-4a62-ba8e-74a1b015436e'),
    ('Былбасовка', '737fef51-dbd0-426d-a5c4-1742e9a4e7da', 'f83e298b-e8bd-4a62-ba8e-74a1b015436e'),
    ('Великая Новосёлка', '340ba756-95dd-415e-ba66-a9687fe72f20', 'f83e298b-e8bd-4a62-ba8e-74a1b015436e'),
    ('Великое Орехово', 'fab2f06e-df13-4177-96c8-f319a163ff69', 'f83e298b-e8bd-4a62-ba8e-74a1b015436e'),
    ('Верхнеторецкое', '237a4801-bf63-412f-9f4e-541faed0ef88', 'f83e298b-e8bd-4a62-ba8e-74a1b015436e'),
    ('Вишнёвое', '1e9a7258-0722-46a8-9449-67444a52f9f0', 'f83e298b-e8bd-4a62-ba8e-74a1b015436e'),
    ('Владимировка', '9d4c6712-eec6-4ad7-92f3-b1aee1a36930', 'f83e298b-e8bd-4a62-ba8e-74a1b015436e'),
    ('Водянское', '69a2476e-77b2-4417-8cb0-7520d1559021', 'f83e298b-e8bd-4a62-ba8e-74a1b015436e'),
    ('Благодатное', '439a4b37-181a-4419-a4b1-05f87b86e5df', 'f83e298b-e8bd-4a62-ba8e-74a1b015436e'),
    ('Копани', '990f5614-ed1b-4bb1-b981-ddc26a66c56e', 'f83e298b-e8bd-4a62-ba8e-74a1b015436e'),
    ('Вугляр', 'c5ac260a-5ca5-45e5-b87c-802b6329bb44', 'f83e298b-e8bd-4a62-ba8e-74a1b015436e'),
    ('Высокое', 'be32d451-f1e7-486b-bd75-e239db8d7b9c', 'f83e298b-e8bd-4a62-ba8e-74a1b015436e'),
    ('Гольмовский', '72ab176f-9e78-4438-8d54-26776210c078', 'f83e298b-e8bd-4a62-ba8e-74a1b015436e'),
    ('Горбачёво-Михайловка', '10772d15-51a0-4558-991b-0962c56625d6', 'f83e298b-e8bd-4a62-ba8e-74a1b015436e'),
    ('Горное', '1da46825-dbe9-43df-a2f7-b917b61a54f5', 'f83e298b-e8bd-4a62-ba8e-74a1b015436e'),
    ('Горняцкое', '3039e443-cf1f-4f88-896b-ad0ba4bdfae9', 'f83e298b-e8bd-4a62-ba8e-74a1b015436e'),
    ('Графское', '97a7a72e-8977-4f9e-aab3-01b31bba0c14', 'f83e298b-e8bd-4a62-ba8e-74a1b015436e'),
    ('Гродовка', '062bdae0-5240-40a4-a6ca-8abcd2551e77', 'f83e298b-e8bd-4a62-ba8e-74a1b015436e'),
    ('Грузско-Зорянское', '98084fe8-d3b1-493d-a27c-a6cfaafcfdb6', 'f83e298b-e8bd-4a62-ba8e-74a1b015436e'),
    ('Грузско-Ломовка', 'b63ca58a-1737-48a0-930f-8019955fa044', 'f83e298b-e8bd-4a62-ba8e-74a1b015436e'),
    ('Гусельское', '8391cf0b-67df-4187-a047-e434be72d77b', 'f83e298b-e8bd-4a62-ba8e-74a1b015436e'),
    ('Донецкое', 'c5243fd0-a09c-4b3e-88fe-e5cbb5fc47f6', 'f83e298b-e8bd-4a62-ba8e-74a1b015436e'),
    ('Донское', 'd9939c05-f71c-45d7-876f-be5e5d1a348a', 'f83e298b-e8bd-4a62-ba8e-74a1b015436e'),
    ('Дробышево', '847affd9-4818-4a79-b91a-b5ca84b28f1b', 'f83e298b-e8bd-4a62-ba8e-74a1b015436e'),
    ('Дружное', '02cef674-b265-4e56-bcc8-2440e9c0e721', 'f83e298b-e8bd-4a62-ba8e-74a1b015436e'),
    ('Желанное', '309fe442-c699-42ca-98c5-4a9460e961e2', 'f83e298b-e8bd-4a62-ba8e-74a1b015436e'),
    ('Зайцево', '35bd784b-aee0-4d8f-9d03-1c670f331b59', 'f83e298b-e8bd-4a62-ba8e-74a1b015436e'),
    ('Залесное', 'ef20d6a4-e245-4b9f-bcc8-0a66e6a529e4', 'f83e298b-e8bd-4a62-ba8e-74a1b015436e'),
    ('Заречное', '03e76a02-7cca-4167-8ecb-07938b64738c', 'f83e298b-e8bd-4a62-ba8e-74a1b015436e'),
    ('Землянки', '798001c3-5268-4671-a15b-95d050fed2be', 'f83e298b-e8bd-4a62-ba8e-74a1b015436e'),
    ('Зуевка', '77450eea-6ebe-413b-bbf3-2a9889d93805', 'f83e298b-e8bd-4a62-ba8e-74a1b015436e'),
    ('Ильинка', '77af8732-9bf1-4e87-91b9-048753e84835', 'f83e298b-e8bd-4a62-ba8e-74a1b015436e'),
    ('Камышеваха', 'b476dd5a-16f6-49d9-aa1e-9f37e2b7d96c', 'f83e298b-e8bd-4a62-ba8e-74a1b015436e'),
    ('Камышевка', 'a00c8e88-675c-4ab1-9388-6ada79fae7a4', 'f83e298b-e8bd-4a62-ba8e-74a1b015436e'),
    ('Софиевка', '40cab362-82dd-4198-a31a-a6b34e0dfc3e', 'f83e298b-e8bd-4a62-ba8e-74a1b015436e'),
    ('Керамик', 'ffeed8e8-fb8c-41d0-ba76-bf65e14f63a8', 'f83e298b-e8bd-4a62-ba8e-74a1b015436e'),
    ('Колосниково', '7be130fc-2c70-436a-a278-7baee1ab077e', 'f83e298b-e8bd-4a62-ba8e-74a1b015436e'),
    ('Контарное', 'f8c1cdac-ba9d-46b8-8d6b-ace648cd81d8', 'f83e298b-e8bd-4a62-ba8e-74a1b015436e'),
    ('Корсунь', 'b54a1a83-59dc-402d-9b5d-c8e7332c689b', 'f83e298b-e8bd-4a62-ba8e-74a1b015436e'),
    ('Красная Гора', 'ba33f57d-1037-4c20-a52d-c199dc80d12e', 'f83e298b-e8bd-4a62-ba8e-74a1b015436e'),
    ('Красноторка', '9a0d5540-0bcb-412e-b51c-27e55adeb43b', 'f83e298b-e8bd-4a62-ba8e-74a1b015436e'),
    ('Липское', 'e091f549-598b-44f4-a025-44306ae998ae', 'f83e298b-e8bd-4a62-ba8e-74a1b015436e'),
    ('Криничная', '68d1b9d5-b4bd-4724-96d0-857e910e99fb', 'f83e298b-e8bd-4a62-ba8e-74a1b015436e'),
    ('Кураховка', '5a5ed9e8-f162-411d-94b0-9a61067da72c', 'f83e298b-e8bd-4a62-ba8e-74a1b015436e'),
    ('Курдюмовка', '1785db21-01d8-4730-a066-e79d74e70aeb', 'f83e298b-e8bd-4a62-ba8e-74a1b015436e'),
    ('Кутейниково', '25d82f9a-7a7d-4680-afbc-09eeeb2c47b1', 'f83e298b-e8bd-4a62-ba8e-74a1b015436e'),
    ('Ларино', '4c9101e9-45c6-42fa-b457-45019b8840bb', 'f83e298b-e8bd-4a62-ba8e-74a1b015436e'),
    ('Лесное', '8559e52e-0c7a-4252-99a1-852fa5740571', 'f83e298b-e8bd-4a62-ba8e-74a1b015436e'),
    ('Лиманчук', '5a06aead-ca51-4cf8-a61c-cca907f45e7c', 'f83e298b-e8bd-4a62-ba8e-74a1b015436e'),
    ('Луганское', 'f92c35e7-7b6a-4f2f-8ccf-fd5702f70d26', 'f83e298b-e8bd-4a62-ba8e-74a1b015436e'),
    ('Малотарановка', 'b4e7dc58-bb9c-4454-a976-5f50c0c7e169', 'f83e298b-e8bd-4a62-ba8e-74a1b015436e'),
    ('Мангуш', '363b258f-e289-43b0-bf8d-022194d70863', 'f83e298b-e8bd-4a62-ba8e-74a1b015436e'),
    ('Маяк', 'c456a000-00de-4af3-8ea6-7ce0a612be79', 'f83e298b-e8bd-4a62-ba8e-74a1b015436e'),
    ('Межевое', 'd78dba52-49d9-4e87-bad0-a768746adfc1', 'f83e298b-e8bd-4a62-ba8e-74a1b015436e'),
    ('Мирное', '1bd68e29-f58a-4cfa-b1db-fd34caa46fde', 'f83e298b-e8bd-4a62-ba8e-74a1b015436e'),
    ('Мироновский', '98b49dc2-8995-4e93-a79e-21e707e8a770', 'f83e298b-e8bd-4a62-ba8e-74a1b015436e'),
    ('Московское', 'b079737f-7f37-4209-8e37-5c55ad3236ab', 'f83e298b-e8bd-4a62-ba8e-74a1b015436e'),
    ('Нелеповка', '14315b47-6d0d-4553-bda0-de810cd32940', 'f83e298b-e8bd-4a62-ba8e-74a1b015436e'),
    ('Нижняя Крынка', '1bcbbed7-9582-437d-8588-d0cc5d6108e3', 'f83e298b-e8bd-4a62-ba8e-74a1b015436e'),
    ('Никифорово', '0687757a-eb5e-4098-a073-9cd0922b40d4', 'f83e298b-e8bd-4a62-ba8e-74a1b015436e'),
    ('Николаевка', '5158f3a7-4990-4a7c-abe3-cfa0719a6989', 'f83e298b-e8bd-4a62-ba8e-74a1b015436e'),
    ('Никольское', 'c980924c-775e-4297-b331-409204cd6ee6', 'f83e298b-e8bd-4a62-ba8e-74a1b015436e'),
    ('Новгородское', '2259f496-f202-4526-9d25-be0c727a6028', 'f83e298b-e8bd-4a62-ba8e-74a1b015436e'),
    ('Новоамвросиевское', '291121e7-5980-47a7-803b-fce1e0f590af', 'f83e298b-e8bd-4a62-ba8e-74a1b015436e'),
    ('Новогригоровка', '2ab4380a-6e94-4be9-b02f-0c82e442618e', 'f83e298b-e8bd-4a62-ba8e-74a1b015436e'),
    ('Новодонецкое', 'bd186671-9a65-46f3-aaef-d5655d2e07dd', 'f83e298b-e8bd-4a62-ba8e-74a1b015436e'),
    ('Новониколаевка', 'b3b77b94-9fba-4b86-82ba-4114884bd9bb', 'f83e298b-e8bd-4a62-ba8e-74a1b015436e'),
    ('Новосёловка', '0315885c-fa13-4160-8fa6-26269a109fa1', 'f83e298b-e8bd-4a62-ba8e-74a1b015436e'),
    ('Новотроицкое', 'de8fdc5a-1725-483d-ac31-34e38bd57205', 'f83e298b-e8bd-4a62-ba8e-74a1b015436e'),
    ('Новоэкономическое', '7a77bdb8-f080-46e7-86af-7d02177df3d6', 'f83e298b-e8bd-4a62-ba8e-74a1b015436e'),
    ('Новый Свет', 'f51efee0-1fb3-4c19-ba20-734c0d789996', 'f83e298b-e8bd-4a62-ba8e-74a1b015436e'),
    ('Оленовка (Волновахский р-н)', '9bba9674-aed0-49ad-aedd-3c28eb3f3113', 'f83e298b-e8bd-4a62-ba8e-74a1b015436e'),
    ('Оленовка (Енакиевский горсовет)', '3f36067b-3429-4758-bfd0-352ae6692339', 'f83e298b-e8bd-4a62-ba8e-74a1b015436e'),
    ('Ольгинка', '5917b209-5472-4e68-8bd2-705f603ac9e1', 'f83e298b-e8bd-4a62-ba8e-74a1b015436e'),
    ('Ольховатка', '205cf36b-2168-48c8-85b9-78d9f888a344', 'f83e298b-e8bd-4a62-ba8e-74a1b015436e'),
    ('Ольховка', '67c80996-91ed-428d-a9b6-585d044b0b6a', 'f83e298b-e8bd-4a62-ba8e-74a1b015436e'),
    ('Острое', '98328b00-4d2b-46b9-a3c8-2676f2271030', 'f83e298b-e8bd-4a62-ba8e-74a1b015436e'),
    ('Очеретино', '7a39bcba-a122-432d-9847-0fdf984df096', 'f83e298b-e8bd-4a62-ba8e-74a1b015436e'),
    ('Пантелеймоновка', '9beea0df-99a7-4164-964f-6e026863523c', 'f83e298b-e8bd-4a62-ba8e-74a1b015436e'),
    ('Пелагеевка', '26cfddce-6953-4047-be6a-d1869219b477', 'f83e298b-e8bd-4a62-ba8e-74a1b015436e'),
    ('Первомайский', 'fffbc1b9-f2c5-4d5e-b645-76f5b7334603', 'f83e298b-e8bd-4a62-ba8e-74a1b015436e'),
    ('Первомайское', '6578ddeb-c5dd-4fef-9369-f941ec087737', 'f83e298b-e8bd-4a62-ba8e-74a1b015436e'),
    ('Петровка', '3148ebed-f4a9-4f18-87a0-8e9611c6d366', 'f83e298b-e8bd-4a62-ba8e-74a1b015436e'),
    ('Пивденное', 'f8429f98-0066-40a3-a850-8db7b8080e0e', 'f83e298b-e8bd-4a62-ba8e-74a1b015436e'),
    ('Пивничное', '1e762d94-ffdd-4954-bea8-680e3983a694', 'f83e298b-e8bd-4a62-ba8e-74a1b015436e'),
    ('Победа', 'e408f179-88ce-4a13-8b49-fc7c245517da', 'f83e298b-e8bd-4a62-ba8e-74a1b015436e'),
    ('Покровка', '46e0603f-32e7-4590-91c4-aad0506caa68', 'f83e298b-e8bd-4a62-ba8e-74a1b015436e'),
    ('Прибрежное', '89ff851a-98ac-440f-97ce-16418fba5208', 'f83e298b-e8bd-4a62-ba8e-74a1b015436e'),
    ('Пятиполье', '96da9d4a-9855-49be-92e8-12c3189309a0', 'f83e298b-e8bd-4a62-ba8e-74a1b015436e'),
    ('Райгородок', '1b0294cd-7ad1-420c-84b2-ecd82cf89e43', 'f83e298b-e8bd-4a62-ba8e-74a1b015436e'),
    ('Райское', '6a5d8752-6f40-4f47-893c-7248f17ae46e', 'f83e298b-e8bd-4a62-ba8e-74a1b015436e'),
    ('Рассыпное', 'ad0ae505-de27-43b4-b9c0-dc7ed4a24372', 'f83e298b-e8bd-4a62-ba8e-74a1b015436e'),
    ('Сартана', '3a1394ba-c0ed-4c18-b8df-4f264e9f7f05', 'f83e298b-e8bd-4a62-ba8e-74a1b015436e'),
    ('Холодное', '1c334d65-ff10-4ee3-bbee-392c5113de7b', 'f83e298b-e8bd-4a62-ba8e-74a1b015436e'),
    ('Святогоровка', 'f541e3fd-dde7-4916-8796-227dda8c8a72', 'f83e298b-e8bd-4a62-ba8e-74a1b015436e'),
    ('Северное', '5d61a9fb-93a3-4cc9-9a20-f64e4847f469', 'f83e298b-e8bd-4a62-ba8e-74a1b015436e'),
    ('Седово', '4fdd4cb1-e461-443f-b4cc-252d155da4c4', 'f83e298b-e8bd-4a62-ba8e-74a1b015436e'),
    ('Сердитое', '9865e57d-821e-44de-a6dd-e7d08daf9949', 'f83e298b-e8bd-4a62-ba8e-74a1b015436e'),
    ('Софиевка', '00ead567-31a2-40d3-a343-3fc60db754ca', 'f83e298b-e8bd-4a62-ba8e-74a1b015436e'),
    ('Старобешево', 'e94759e0-6c8e-485b-8b04-89f71ed20eaf', 'f83e298b-e8bd-4a62-ba8e-74a1b015436e'),
    ('Старомихайловка', 'de3af97b-aaf0-425e-8456-018176242bca', 'f83e298b-e8bd-4a62-ba8e-74a1b015436e'),
    ('Старый Крым', 'ce6e5d3b-55cc-44f6-85af-45e62693a655', 'f83e298b-e8bd-4a62-ba8e-74a1b015436e'),
    ('Стожковское', 'f690a1d4-708a-40bc-adcb-8fc33544538d', 'f83e298b-e8bd-4a62-ba8e-74a1b015436e'),
    ('Талаковка', 'ca2b8a1d-1251-40af-b22b-7295c9dd4f31', 'f83e298b-e8bd-4a62-ba8e-74a1b015436e'),
    ('Бойковское', '66035401-6a4b-4997-a1ab-3b819dcf1d42', 'f83e298b-e8bd-4a62-ba8e-74a1b015436e'),
    ('Троицко-Харцызск', '0f99d65a-37a1-4599-a3d5-b807b0ea4f34', 'f83e298b-e8bd-4a62-ba8e-74a1b015436e'),
    ('Удачное', 'dafa2382-5b2e-4632-8824-a184d9779d5f', 'f83e298b-e8bd-4a62-ba8e-74a1b015436e'),
    ('Цукурино', 'c9a632c0-2510-41e7-8360-f374203a648d', 'f83e298b-e8bd-4a62-ba8e-74a1b015436e'),
    ('Черкасское', '00cc4dbf-e312-43a1-9a2b-81fdffb8b08d', 'f83e298b-e8bd-4a62-ba8e-74a1b015436e'),
    ('Шабельковка', '69b9d53c-2d0d-4151-81db-6f97101c26ad', 'f83e298b-e8bd-4a62-ba8e-74a1b015436e'),
    ('Шахтное', 'e601b226-cf17-4b96-b403-17eeb3aacbe0', 'f83e298b-e8bd-4a62-ba8e-74a1b015436e'),
    ('Широкое', '2ff0aafc-b1a0-4c0a-8e31-43be9698dff5', 'f83e298b-e8bd-4a62-ba8e-74a1b015436e'),
    ('Шевченко', '3a21d094-850a-412e-9cbe-90340a65187b', 'f83e298b-e8bd-4a62-ba8e-74a1b015436e'),
    ('Щербиновка', '7f9deec0-ffab-4bfb-bc84-28ed80082dbc', 'f83e298b-e8bd-4a62-ba8e-74a1b015436e'),
    ('Ялта', '1d4ea15b-08c6-4a93-a9b8-a48a5514b5a3', 'f83e298b-e8bd-4a62-ba8e-74a1b015436e'),
    ('Ямполь', 'c8f822f6-fe67-4594-a093-d581d7ef1075', 'f83e298b-e8bd-4a62-ba8e-74a1b015436e'),
    ('Яровая', '4e200468-c515-4603-8f22-dd12577c8698', 'f83e298b-e8bd-4a62-ba8e-74a1b015436e'),
    ('Ясиновка', '0c693ef3-6498-4940-9b38-a2e37bc92e84', 'f83e298b-e8bd-4a62-ba8e-74a1b015436e'),
    ('Ясная Поляна', '3db90d95-3494-45c2-92a9-c07822b7090e', 'f83e298b-e8bd-4a62-ba8e-74a1b015436e'),
    ('Ясногорка', '2284048f-16a7-4836-98b9-d0f99be1291d', 'f83e298b-e8bd-4a62-ba8e-74a1b015436e');

INSERT INTO region (id, "name", country_id)
VALUES ('a2a8583e-6702-4047-8aeb-7a854ae2a8cd', 'Житомирская область', 'fba52635-0325-43a2-a2bd-8027041beb4b');

INSERT INTO populated_locality ("name", id, region_id)
VALUES ('Андрушёвка', '83580426-a18e-44ce-8347-dd02449270be', 'a2a8583e-6702-4047-8aeb-7a854ae2a8cd'),
    ('Барановка', 'd97a77c7-3140-4575-9128-5ed5c8fbaf43', 'a2a8583e-6702-4047-8aeb-7a854ae2a8cd'),
    ('Бердичев', '222b8009-e623-4743-87f7-35fac9bb5b46', 'a2a8583e-6702-4047-8aeb-7a854ae2a8cd'),
    ('Житомир', 'c4adac37-218f-45b3-a0f0-5507dadb023c', 'a2a8583e-6702-4047-8aeb-7a854ae2a8cd'),
    ('Коростень', '0be28cd3-2f7f-45ea-be52-956c34619bf5', 'a2a8583e-6702-4047-8aeb-7a854ae2a8cd'),
    ('Коростышев', '320a5210-1631-4c2d-adc7-45348b3af566', 'a2a8583e-6702-4047-8aeb-7a854ae2a8cd'),
    ('Малин', '910e84c1-b3e3-4525-acfe-5cae431b007e', 'a2a8583e-6702-4047-8aeb-7a854ae2a8cd'),
    ('Новоград-Волынский', 'f6c62f99-f1bb-4377-b7dd-2ee20119b266', 'a2a8583e-6702-4047-8aeb-7a854ae2a8cd'),
    ('Овруч', 'ce02f313-ea71-4be8-9a9a-6f618057287a', 'a2a8583e-6702-4047-8aeb-7a854ae2a8cd'),
    ('Олевск', 'd772dfe7-a173-401e-b7be-83deedb74d88', 'a2a8583e-6702-4047-8aeb-7a854ae2a8cd'),
    ('Радомышль', '61935a4f-a232-4edd-aa68-15822ae77e1a', 'a2a8583e-6702-4047-8aeb-7a854ae2a8cd'),
    ('Чуднов', 'cbeb84ed-fc3a-4052-a84f-1b927ec1c6b0', 'a2a8583e-6702-4047-8aeb-7a854ae2a8cd');
INSERT INTO populated_locality ("name", id, region_id)
VALUES ('Белая Криница', '88dc7129-11b4-4409-af7d-04d7e17be8b7', 'a2a8583e-6702-4047-8aeb-7a854ae2a8cd'),
    ('Брусилов', '59422baa-e190-4375-b859-f18ce7ef7247', 'a2a8583e-6702-4047-8aeb-7a854ae2a8cd'),
    ('Бучманы', '0a150f72-47e8-4373-b5d2-1c14f6c0cdd9', 'a2a8583e-6702-4047-8aeb-7a854ae2a8cd'),
    ('Быковка', 'ea649623-c0e1-443d-9b39-29809f6d41bd', 'a2a8583e-6702-4047-8aeb-7a854ae2a8cd'),
    ('Вакуленчук', 'ab6b27ae-6189-4f98-b8a7-2e889215b877', 'a2a8583e-6702-4047-8aeb-7a854ae2a8cd'),
    ('Великие Коровинцы', '095fbbbd-9d4b-490e-8312-5517a3bc837b', 'a2a8583e-6702-4047-8aeb-7a854ae2a8cd'),
    ('Головино', 'ec3f22ec-2f08-4d1c-9829-c8a9a0f3c553', 'a2a8583e-6702-4047-8aeb-7a854ae2a8cd'),
    ('Городница', '38c901bb-d162-4331-8c76-3b525719a6e8', 'a2a8583e-6702-4047-8aeb-7a854ae2a8cd'),
    ('Городок', 'a3170423-959b-4649-8036-de0efde48235', 'a2a8583e-6702-4047-8aeb-7a854ae2a8cd'),
    ('Гранитное', '615cc3a9-7808-47d2-aaa9-cb9c986fb163', 'a2a8583e-6702-4047-8aeb-7a854ae2a8cd'),
    ('Гришковцы', 'f2e561a8-f59b-4857-abcc-df65b760839f', 'a2a8583e-6702-4047-8aeb-7a854ae2a8cd'),
    ('Гуйва', 'c8bd1b06-b53e-4c6c-91f9-35f530c5a278', 'a2a8583e-6702-4047-8aeb-7a854ae2a8cd'),
    ('Диброва', '5e70dc00-22e2-4b6c-bcf7-c786cd52a436', 'a2a8583e-6702-4047-8aeb-7a854ae2a8cd'),
    ('Довбыш', '8ad027e1-39f0-4778-864b-80d674503d8b', 'a2a8583e-6702-4047-8aeb-7a854ae2a8cd'),
    ('Дружба', '7614af6f-72c6-42c9-a944-5d6908e03e19', 'a2a8583e-6702-4047-8aeb-7a854ae2a8cd'),
    ('Емильчино', 'e4b91fab-c27e-4980-8ad2-e7172e7f1824', 'a2a8583e-6702-4047-8aeb-7a854ae2a8cd'),
    ('Иванополь', '08759eb7-ec9f-471f-96aa-4ad54a8643d2', 'a2a8583e-6702-4047-8aeb-7a854ae2a8cd'),
    ('Иршанск', 'dc0bf6bb-d046-48a5-a002-4b49c903bbf7', 'a2a8583e-6702-4047-8aeb-7a854ae2a8cd'),
    ('Каменный Брод', '6bea280f-f1df-448e-bff8-c0ca27b712a2', 'a2a8583e-6702-4047-8aeb-7a854ae2a8cd'),
    ('Корнин', '1a47b399-30fc-4228-b9d1-793de637b715', 'a2a8583e-6702-4047-8aeb-7a854ae2a8cd'),
    ('Лугины', 'ed53b951-654c-4615-a7d0-51c8a13e8486', 'a2a8583e-6702-4047-8aeb-7a854ae2a8cd'),
    ('Любар', '3174045f-474b-4f8e-ab10-8324bb27bfd2', 'a2a8583e-6702-4047-8aeb-7a854ae2a8cd'),
    ('Марьяновка', 'ff0ba729-29b1-4967-9214-30e7e2c89062', 'a2a8583e-6702-4047-8aeb-7a854ae2a8cd'),
    ('Миролюбов', '2f678403-d053-4cd4-89d0-2321b4cd59e6', 'a2a8583e-6702-4047-8aeb-7a854ae2a8cd'),
    ('Мирополь', '5a8f4a2b-3679-45c4-b92c-b82c58c740de', 'a2a8583e-6702-4047-8aeb-7a854ae2a8cd'),
    ('Народичи', 'b90844e3-cbf2-41ab-9456-8398ba3f14f2', 'a2a8583e-6702-4047-8aeb-7a854ae2a8cd'),
    ('Новая Боровая', '6c952cb9-8e37-45e5-a332-39b0f07cb9a7', 'a2a8583e-6702-4047-8aeb-7a854ae2a8cd'),
    ('Новогуйвинское', '09f31f03-776a-4b70-8ee2-eba24d9f90cc', 'a2a8583e-6702-4047-8aeb-7a854ae2a8cd'),
    ('Новоозерянка', '7093a02a-fcab-4378-9a79-ff6aa34e0bc5', 'a2a8583e-6702-4047-8aeb-7a854ae2a8cd'),
    ('Новые Белокоровичи', 'cba130fa-b862-4e5e-8db5-790b6ad07f2f', 'a2a8583e-6702-4047-8aeb-7a854ae2a8cd'),
    ('Озёрное', '20d927b2-fff0-4f17-bf1a-48e2c3d9e81f', 'a2a8583e-6702-4047-8aeb-7a854ae2a8cd'),
    ('Першотравенск', 'e04919c9-e49f-4fc6-bc4b-ced98c4a5d2d', 'a2a8583e-6702-4047-8aeb-7a854ae2a8cd'),
    ('Першотравневое', '614ca606-3968-408f-ad5b-1445631192d9', 'a2a8583e-6702-4047-8aeb-7a854ae2a8cd'),
    ('Полянка', 'af8618f0-7f65-48f3-a5c9-9f18cf26a9f8', 'a2a8583e-6702-4047-8aeb-7a854ae2a8cd'),
    ('Попельня', '4bf38b96-7369-498d-a28c-12fae68aca20', 'a2a8583e-6702-4047-8aeb-7a854ae2a8cd'),
    ('Пулины', 'acbdae3f-882d-45e3-b329-b65a8f1e6bb7', 'a2a8583e-6702-4047-8aeb-7a854ae2a8cd'),
    ('Романов', '1ea95979-ebf3-4a2b-b8ed-91c38db1d0b8', 'a2a8583e-6702-4047-8aeb-7a854ae2a8cd'),
    ('Ружин', '190fe691-f502-475b-b6bb-8a071d965934', 'a2a8583e-6702-4047-8aeb-7a854ae2a8cd'),
    ('Хорошев', 'a77d70aa-ef75-4ed1-a64e-e1477e055f2d', 'a2a8583e-6702-4047-8aeb-7a854ae2a8cd'),
    ('Червоное', 'ee12d695-a40c-4a98-9953-439a3c943229', 'a2a8583e-6702-4047-8aeb-7a854ae2a8cd'),
    ('Черняхов', '781cb66c-9354-4099-a226-259ffa9b28bf', 'a2a8583e-6702-4047-8aeb-7a854ae2a8cd'),
    ('Чоповичи', 'babbe03a-8e95-446c-ad58-bd4c3226c79d', 'a2a8583e-6702-4047-8aeb-7a854ae2a8cd'),
    ('Яблонец', '62a403c2-3669-491a-bd75-df7785fa1e35', 'a2a8583e-6702-4047-8aeb-7a854ae2a8cd');

INSERT INTO region (id, "name", country_id)
VALUES('9a459f76-ba05-40c3-a73b-afb5eed2ec84', 'Закарпатская область', 'fba52635-0325-43a2-a2bd-8027041beb4b');

INSERT INTO populated_locality ("name", id, region_id)
VALUES ('Берегово', 'e32af75a-e1a6-4200-8a47-79970d418d92', '9a459f76-ba05-40c3-a73b-afb5eed2ec84'),
    ('Виноградов', '67d2a188-cb1b-40f3-a8a9-e3fb49a0db16', '9a459f76-ba05-40c3-a73b-afb5eed2ec84'),
    ('Иршава', 'd767eea4-b9af-4253-bd2c-5e3e81bca8ae', '9a459f76-ba05-40c3-a73b-afb5eed2ec84'),
    ('Мукачево', '5779aebd-3d12-43f5-852e-76fb71ac40a3', '9a459f76-ba05-40c3-a73b-afb5eed2ec84'),
    ('Перечин', '4eefb56e-a1d5-499a-a861-356af24d7859', '9a459f76-ba05-40c3-a73b-afb5eed2ec84'),
    ('Рахов', 'f52ea644-cf41-4180-a497-31b1869399b2', '9a459f76-ba05-40c3-a73b-afb5eed2ec84'),
    ('Свалява', '70694823-381e-4ba0-858c-d13dc53d1af9', '9a459f76-ba05-40c3-a73b-afb5eed2ec84'),
    ('Тячев', 'ebf3a48e-e6b1-4527-a55e-fd9219ea195c', '9a459f76-ba05-40c3-a73b-afb5eed2ec84'),
    ('Ужгород', '53c2b18d-00f0-44fd-bf27-55021a960db6', '9a459f76-ba05-40c3-a73b-afb5eed2ec84'),
    ('Хуст', 'da79677c-59c2-4066-abb2-aa279ddc8f8d', '9a459f76-ba05-40c3-a73b-afb5eed2ec84'),
    ('Чоп', 'd89ff6f5-a74c-43fc-aea4-d302a24b2041', '9a459f76-ba05-40c3-a73b-afb5eed2ec84');
INSERT INTO populated_locality ("name", id, region_id)
VALUES ('Батьево', 'e570b93e-958b-4fb0-b9e1-d8cb051150ef', '9a459f76-ba05-40c3-a73b-afb5eed2ec84'),
    ('Буштыно', '9ad1501a-fb37-4532-855e-77de98bfd9ef', '9a459f76-ba05-40c3-a73b-afb5eed2ec84'),
    ('Великий Березный', '07bbd369-4028-439a-ad1b-e960af97123e', '9a459f76-ba05-40c3-a73b-afb5eed2ec84'),
    ('Великий Бычков', 'c1750631-f84e-4a4c-bbe7-edaed1d50942', '9a459f76-ba05-40c3-a73b-afb5eed2ec84'),
    ('Вилок', 'f13b54c6-fd85-4782-b8e2-d77b4e690339', '9a459f76-ba05-40c3-a73b-afb5eed2ec84'),
    ('Воловец', '8686db28-88e5-4614-9d28-188821ba6966', '9a459f76-ba05-40c3-a73b-afb5eed2ec84'),
    ('Вышково', '04f1d018-29df-4179-9deb-0e3f08f8f121', '9a459f76-ba05-40c3-a73b-afb5eed2ec84'),
    ('Дубовое', '854c4258-5599-434f-b412-8cf66835de5c', '9a459f76-ba05-40c3-a73b-afb5eed2ec84'),
    ('Ждениево', '70e18dd7-771d-4f18-a516-8fd16128a301', '9a459f76-ba05-40c3-a73b-afb5eed2ec84'),
    ('Кобылецкая Поляна', '035ee861-1b30-4b1d-bac7-1481f8a9e72b', '9a459f76-ba05-40c3-a73b-afb5eed2ec84'),
    ('Кольчино', 'b420808a-ac02-4a55-a9d8-c31ec8b3fa58', '9a459f76-ba05-40c3-a73b-afb5eed2ec84'),
    ('Королёво', '9a023e1d-95c7-4d7d-8b4c-0c5cbaac4467', '9a459f76-ba05-40c3-a73b-afb5eed2ec84'),
    ('Межгорье', 'd21fae84-b179-41ef-ae04-6cc37782b0c7', '9a459f76-ba05-40c3-a73b-afb5eed2ec84'),
    ('Солотвино', '530bfd2a-9b04-4bb3-9ede-d31a3a1bac17', '9a459f76-ba05-40c3-a73b-afb5eed2ec84'),
    ('Среднее', 'fd764076-9d81-453e-ae5a-50023b54c07c', '9a459f76-ba05-40c3-a73b-afb5eed2ec84'),
    ('Тересва', '293a4c0a-43c3-4b24-9f59-ad9ac31e3298', '9a459f76-ba05-40c3-a73b-afb5eed2ec84'),
    ('Усть-Чорна', '8a5b9a65-ac94-4160-8a02-d3ff23b55682', '9a459f76-ba05-40c3-a73b-afb5eed2ec84'),
    ('Чинадиево', '6b560f32-fcc1-4dd1-84e6-3d0c7ef0b366', '9a459f76-ba05-40c3-a73b-afb5eed2ec84'),
    ('Ясиня', '6af829f6-c2ea-43af-b406-89a5d91851fd', '9a459f76-ba05-40c3-a73b-afb5eed2ec84');

INSERT INTO region (id, "name", country_id)
VALUES ('c4d654a2-5b40-4a69-9e44-49d9b8b2a44a', 'Запорожская область', 'fba52635-0325-43a2-a2bd-8027041beb4b');

INSERT INTO populated_locality ("name", id, region_id)
VALUES ('Бердянск', 'ee7834cc-3dc3-466e-87bd-2b6be823b43a', 'c4d654a2-5b40-4a69-9e44-49d9b8b2a44a'),
    ('Васильевка', 'a291e498-6838-4a1b-9a3a-fad3173d8901', 'c4d654a2-5b40-4a69-9e44-49d9b8b2a44a'),
    ('Вольнянск', 'b4ae7805-64ce-48f2-96cd-4d2a69658e6d', 'c4d654a2-5b40-4a69-9e44-49d9b8b2a44a'),
    ('Гуляйполе', '02579a9b-daeb-4481-9953-b8868f7eab49', 'c4d654a2-5b40-4a69-9e44-49d9b8b2a44a'),
    ('Днепрорудное', '70f4ec88-76d4-488c-95e5-5df8bc695d1d', 'c4d654a2-5b40-4a69-9e44-49d9b8b2a44a'),
    ('Запорожье', '506f6d8d-76d0-4755-b07d-b41e17cb63c6', 'c4d654a2-5b40-4a69-9e44-49d9b8b2a44a'),
    ('Каменка-Днепровская', '7a251f62-7958-42ad-a920-e46f450769ee', 'c4d654a2-5b40-4a69-9e44-49d9b8b2a44a'),
    ('Мелитополь', '7a96eeaf-7fcd-42d4-b691-4909f6dab304', 'c4d654a2-5b40-4a69-9e44-49d9b8b2a44a'),
    ('Молочанск', '50b2cf10-ae81-4a71-8abc-4d52bdd73b11', 'c4d654a2-5b40-4a69-9e44-49d9b8b2a44a'),
    ('Орехов', 'e6e3fe9f-a93a-47ee-9d42-46831f7786ee', 'c4d654a2-5b40-4a69-9e44-49d9b8b2a44a'),
    ('Пологи', '06b68cfb-0e82-4e28-b5e8-7ed62c4e4167', 'c4d654a2-5b40-4a69-9e44-49d9b8b2a44a'),
    ('Приморск', 'c7fe0b28-ecc4-48d6-9534-3a7bad0d8fc9', 'c4d654a2-5b40-4a69-9e44-49d9b8b2a44a'),
    ('Токмак', 'ac3b1e88-2418-47a0-a856-0d4f91e83412', 'c4d654a2-5b40-4a69-9e44-49d9b8b2a44a'),
    ('Энергодар', 'e5e71780-8029-4d26-8592-152ac031812f', 'c4d654a2-5b40-4a69-9e44-49d9b8b2a44a');

INSERT INTO populated_locality ("name", id, region_id)
VALUES ('Акимовка', '49df21bf-38e7-47f2-82b2-cfd92da0f61c', 'c4d654a2-5b40-4a69-9e44-49d9b8b2a44a'),
    ('Андреевка', 'feec5680-85de-47cf-a545-cf6733df371b', 'c4d654a2-5b40-4a69-9e44-49d9b8b2a44a'),
    ('Балабино', 'a36d1a41-a952-4f1b-be11-6029d7fce07a', 'c4d654a2-5b40-4a69-9e44-49d9b8b2a44a'),
    ('Бильмак', 'fdbb3ee8-dd7b-496e-b116-5dd7619cb3af', 'c4d654a2-5b40-4a69-9e44-49d9b8b2a44a'),
    ('Весёлое', '1646e8a4-484e-4d6e-874f-275bffdc07d3', 'c4d654a2-5b40-4a69-9e44-49d9b8b2a44a'),
    ('Зализничное', '9cb77386-e436-431c-b7da-ca3bbb0c7ed0', 'c4d654a2-5b40-4a69-9e44-49d9b8b2a44a'),
    ('Каменное', '40b2a90d-e397-437b-a276-f89c50541d65', 'c4d654a2-5b40-4a69-9e44-49d9b8b2a44a'),
    ('Камышеваха', '8e5cc073-459a-401b-abfb-55598c732eb4', 'c4d654a2-5b40-4a69-9e44-49d9b8b2a44a'),
    ('Камыш-Заря', 'b83e9a19-494b-4125-962d-a36cad886178', 'c4d654a2-5b40-4a69-9e44-49d9b8b2a44a'),
    ('Кирилловка', '74947326-2252-4098-b37f-8e27668fe01e', 'c4d654a2-5b40-4a69-9e44-49d9b8b2a44a'),
    ('Кушугум', '918366b7-c457-4e3d-bb16-3f4c38ccb9af', 'c4d654a2-5b40-4a69-9e44-49d9b8b2a44a'),
    ('Малокатериновка', '2bc43ba4-3305-4fab-b2e0-13e9a1cd1a09', 'c4d654a2-5b40-4a69-9e44-49d9b8b2a44a'),
    ('Мирное', '8e226baa-2ac5-4931-be15-f586cea840c2', 'c4d654a2-5b40-4a69-9e44-49d9b8b2a44a'),
    ('Михайловка', 'e81e3fb4-0620-4256-80fc-0fd044125e3d', 'c4d654a2-5b40-4a69-9e44-49d9b8b2a44a'),
    ('Нововасилевка', 'cf7de3b5-d982-4f60-bbdc-93a305855815', 'c4d654a2-5b40-4a69-9e44-49d9b8b2a44a'),
    ('Новониколаевка', '63f1c681-c134-4000-b316-f0ed008fb762', 'c4d654a2-5b40-4a69-9e44-49d9b8b2a44a'),
    ('Приазовское', 'fd52c8b2-25d5-4049-99c3-611e01333841', 'c4d654a2-5b40-4a69-9e44-49d9b8b2a44a'),
    ('Пришиб', '10b18780-460a-4b12-92fe-c99bfdfb94d6', 'c4d654a2-5b40-4a69-9e44-49d9b8b2a44a'),
    ('Розовка', '1d2b3d04-26c8-41c4-b6e5-cf7f398caf9f', 'c4d654a2-5b40-4a69-9e44-49d9b8b2a44a'),
    ('Степногорск', 'eb47e886-1a5f-4b75-8297-9a14615dd566', 'c4d654a2-5b40-4a69-9e44-49d9b8b2a44a'),
    ('Терноватое', '33fad664-3378-4042-a0ff-e5af01f3e0b2', 'c4d654a2-5b40-4a69-9e44-49d9b8b2a44a'),
    ('Черниговка', 'cdcfda82-ff92-4dc3-a2e3-808ffade47e4', 'c4d654a2-5b40-4a69-9e44-49d9b8b2a44a');

INSERT INTO region (id, "name", country_id)
VALUES ('c42e4560-6960-40be-93e0-f26c25bbed8c', 'Ивано-Франковская область', 'fba52635-0325-43a2-a2bd-8027041beb4b');

INSERT INTO populated_locality ("name", id, region_id)
VALUES ('Болехов', '623f8b9e-4b80-4085-a9d9-0d619198719f', 'c42e4560-6960-40be-93e0-f26c25bbed8c'),
    ('Бурштын', '984413c7-ea65-47b1-a4ee-301142eedc08', 'c42e4560-6960-40be-93e0-f26c25bbed8c'),
    ('Галич', 'a73f019a-0cc8-4b41-9ac2-e93b27cac856', 'c42e4560-6960-40be-93e0-f26c25bbed8c'),
    ('Городенка', 'afb9da47-ee99-46b5-a6bd-a5226a8c15b7', 'c42e4560-6960-40be-93e0-f26c25bbed8c'),
    ('Долина', '9ce38d88-9df9-43f0-8ed9-2d7ee0ea33b8', 'c42e4560-6960-40be-93e0-f26c25bbed8c'),
    ('Ивано-Франковск', '7a8f4d9e-a1cd-439f-bc6d-569154560ac2', 'c42e4560-6960-40be-93e0-f26c25bbed8c'),
    ('Калуш', '330cd919-f073-48be-82bf-829dff6c8c8c', 'c42e4560-6960-40be-93e0-f26c25bbed8c'),
    ('Коломыя', 'abb1e842-da35-438a-97f6-295dc3ca3697', 'c42e4560-6960-40be-93e0-f26c25bbed8c'),
    ('Косов', '39560af7-93f2-4bb9-9f84-a89bd8974370', 'c42e4560-6960-40be-93e0-f26c25bbed8c'),
    ('Надворная', '22144f1a-f2e1-4800-a7bd-9848bec0e844', 'c42e4560-6960-40be-93e0-f26c25bbed8c'),
    ('Рогатин', '59bb37a1-8d39-4fcf-8a31-6a2ae4b5b024', 'c42e4560-6960-40be-93e0-f26c25bbed8c'),
    ('Снятын', 'a564f171-abb0-4ece-bd75-fed246792a78', 'c42e4560-6960-40be-93e0-f26c25bbed8c'),
    ('Тлумач', 'ea002adc-7aff-4359-8bd8-36aaf11e92f4', 'c42e4560-6960-40be-93e0-f26c25bbed8c'),
    ('Тысменица', '9a90f91e-7936-486c-85d2-8de8ab4fad9f', 'c42e4560-6960-40be-93e0-f26c25bbed8c'),
    ('Яремче', 'ff4d34f5-b7a6-40ff-aa83-d1736c417165', 'c42e4560-6960-40be-93e0-f26c25bbed8c');
INSERT INTO populated_locality ("name", id, region_id)
VALUES ('Богородчаны', '542189ed-022a-4a12-99f1-961491e9755f', 'c42e4560-6960-40be-93e0-f26c25bbed8c'),
    ('Большовцы', '99ac9a3a-3946-40e0-92ec-1be1adc9023d', 'c42e4560-6960-40be-93e0-f26c25bbed8c'),
    ('Брошнев-Осада', '4567619c-3313-4045-9fde-8ca91be95bbe', 'c42e4560-6960-40be-93e0-f26c25bbed8c'),
    ('Букачёвцы', '4713a886-c661-4c32-b815-cfad8632a76b', 'c42e4560-6960-40be-93e0-f26c25bbed8c'),
    ('Бытков', '4c562e37-063b-433c-9a48-8d9d3f6024e8', 'c42e4560-6960-40be-93e0-f26c25bbed8c'),
    ('Верховина', 'fad29192-8f91-4361-9829-6c281e4d313a', 'c42e4560-6960-40be-93e0-f26c25bbed8c'),
    ('Войнилов', '3f0f0e7d-2a5d-4342-80b3-61ce835f62bd', 'c42e4560-6960-40be-93e0-f26c25bbed8c'),
    ('Ворохта', 'bda7c1ea-dbad-4adc-be65-97e2ca7e8258', 'c42e4560-6960-40be-93e0-f26c25bbed8c'),
    ('Выгода', 'd73c368a-a2c0-4353-98f2-b6892127bd09', 'c42e4560-6960-40be-93e0-f26c25bbed8c'),
    ('Гвоздец', '75192753-6d38-44ef-a2ae-f24917135f15', 'c42e4560-6960-40be-93e0-f26c25bbed8c'),
    ('Делятин', '884459b4-2e47-441a-b0bd-f585ddca7729', 'c42e4560-6960-40be-93e0-f26c25bbed8c'),
    ('Езуполь', '8d8748d4-4c87-4f38-aa34-e0cf1282f426', 'c42e4560-6960-40be-93e0-f26c25bbed8c'),
    ('Заболотов', '4d94e4c3-2098-40e1-9ce0-323ded475126', 'c42e4560-6960-40be-93e0-f26c25bbed8c'),
    ('Куты', '4e9d5118-e590-4027-a925-92fd5d9915b0', 'c42e4560-6960-40be-93e0-f26c25bbed8c'),
    ('Ланчин', '95c50f5b-1f09-4759-9c54-7f77bfdcff89', 'c42e4560-6960-40be-93e0-f26c25bbed8c'),
    ('Лисец', 'b205c4d3-7af5-41ec-8b7e-819129b3b19b', 'c42e4560-6960-40be-93e0-f26c25bbed8c'),
    ('Обертин', '12b60211-a339-4c61-a67d-b45b7229f0b5', 'c42e4560-6960-40be-93e0-f26c25bbed8c'),
    ('Отыния', '90b74f94-279c-4c48-9ee6-929099fcf434', 'c42e4560-6960-40be-93e0-f26c25bbed8c'),
    ('Перегинское', 'b848ad09-f352-45c7-bc53-a16d23fa58c7', 'c42e4560-6960-40be-93e0-f26c25bbed8c'),
    ('Печенежин', 'a5bec03e-6473-4cd6-a5d1-4236688cf681', 'c42e4560-6960-40be-93e0-f26c25bbed8c'),
    ('Рожнятов', 'f83e6ff5-30d0-4df5-a3d5-2d41401d1b7d', 'c42e4560-6960-40be-93e0-f26c25bbed8c'),
    ('Солотвин', '3570176f-f085-4d3d-b947-861feaf071d5', 'c42e4560-6960-40be-93e0-f26c25bbed8c'),
    ('Чернелица', '04691594-4790-4432-b239-b6817c33030a', 'c42e4560-6960-40be-93e0-f26c25bbed8c'),
    ('Яблонов', 'b55981f7-8d9c-4279-9554-cbc56f62aa82', 'c42e4560-6960-40be-93e0-f26c25bbed8c');

INSERT INTO region (id, "name", country_id)
VALUES ('ca715887-a0c6-497a-8877-0db11e8f7122', 'Киевская область', 'fba52635-0325-43a2-a2bd-8027041beb4b');

INSERT INTO populated_locality ("name", id, region_id)
VALUES ('Белая Церковь', '2c4d01af-fd7d-4ccc-9c2e-d5607e834a70', 'ca715887-a0c6-497a-8877-0db11e8f7122'),
    ('Березань', 'd7fd6655-c257-4593-9557-c045b429bb82', 'ca715887-a0c6-497a-8877-0db11e8f7122'),
    ('Богуслав', '0d5c3333-3ecf-4188-a37a-5ad9ebaf5263', 'ca715887-a0c6-497a-8877-0db11e8f7122'),
    ('Борисполь', '052a1ced-26f6-4c16-8e3d-409dba8b0abe', 'ca715887-a0c6-497a-8877-0db11e8f7122'),
    ('Боярка', 'de017328-7e9d-437b-9e6d-5e74fea8d3bf', 'ca715887-a0c6-497a-8877-0db11e8f7122'),
    ('Бровары', 'fafddd57-1dc4-41bd-8719-a546fc56e570', 'ca715887-a0c6-497a-8877-0db11e8f7122'),
    ('Буча', '8ffb5e7e-543c-4ef8-be77-30abe3a0220d', 'ca715887-a0c6-497a-8877-0db11e8f7122'),
    ('Васильков', '457cabd2-25f4-40ff-aa1f-a487653bed6e', 'ca715887-a0c6-497a-8877-0db11e8f7122'),
    ('Вишнёвое', 'cc047e7b-8528-4343-819b-41388fa27987', 'ca715887-a0c6-497a-8877-0db11e8f7122'),
    ('Вышгород', '9de035de-ef6b-442b-a5e6-c4c24e4da024', 'ca715887-a0c6-497a-8877-0db11e8f7122'),
    ('Ирпень', '97acdeb9-6d30-42d9-9877-ee2b162184d5', 'ca715887-a0c6-497a-8877-0db11e8f7122'),
    ('Кагарлык', 'ed16961d-ee51-47e3-9523-165d4f198ae2', 'ca715887-a0c6-497a-8877-0db11e8f7122'),
    ('Киев', '05245014-0596-468e-bdb4-0968f380d7b2', 'ca715887-a0c6-497a-8877-0db11e8f7122'),
    ('Мироновка', '39ff0fd5-882f-4072-9f4f-6be1f1d4289f', 'ca715887-a0c6-497a-8877-0db11e8f7122'),
    ('Обухов', 'd6cd6906-bdca-426c-ba07-8f280ab5a643', 'ca715887-a0c6-497a-8877-0db11e8f7122'),
    ('Переяслав', '47d444f9-25d0-4309-bdef-a669a921c18f', 'ca715887-a0c6-497a-8877-0db11e8f7122'),
    ('Припять', 'd4f29190-07d4-4622-9b41-27ad775e9ef7', 'ca715887-a0c6-497a-8877-0db11e8f7122'),
    ('Ржищев', '9a4a26ac-9e62-42ca-b8a3-e3dfdb0aa6af', 'ca715887-a0c6-497a-8877-0db11e8f7122'),
    ('Сквира', 'cb71e5a1-f4bc-4ae0-87d8-ea7665d70f9d', 'ca715887-a0c6-497a-8877-0db11e8f7122'),
    ('Славутич', 'a8ecf7ba-d5fc-4b05-81c0-03e46a7e5b82', 'ca715887-a0c6-497a-8877-0db11e8f7122'),
    ('Тараща', '4bcfbe97-a7e1-4b4a-8079-b0face81b745', 'ca715887-a0c6-497a-8877-0db11e8f7122'),
    ('Тетиев', 'f583b6e4-c0dc-491b-8a1b-288d480513ac', 'ca715887-a0c6-497a-8877-0db11e8f7122'),
    ('Узин', 'e09e592e-a4f2-46d6-a6b9-762be9ab0dfa', 'ca715887-a0c6-497a-8877-0db11e8f7122'),
    ('Украинка', '7dc12007-1d09-48ef-9bc5-414ec2444d46', 'ca715887-a0c6-497a-8877-0db11e8f7122'),
    ('Фастов', '2a51f40d-8f8d-47e2-9998-2d40a844afe2', 'ca715887-a0c6-497a-8877-0db11e8f7122'),
    ('Чернобыль', 'b1b2f89c-106c-4557-b680-297e24e7bbda', 'ca715887-a0c6-497a-8877-0db11e8f7122'),
    ('Яготин', 'aec87b2d-4093-4474-978a-a1ac8f29cc3e', 'ca715887-a0c6-497a-8877-0db11e8f7122');
INSERT INTO populated_locality ("name", id, region_id)
VALUES ('Бабинцы', '29b0447d-3887-49cd-ad18-a16eb63b76a9', 'ca715887-a0c6-497a-8877-0db11e8f7122'),
    ('Барышевка', 'e1d5e445-c24a-493a-af2a-fb505c0c2cf5', 'ca715887-a0c6-497a-8877-0db11e8f7122'),
    ('Боровая', '1bb72897-913b-4dc4-ac00-af99b75b5e84', 'ca715887-a0c6-497a-8877-0db11e8f7122'),
    ('Бородянка', 'f9560e9d-2ddf-41cd-89b1-203d7b948c8c', 'ca715887-a0c6-497a-8877-0db11e8f7122'),
    ('Великая Дымерка', 'c404343d-82f9-495e-b0f7-8bd569149e9a', 'ca715887-a0c6-497a-8877-0db11e8f7122'),
    ('Володарка', '94ec740a-9d94-4b56-9584-cc38d84487f0', 'ca715887-a0c6-497a-8877-0db11e8f7122'),
    ('Ворзель', '9a4d9818-1a68-46d5-bbc6-bf0ee623bf07', 'ca715887-a0c6-497a-8877-0db11e8f7122'),
    ('Глеваха', '063cd7bc-aebf-410a-9376-239c8120743f', 'ca715887-a0c6-497a-8877-0db11e8f7122'),
    ('Гостомель', '0f7b4a0e-5a25-4aae-a07c-3848b228fc8d', 'ca715887-a0c6-497a-8877-0db11e8f7122'),
    ('Гребёнки', '62939ac3-6d06-4b79-8ede-f2bb131c5948', 'ca715887-a0c6-497a-8877-0db11e8f7122'),
    ('Дослидницкое', 'fa30f118-705d-4671-984b-9e61990629a8', 'ca715887-a0c6-497a-8877-0db11e8f7122'),
    ('Дымер', '94e89fad-8793-4414-88a4-4e66d559c365', 'ca715887-a0c6-497a-8877-0db11e8f7122'),
    ('Згуровка', '602fdf86-a9f9-4916-b107-c1cc73e89ebf', 'ca715887-a0c6-497a-8877-0db11e8f7122'),
    ('Иванков', '9557ee61-ad7c-434b-9e79-6e865374d9cb', 'ca715887-a0c6-497a-8877-0db11e8f7122'),
    ('Калиновка (Броварский р-н)', '224ad34a-54a5-40fb-9a5f-c656a7271048', 'ca715887-a0c6-497a-8877-0db11e8f7122'),
    ('Калиновка (Васильковский р-н)', '21341559-0e8e-4b3e-ada6-dcaecee2ae0e', 'ca715887-a0c6-497a-8877-0db11e8f7122'),
    ('Калита', '96177f8a-3a51-4eab-877f-f0f2e42c5714', 'ca715887-a0c6-497a-8877-0db11e8f7122'),
    ('Клавдиево-Тарасово', 'de868a79-9735-43b0-bfef-000b87638789', 'ca715887-a0c6-497a-8877-0db11e8f7122'),
    ('Кодра', 'ad04068b-4e72-403e-8a30-9f23836f026c', 'ca715887-a0c6-497a-8877-0db11e8f7122'),
    ('Кожанка', '6fe3bbf2-3690-4649-a9b0-ca10d0954a22', 'ca715887-a0c6-497a-8877-0db11e8f7122'),
    ('Козин', '4fd18d97-8f42-4ed0-8b66-90b6bd30f60b', 'ca715887-a0c6-497a-8877-0db11e8f7122'),
    ('Коцюбинское', 'b746e16d-e790-4597-9c74-7b8098bd07bc', 'ca715887-a0c6-497a-8877-0db11e8f7122'),
    ('Красятичи', '8932f1a8-165a-43a4-a7f6-602c2f4dc073', 'ca715887-a0c6-497a-8877-0db11e8f7122'),
    ('Макаров', 'f0f2ff0c-7b28-404a-bd1b-02576e4dee77', 'ca715887-a0c6-497a-8877-0db11e8f7122'),
    ('Немешаево', 'e3b48358-9238-45d5-bb04-cc8dec0ba40e', 'ca715887-a0c6-497a-8877-0db11e8f7122'),
    ('Песковка', '3179b042-dee4-4b5b-856b-8e0616a114d0', 'ca715887-a0c6-497a-8877-0db11e8f7122'),
    ('Ракитное', '20f9a8b8-5897-48a1-bc5a-a7a8a5fca69d', 'ca715887-a0c6-497a-8877-0db11e8f7122'),
    ('Ставище', '28a8716c-d959-449d-8714-af412d1ea770', 'ca715887-a0c6-497a-8877-0db11e8f7122'),
    ('Терезино', '3c2ca142-b267-4686-80ee-fffdf97a4fe4', 'ca715887-a0c6-497a-8877-0db11e8f7122'),
    ('Чабаны', 'd6cf21cd-08c2-402d-93d8-a7463e4c1403', 'ca715887-a0c6-497a-8877-0db11e8f7122');

INSERT INTO region (id, "name", country_id)
VALUES ('15edad20-ee43-447f-a681-2fc4d17292e0', 'Кировоградская область', 'fba52635-0325-43a2-a2bd-8027041beb4b');

INSERT INTO populated_locality ("name", id, region_id)
VALUES ('Александрия', '3065bfa9-9b80-432a-aafc-1d3090a82393', '15edad20-ee43-447f-a681-2fc4d17292e0'),
    ('Благовещенское', 'b7ff74a7-43cc-4714-9a8b-a04e9a1e49a7', '15edad20-ee43-447f-a681-2fc4d17292e0'),
    ('Бобринец', '219c6ee9-6bac-4ab7-8c23-5b32e7ab0534', '15edad20-ee43-447f-a681-2fc4d17292e0'),
    ('Гайворон', '52fd914f-3c30-4c6e-aed3-02578f2b3def', '15edad20-ee43-447f-a681-2fc4d17292e0'),
    ('Долинская', 'ce21074e-599c-4929-9cf6-a7b1fb275028', '15edad20-ee43-447f-a681-2fc4d17292e0'),
    ('Знаменка', 'b20a0596-1991-4bf6-8329-61658d1de647', '15edad20-ee43-447f-a681-2fc4d17292e0'),
    ('Кропивницкий', 'd456f34c-4fa5-41fe-84a7-bd95829fc5ac', '15edad20-ee43-447f-a681-2fc4d17292e0'),
    ('Малая Виска', 'f1a6a9f2-bf89-4712-a1e8-bcfd811ba17a', '15edad20-ee43-447f-a681-2fc4d17292e0'),
    ('Новомиргород', '122124ca-ef3e-42b4-bdcc-04970830a44b', '15edad20-ee43-447f-a681-2fc4d17292e0'),
    ('Новоукраинка', '58849221-54c7-4211-8c85-afb0e1149eb3', '15edad20-ee43-447f-a681-2fc4d17292e0'),
    ('Помошная', '1d871b25-8640-429a-8696-084fbc12a293', '15edad20-ee43-447f-a681-2fc4d17292e0'),
    ('Светловодск', 'be5f67c9-aeb7-4acc-94ae-7c0bee9a1a48', '15edad20-ee43-447f-a681-2fc4d17292e0');
INSERT INTO populated_locality ("name", id, region_id)
VALUES ('Александровка', 'cec14965-e5c4-40cc-ac33-fcd4eaec7e3c', '15edad20-ee43-447f-a681-2fc4d17292e0'),
    ('Балаховка', '511d7858-4308-4252-9365-0942a4f3b2d8', '15edad20-ee43-447f-a681-2fc4d17292e0'),
    ('Власовка', '46d2b1c2-c9ee-4648-941d-3c5124dd193c', '15edad20-ee43-447f-a681-2fc4d17292e0'),
    ('Голованевск', '7f7b53d4-8fd9-4f28-9950-134586298f92', '15edad20-ee43-447f-a681-2fc4d17292e0'),
    ('Добровеличковка', '6a302018-92a6-42c7-9ae7-2818b306cc93', '15edad20-ee43-447f-a681-2fc4d17292e0'),
    ('Елизаветградка', 'a421488a-a4de-4759-bebe-bd753210b37e', '15edad20-ee43-447f-a681-2fc4d17292e0'),
    ('Завалье', '0137fc6b-6f6d-4867-8818-284588d95ca8', '15edad20-ee43-447f-a681-2fc4d17292e0'),
    ('Знаменка Вторая', 'be587e26-4db5-429d-8711-1b2a18b0e277', '15edad20-ee43-447f-a681-2fc4d17292e0'),
    ('Капитановка', '380b562b-6191-4656-859f-e53351c9969a', '15edad20-ee43-447f-a681-2fc4d17292e0'),
    ('Компанеевка', '785951d3-fe8d-439e-b495-8866619c508a', '15edad20-ee43-447f-a681-2fc4d17292e0'),
    ('Лесовое', '8399cc7a-537e-4ff0-8289-e242049435a9', '15edad20-ee43-447f-a681-2fc4d17292e0'),
    ('Молодёжное', 'a0f906d3-80a9-4b8a-a821-9f18892dca1b', '15edad20-ee43-447f-a681-2fc4d17292e0'),
    ('Новая Прага', '5184f1b9-83a6-43d6-8a03-9aa35a339e60', '15edad20-ee43-447f-a681-2fc4d17292e0'),
    ('Новгородка', 'd7a451cd-f954-4267-9140-450e3b3f8b48', '15edad20-ee43-447f-a681-2fc4d17292e0'),
    ('Новоархангельск', 'fc9bb765-c32d-4f0f-9b13-1e53018f0058', '15edad20-ee43-447f-a681-2fc4d17292e0'),
    ('Новое', 'a0936801-8e4d-4ec8-b2e2-521f728a34c5', '15edad20-ee43-447f-a681-2fc4d17292e0'),
    ('Ольшанка', '96df80cc-4bb4-430d-8855-35239c6a2f67', '15edad20-ee43-447f-a681-2fc4d17292e0'),
    ('Онуфриевка', 'd17b6074-4999-4c12-8b75-e1241724d5b4', '15edad20-ee43-447f-a681-2fc4d17292e0'),
    ('Павлыш', '5794bad5-842f-4011-916a-a1b60ca39715', '15edad20-ee43-447f-a681-2fc4d17292e0'),
    ('Пантаевка', 'f6437853-da7a-49c5-a5c5-c40a88239429', '15edad20-ee43-447f-a681-2fc4d17292e0'),
    ('Петрово', '3783375c-38aa-4c36-84a7-802f32151b3b', '15edad20-ee43-447f-a681-2fc4d17292e0'),
    ('Побугское', 'b4ff0984-d675-4de2-a21b-924f488f5962', '15edad20-ee43-447f-a681-2fc4d17292e0'),
    ('Приютовка', '832e685a-8685-465d-b634-5bfef3dc106c', '15edad20-ee43-447f-a681-2fc4d17292e0'),
    ('Сальково', '34ce367e-c57b-44ad-aa93-335b2f895060', '15edad20-ee43-447f-a681-2fc4d17292e0'),
    ('Смолино', 'd42c1c9a-4274-417b-8e89-6d56667b479f', '15edad20-ee43-447f-a681-2fc4d17292e0'),
    ('Устиновка', '26a2b8a9-e306-4605-b528-9f4ece105f03', '15edad20-ee43-447f-a681-2fc4d17292e0');

INSERT INTO region (id, "name", country_id)
VALUES ('e5327a9b-b01d-4c97-bcfd-d4285b8bfadb', 'Луганская область', 'fba52635-0325-43a2-a2bd-8027041beb4b');

INSERT INTO populated_locality ("name", id, region_id)
VALUES ('Александровск', '1f2399e0-2cea-490c-b480-9129b1b394fa', 'e5327a9b-b01d-4c97-bcfd-d4285b8bfadb'),
    ('Алмазная', '77ce8d28-e579-43d8-8e93-31ae230cc6d7', 'e5327a9b-b01d-4c97-bcfd-d4285b8bfadb'),
    ('Алчевск', 'd1fdbc77-e6d8-4a86-9061-84e237511c6c', 'e5327a9b-b01d-4c97-bcfd-d4285b8bfadb'),
    ('Антрацит', 'dfd34c89-70ab-4a25-b76f-95dac946ecf1', 'e5327a9b-b01d-4c97-bcfd-d4285b8bfadb'),
    ('Артёмовск', 'c6f38f61-4b26-4709-9871-9a85d2d567a2', 'e5327a9b-b01d-4c97-bcfd-d4285b8bfadb'),
    ('Брянка', '05182324-8d63-4e2a-b3df-50e29d18721d', 'e5327a9b-b01d-4c97-bcfd-d4285b8bfadb'),
    ('Вахрушево', '68f7db82-4071-4c30-93f6-33a499bd22e6', 'e5327a9b-b01d-4c97-bcfd-d4285b8bfadb'),
    ('Горское', '9e7efc00-02b3-4efa-9626-54745d36a1e1', 'e5327a9b-b01d-4c97-bcfd-d4285b8bfadb'),
    ('Зимогорье', 'cbd64a3b-ac6c-4acd-ab5a-b6e93109f546', 'e5327a9b-b01d-4c97-bcfd-d4285b8bfadb'),
    ('Золотое', '31373ca1-edab-4985-956b-a36ab4ca27ac', 'e5327a9b-b01d-4c97-bcfd-d4285b8bfadb'),
    ('Зоринск', 'c5287f60-9c8b-4c6e-9a65-ce726dc3ee87', 'e5327a9b-b01d-4c97-bcfd-d4285b8bfadb'),
    ('Ирмино', '416c8a3a-e18d-41e6-aa88-dfc85afee936', 'e5327a9b-b01d-4c97-bcfd-d4285b8bfadb'),
    ('Кировск', '183a1eb5-64b7-4a6a-9852-ce37f26338cb', 'e5327a9b-b01d-4c97-bcfd-d4285b8bfadb'),
    ('Краснодон', 'c4233233-6636-4c0e-b191-90be7ded343b', 'e5327a9b-b01d-4c97-bcfd-d4285b8bfadb'),
    ('Красный Луч', '1a1912a8-4f8f-4d1e-929a-4e8bb23308bb', 'e5327a9b-b01d-4c97-bcfd-d4285b8bfadb'),
    ('Кременная', '1c144190-d4a4-4b9a-a027-3347d66eb4f0', 'e5327a9b-b01d-4c97-bcfd-d4285b8bfadb'),
    ('Лисичанск', '44d3fe09-bd76-4d1e-bf4c-219d870b0998', 'e5327a9b-b01d-4c97-bcfd-d4285b8bfadb'),
    ('Луганск', '3d1800d1-7632-4135-9460-caed666eb54b', 'e5327a9b-b01d-4c97-bcfd-d4285b8bfadb'),
    ('Лутугино', '0c679796-ff8d-4563-9631-97d585ea308e', 'e5327a9b-b01d-4c97-bcfd-d4285b8bfadb'),
    ('Миусинск', '6cd47730-0ec9-4773-a394-e9c0940eadcb', 'e5327a9b-b01d-4c97-bcfd-d4285b8bfadb'),
    ('Молодогвардейск', 'a8229853-16d0-4438-a22a-828ac08ef98b', 'e5327a9b-b01d-4c97-bcfd-d4285b8bfadb'),
    ('Новодружеск', '76b681a4-4d45-4e27-8a20-9ab9be5ce006', 'e5327a9b-b01d-4c97-bcfd-d4285b8bfadb'),
    ('Первомайск', '0d792d8b-c93e-41e9-a7d7-47ec6ccb96b9', 'e5327a9b-b01d-4c97-bcfd-d4285b8bfadb'),
    ('Перевальск', 'db3263a9-0086-43de-8449-c18d0047a91e', 'e5327a9b-b01d-4c97-bcfd-d4285b8bfadb'),
    ('Петровское', '8e6ea16c-63cb-4aea-bb81-da4fbd600495', 'e5327a9b-b01d-4c97-bcfd-d4285b8bfadb'),
    ('Попасная', '299bdb38-d1b1-4a7c-8a5e-4f9164536159', 'e5327a9b-b01d-4c97-bcfd-d4285b8bfadb'),
    ('Приволье', '117f62c6-c940-4215-aafa-fac49b337381', 'e5327a9b-b01d-4c97-bcfd-d4285b8bfadb'),
    ('Ровеньки', '2dd889ab-43b0-4f8e-b9a7-9d83649bd6c5', 'e5327a9b-b01d-4c97-bcfd-d4285b8bfadb'),
    ('Рубежное', '1f010a48-40ed-47ab-82a3-2e0649dd0f9a', 'e5327a9b-b01d-4c97-bcfd-d4285b8bfadb'),
    ('Сватово', '6e6af0fd-5d55-4bbc-9a19-2fb0101837b6', 'e5327a9b-b01d-4c97-bcfd-d4285b8bfadb'),
    ('Свердловск/Должанск', 'ce9b3638-e1e4-46b5-bd53-644d47dd96f9', 'e5327a9b-b01d-4c97-bcfd-d4285b8bfadb'),
    ('Северодонецк', '4ab50239-e74f-47ff-8235-3a9e77920025', 'e5327a9b-b01d-4c97-bcfd-d4285b8bfadb'),
    ('Старобельск', '28731a76-5102-49ab-b7dc-716a49ae74f2', 'e5327a9b-b01d-4c97-bcfd-d4285b8bfadb'),
    ('Стаханов', 'd41062e2-71e7-4fd2-8319-c51a482ef53e', 'e5327a9b-b01d-4c97-bcfd-d4285b8bfadb'),
    ('Суходольск', '1efcd4c3-db2b-4318-aacb-aa6dbd23fe44', 'e5327a9b-b01d-4c97-bcfd-d4285b8bfadb'),
    ('Счастье', '84a51d6a-a2ac-456f-9bdb-8cd8ee91df12', 'e5327a9b-b01d-4c97-bcfd-d4285b8bfadb'),
    ('Червонопартизанск', '23f4a14f-db56-454a-8622-49fa5fd1ab4b', 'e5327a9b-b01d-4c97-bcfd-d4285b8bfadb');
INSERT INTO populated_locality ("name", id, region_id)
VALUES ('Анновка', 'a9271dd2-5bc4-4d3a-9ec4-12e7f6401d7b', 'e5327a9b-b01d-4c97-bcfd-d4285b8bfadb'),
    ('Байрачки', 'f0e3a75c-605c-4679-8909-281bd8877c44', 'e5327a9b-b01d-4c97-bcfd-d4285b8bfadb'),
    ('Беловодск', 'b6706837-8e8e-43dd-ab76-fe0fcb785b50', 'e5327a9b-b01d-4c97-bcfd-d4285b8bfadb'),
    ('Белогоровка', '1de6bd25-55ae-4917-a597-2742b903286a', 'e5327a9b-b01d-4c97-bcfd-d4285b8bfadb'),
    ('Белое', '95d52cc6-168a-4fce-89ed-4971e8709513', 'e5327a9b-b01d-4c97-bcfd-d4285b8bfadb'),
    ('Белокуракино', 'c203d880-e4da-4262-968c-040d6477cf24', 'e5327a9b-b01d-4c97-bcfd-d4285b8bfadb'),
    ('Белолуцк', '73c217a1-9dd2-483b-b86b-4b1e24aebc6d', 'e5327a9b-b01d-4c97-bcfd-d4285b8bfadb'),
    ('Белореченский', '780bf661-2c24-415c-b8b1-fbdd87336378', 'e5327a9b-b01d-4c97-bcfd-d4285b8bfadb'),
    ('Бирюково', '3efbc321-d097-4952-98c1-0462589a42f6', 'e5327a9b-b01d-4c97-bcfd-d4285b8bfadb'),
    ('Боково-Платово', '53bb0dbb-0799-4941-87bb-f90c02b854fe', 'e5327a9b-b01d-4c97-bcfd-d4285b8bfadb'),
    ('Боровское', 'efca8d20-36e4-43bf-aaf2-e4c83b0e7121', 'e5327a9b-b01d-4c97-bcfd-d4285b8bfadb'),
    ('Бугаевка', '53d91a6a-4fcd-4e6b-a425-9a9433091207', 'e5327a9b-b01d-4c97-bcfd-d4285b8bfadb'),
    ('Великий Лог', '13b63b1d-28ef-4a20-85e0-01d57536932f', 'e5327a9b-b01d-4c97-bcfd-d4285b8bfadb'),
    ('Великокаменка', 'b046a34f-6c22-4699-a585-5c30de536c9a', 'e5327a9b-b01d-4c97-bcfd-d4285b8bfadb'),
    ('Вергулёвка', '1bc28589-1164-4ee7-9ddb-9411f6fad934', 'e5327a9b-b01d-4c97-bcfd-d4285b8bfadb'),
    ('Верхний Нагольчик', '05b83eff-0849-4c2c-9ded-69d5c29c7a27', 'e5327a9b-b01d-4c97-bcfd-d4285b8bfadb'),
    ('Володарск', '6c258821-e493-473f-9adc-da2dc65847fe', 'e5327a9b-b01d-4c97-bcfd-d4285b8bfadb'),
    ('Волчеяровка', '9afb1c99-ee6a-4f3d-bcef-d8bfcc351a05', 'e5327a9b-b01d-4c97-bcfd-d4285b8bfadb'),
    ('Вороново', '9cb19d45-7556-47e8-8069-9056310babec', 'e5327a9b-b01d-4c97-bcfd-d4285b8bfadb'),
    ('Врубовка', '9cc5878e-97e7-4ae6-a3e8-4153985173c2', 'e5327a9b-b01d-4c97-bcfd-d4285b8bfadb'),
    ('Врубовский', 'b4bdcb7a-519a-42d9-afb8-b8f40ae85f29', 'e5327a9b-b01d-4c97-bcfd-d4285b8bfadb'),
    ('Георгиевка', '8de5a664-89ac-4562-8156-136a7ef49222', 'e5327a9b-b01d-4c97-bcfd-d4285b8bfadb'),
    ('Глубокий', '197c7a40-daab-40a7-9d89-1f7d0cec4cd8', 'e5327a9b-b01d-4c97-bcfd-d4285b8bfadb'),
    ('Горное', 'f941ac31-1b82-4e81-97ee-f0279c46ab92', 'e5327a9b-b01d-4c97-bcfd-d4285b8bfadb'),
    ('Горняк', '3688c2d5-81fe-4093-8970-be7319bf7a6b', 'e5327a9b-b01d-4c97-bcfd-d4285b8bfadb'),
    ('Городище', '6b493eb2-89ff-475a-bd1b-a5f1ac19abcf', 'e5327a9b-b01d-4c97-bcfd-d4285b8bfadb'),
    ('Грушёвое', '7943b42e-3fd4-43bf-908b-b25a5070653d', 'e5327a9b-b01d-4c97-bcfd-d4285b8bfadb'),
    ('Дзержинский', '8895b230-7fcd-4bc0-ac88-cea6c9b9f575', 'e5327a9b-b01d-4c97-bcfd-d4285b8bfadb'),
    ('Донецкий', '1712ecce-09f5-4b74-9844-c64768001dc9', 'e5327a9b-b01d-4c97-bcfd-d4285b8bfadb'),
    ('Дубовский', '823c3f70-59dc-432a-a20e-afa012eafdcd', 'e5327a9b-b01d-4c97-bcfd-d4285b8bfadb'),
    ('Есауловка', 'e79dff33-f2c6-4238-95cb-a1670a871a98', 'e5327a9b-b01d-4c97-bcfd-d4285b8bfadb'),
    ('Запорожье', 'a22d99a3-3387-46f8-9736-5fb6243296e7', 'e5327a9b-b01d-4c97-bcfd-d4285b8bfadb'),
    ('Ивановка', '79b7a6c4-ae82-456f-8aaf-5eff66007aaf', 'e5327a9b-b01d-4c97-bcfd-d4285b8bfadb'),
    ('Изварино', 'ab4f5e79-f108-4e3b-9b7a-f8128c58287d', 'e5327a9b-b01d-4c97-bcfd-d4285b8bfadb'),
    ('Калининский', '66daacb3-2fd9-47c9-984f-609516e0e13d', 'e5327a9b-b01d-4c97-bcfd-d4285b8bfadb'),
    ('Калиново', 'b921a5e7-c735-412a-b05e-dbc7114bd9b9', 'e5327a9b-b01d-4c97-bcfd-d4285b8bfadb'),
    ('Каменное', '06121962-495e-4502-86ba-60b1257f530b', 'e5327a9b-b01d-4c97-bcfd-d4285b8bfadb'),
    ('Камышеваха', '54dd1415-d206-405f-a72d-2e95a0b39c1e', 'e5327a9b-b01d-4c97-bcfd-d4285b8bfadb'),
    ('Кленовый', 'b143d031-1c2a-4f77-a926-2ba953aa9c08', 'e5327a9b-b01d-4c97-bcfd-d4285b8bfadb'),
    ('Княгиневка', 'c3554db7-3fc5-4b47-826a-97987bfa4409', 'e5327a9b-b01d-4c97-bcfd-d4285b8bfadb'),
    ('Комиссаровка', 'e225f5fb-ebe3-4fdd-8e5a-afe62cd64150', 'e5327a9b-b01d-4c97-bcfd-d4285b8bfadb'),
    ('Комсомольский', '1717eb7d-26eb-4ea5-9706-d1a5772d0fc3', 'e5327a9b-b01d-4c97-bcfd-d4285b8bfadb'),
    ('Краснодарский', 'c8d94af0-4189-4f58-8b2e-c8905455865a', 'e5327a9b-b01d-4c97-bcfd-d4285b8bfadb'),
    ('Краснодон', 'f279a43a-2337-41d9-9da0-40e29a165481', 'e5327a9b-b01d-4c97-bcfd-d4285b8bfadb'),
    ('Краснореченское', '099f6927-5bcb-451d-a052-d7226b630013', 'e5327a9b-b01d-4c97-bcfd-d4285b8bfadb'),
    ('Красный Кут', 'ec33e2c2-3860-4fd8-bb86-d593cc15d2bf', 'e5327a9b-b01d-4c97-bcfd-d4285b8bfadb'),
    ('Крепенский', '356262c9-a6c6-4ecc-8737-176dbcf984eb', 'e5327a9b-b01d-4c97-bcfd-d4285b8bfadb'),
    ('Ленина', 'c7decbb4-5050-4fcb-9fb8-fa50c9957910', 'e5327a9b-b01d-4c97-bcfd-d4285b8bfadb'),
    ('Ленинское', '797d3b88-1397-40dc-8569-f19d105dc829', 'e5327a9b-b01d-4c97-bcfd-d4285b8bfadb'),
    ('Лозно-Александровка', '55ae1cd6-87b0-4b4f-b41c-ac52add1f237', 'e5327a9b-b01d-4c97-bcfd-d4285b8bfadb'),
    ('Лозовский', 'e2f91f15-4250-40d7-ba93-f43f86da28fd', 'e5327a9b-b01d-4c97-bcfd-d4285b8bfadb'),
    ('Ломоватка', 'e0f19621-fceb-459a-8a0e-94ade1c241b1', 'e5327a9b-b01d-4c97-bcfd-d4285b8bfadb'),
    ('Лотиково', 'cef56481-8aa5-4b19-8ffe-ce1f702c6db4', 'e5327a9b-b01d-4c97-bcfd-d4285b8bfadb'),
    ('Малониколаевка', '08d59902-f7d5-46f5-b359-47415f9435cb', 'e5327a9b-b01d-4c97-bcfd-d4285b8bfadb'),
    ('Малорязанцево', '5cd1050f-d2a7-466d-b7cd-d4dd6298705a', 'e5327a9b-b01d-4c97-bcfd-d4285b8bfadb'),
    ('Марковка', '9420f761-637e-425a-976e-7f50319fab04', 'e5327a9b-b01d-4c97-bcfd-d4285b8bfadb'),
    ('Меловое', '435a53b4-4390-4b55-a0f8-4dc0ac5648d1', 'e5327a9b-b01d-4c97-bcfd-d4285b8bfadb'),
    ('Метёлкино', '95fa11c4-99d5-426a-8867-edd305e21689', 'e5327a9b-b01d-4c97-bcfd-d4285b8bfadb'),
    ('Мирная Долина', 'fd74039d-8a98-461c-bc03-11ac2de53173', 'e5327a9b-b01d-4c97-bcfd-d4285b8bfadb'),
    ('Мирное', 'ef86f395-cf10-4cec-aae1-4b06658f47fe', 'e5327a9b-b01d-4c97-bcfd-d4285b8bfadb'),
    ('Михайловка (Перевальский р-н)', '620cb94d-338c-4cfd-a880-520132f6cf94', 'e5327a9b-b01d-4c97-bcfd-d4285b8bfadb'),
    ('Михайловка (Ровеньковский горсовет)', 'bd1d6c50-abe9-49fa-b7a7-68ce3c3f9202', 'e5327a9b-b01d-4c97-bcfd-d4285b8bfadb'),
    ('Нагольно-Тарасовка', 'cad92405-ae21-4555-9258-e2b525a40b4b', 'e5327a9b-b01d-4c97-bcfd-d4285b8bfadb'),
    ('Нижнее', '2b0560af-8e2f-4382-899f-62c0e7d56a70', 'e5327a9b-b01d-4c97-bcfd-d4285b8bfadb'),
    ('Нижний Нагольчик', 'c6a2f171-4668-4e58-a7c0-110a05dba26a', 'e5327a9b-b01d-4c97-bcfd-d4285b8bfadb'),
    ('Нижняя Дуванка', 'dc3154c3-b878-4322-8e04-1b57786a0a06', 'e5327a9b-b01d-4c97-bcfd-d4285b8bfadb'),
    ('Новоайдар', 'f9a0bda2-71cc-48fe-a921-94a0f5fbfe6a', 'e5327a9b-b01d-4c97-bcfd-d4285b8bfadb'),
    ('Новоалександровка', '794ee257-3fb9-4838-8bde-a4cd184f1610', 'e5327a9b-b01d-4c97-bcfd-d4285b8bfadb'),
    ('Новодарьевка', '2714e6ef-0052-4df6-9d01-8f58bd8cbb77', 'e5327a9b-b01d-4c97-bcfd-d4285b8bfadb'),
    ('Новопсков', 'b49299e8-d5b8-41fa-b0c2-248f2e043488', 'e5327a9b-b01d-4c97-bcfd-d4285b8bfadb'),
    ('Новосветловка', '72f8c98f-18e0-4893-837f-63da00f62516', 'e5327a9b-b01d-4c97-bcfd-d4285b8bfadb'),
    ('Новотошковское', 'f93e90cf-872b-498b-b1ec-a0866c9d18cc', 'e5327a9b-b01d-4c97-bcfd-d4285b8bfadb'),
    ('Павловка', '58ee02a8-e847-4983-8869-aca8a60d380e', 'e5327a9b-b01d-4c97-bcfd-d4285b8bfadb'),
    ('Петропавловка', 'd7ae08b7-dbb6-4f06-a7b3-3fe7d5ad146b', 'e5327a9b-b01d-4c97-bcfd-d4285b8bfadb'),
    ('Пролетарский', '3cb6b963-e20d-4b71-ae5a-2ff025888dc7', 'e5327a9b-b01d-4c97-bcfd-d4285b8bfadb'),
    ('Родаково', '17c209a4-78ba-4a81-a0ca-adbd09795b34', 'e5327a9b-b01d-4c97-bcfd-d4285b8bfadb'),
    ('Садово-Хрустальненский', 'dc924c6f-130e-47a2-a973-db6e1ff20657', 'e5327a9b-b01d-4c97-bcfd-d4285b8bfadb'),
    ('Северный', 'aa6a2d8b-20fb-4844-96d2-b2852b1e3258', 'e5327a9b-b01d-4c97-bcfd-d4285b8bfadb'),
    ('Северо-Гундоровский', '87a51a9b-9760-4e08-ae62-8d0150e4d529', 'e5327a9b-b01d-4c97-bcfd-d4285b8bfadb'),
    ('Селезнёвка', '35b064a0-b78d-4226-ac18-96277247cb18', 'e5327a9b-b01d-4c97-bcfd-d4285b8bfadb'),
    ('Семейкино', '84eb9881-7871-45ac-b797-382c6518b46b', 'e5327a9b-b01d-4c97-bcfd-d4285b8bfadb'),
    ('Сиротино', 'a057928c-ee77-471e-a5b6-9a17e6509130', 'e5327a9b-b01d-4c97-bcfd-d4285b8bfadb'),
    ('Славяносербск', '4ab4bcbb-a2db-49ff-80a2-417a40614474', 'e5327a9b-b01d-4c97-bcfd-d4285b8bfadb'),
    ('Софиевский', 'f92f90d7-6d4d-4d07-86e7-f808ed8ffe8a', 'e5327a9b-b01d-4c97-bcfd-d4285b8bfadb'),
    ('Станица Луганская', '8c031106-301e-4e7b-99d1-42558bb343fc', 'e5327a9b-b01d-4c97-bcfd-d4285b8bfadb'),
    ('Таловое', '2dded2b4-1cf3-4594-a3cd-9b1a48af19dc', 'e5327a9b-b01d-4c97-bcfd-d4285b8bfadb'),
    ('Тацино', '46d53811-6599-4435-8275-011713c9de72', 'e5327a9b-b01d-4c97-bcfd-d4285b8bfadb'),
    ('Тошковка', 'ac270169-259e-4faf-9498-459b8bd4ca3f', 'e5327a9b-b01d-4c97-bcfd-d4285b8bfadb'),
    ('Троицкое', 'e6650696-8369-4f6a-8b66-b295642e3443', 'e5327a9b-b01d-4c97-bcfd-d4285b8bfadb'),
    ('Урало-Кавказ', 'd8866ef0-bdea-4cc2-bcaf-012535e152e2', 'e5327a9b-b01d-4c97-bcfd-d4285b8bfadb'),
    ('Успенка', '58086c8f-5eb0-4bec-b8ab-3c902b0809e0', 'e5327a9b-b01d-4c97-bcfd-d4285b8bfadb'),
    ('Фащевка (Антрацитовский р-н)', 'd3baae2c-7c60-4c71-af35-9e5edbbf5fb3', 'e5327a9b-b01d-4c97-bcfd-d4285b8bfadb'),
    ('Фащевка (Перевальский р-н)', '73e900c6-3ed5-44cd-9d33-b0c95518fc35', 'e5327a9b-b01d-4c97-bcfd-d4285b8bfadb'),
    ('Фёдоровка', 'f1d28172-83a2-4bdc-b0fd-08199da792aa', 'e5327a9b-b01d-4c97-bcfd-d4285b8bfadb'),
    ('Фрунзе', '43dc12d4-61b0-4b36-93e0-39789c8ca00f', 'e5327a9b-b01d-4c97-bcfd-d4285b8bfadb'),
    ('Хрустальное', '9688824a-20ba-4ecd-ae2e-030e7325d738', 'e5327a9b-b01d-4c97-bcfd-d4285b8bfadb'),
    ('Центральный', 'fff84de2-314f-407f-bba9-2d667f0e6e5b', 'e5327a9b-b01d-4c97-bcfd-d4285b8bfadb'),
    ('Челюскинец', '6f58a6a7-1759-477b-98f2-a3659c1ae216', 'e5327a9b-b01d-4c97-bcfd-d4285b8bfadb'),
    ('Червоногвардейское', '0db17b8d-e126-443d-af74-67d696acd230', 'e5327a9b-b01d-4c97-bcfd-d4285b8bfadb'),
    ('Чернухино', 'db3ee09c-68ce-411e-a038-dcb8366f8585', 'e5327a9b-b01d-4c97-bcfd-d4285b8bfadb'),
    ('Шахтёрское', '25fbf550-03d3-4a51-9a9e-d7c1e5ff1086', 'e5327a9b-b01d-4c97-bcfd-d4285b8bfadb'),
    ('Штеровка', 'e260a3c3-0f07-4490-8fcf-4d638f251ee5', 'e5327a9b-b01d-4c97-bcfd-d4285b8bfadb'),
    ('Щётово', 'a000a3af-0959-4acf-abb0-3d138523957a', 'e5327a9b-b01d-4c97-bcfd-d4285b8bfadb'),
    ('Энгельсово', '0b90c2b2-2731-4031-8da1-66b45e756637', 'e5327a9b-b01d-4c97-bcfd-d4285b8bfadb'),
    ('Юбилейное', '49c71ebf-9b6c-4553-be73-64662192723a', 'e5327a9b-b01d-4c97-bcfd-d4285b8bfadb'),
    ('Южная Ломоватка', '8725c2a5-c87f-4b7f-995b-61d17184d627', 'e5327a9b-b01d-4c97-bcfd-d4285b8bfadb'),
    ('Юрьевка', '5b6bdf24-9c27-4e49-b133-e26565537835', 'e5327a9b-b01d-4c97-bcfd-d4285b8bfadb'),
    ('Ясеновский', '603c9f30-944d-4955-b6cc-3fb0eda77464', 'e5327a9b-b01d-4c97-bcfd-d4285b8bfadb'),
    ('Ящиково', '8710ea7c-0901-4da1-8276-2d94b010a478', 'e5327a9b-b01d-4c97-bcfd-d4285b8bfadb');

INSERT INTO region (id, "name", country_id)
VALUES ('2138efde-ad40-40bd-8b02-9687b0d223bd', 'Львовская область', 'fba52635-0325-43a2-a2bd-8027041beb4b');

INSERT INTO populated_locality ("name", id, region_id)
VALUES ('Белз', 'a91ce51d-f2b6-4671-8969-5de908097a76', '2138efde-ad40-40bd-8b02-9687b0d223bd'),
    ('Бобрка', '83880c3e-77a6-4e65-b043-a42ea877df4e', '2138efde-ad40-40bd-8b02-9687b0d223bd'),
    ('Борислав', 'd0e5a4c1-feb2-434d-bfd8-6d38d4b8138f', '2138efde-ad40-40bd-8b02-9687b0d223bd'),
    ('Броды', 'f03ed1d4-bc46-403c-b8c2-e1e48592a6d2', '2138efde-ad40-40bd-8b02-9687b0d223bd'),
    ('Буск', '6e6bb9e0-03b0-474c-a63c-73794113743e', '2138efde-ad40-40bd-8b02-9687b0d223bd'),
    ('Великие Мосты', '120ca970-88a1-4558-8d0c-59023daf9f3e', '2138efde-ad40-40bd-8b02-9687b0d223bd'),
    ('Винники', 'a0bb571c-2c15-470e-b63d-cb6696d41505', '2138efde-ad40-40bd-8b02-9687b0d223bd'),
    ('Глиняны', '626feaf1-9eb7-4651-af3b-a92bc50c988e', '2138efde-ad40-40bd-8b02-9687b0d223bd'),
    ('Городок', '501f94e6-fbaf-4513-acd6-5047baf29d71', '2138efde-ad40-40bd-8b02-9687b0d223bd'),
    ('Добромиль', '3003fcdf-e346-422d-b865-54772772f531', '2138efde-ad40-40bd-8b02-9687b0d223bd'),
    ('Дрогобыч', '623f4ff9-6278-4025-84b5-6aeec3701020', '2138efde-ad40-40bd-8b02-9687b0d223bd'),
    ('Дубляны', 'abb122e8-da98-4595-b9b7-1d09dacd3a99', '2138efde-ad40-40bd-8b02-9687b0d223bd'),
    ('Жидачов', '83b9a9ab-a2db-4a2a-93d9-a09e0a975625', '2138efde-ad40-40bd-8b02-9687b0d223bd'),
    ('Жолква', '664a98b0-5390-44c8-a210-e60fc33e2fdf', '2138efde-ad40-40bd-8b02-9687b0d223bd'),
    ('Золочев', 'f7df204e-74ba-4d9e-896c-79b92a1fe2d7', '2138efde-ad40-40bd-8b02-9687b0d223bd'),
    ('Каменка-Бугская', 'fd45c00a-0ebd-44e8-bf98-02ce8fee45e1', '2138efde-ad40-40bd-8b02-9687b0d223bd'),
    ('Комарно', '54a36618-0d10-417f-9e6c-41ec87c932bc', '2138efde-ad40-40bd-8b02-9687b0d223bd'),
    ('Львов', 'f77595f5-9824-472a-a620-e04d8b47e6f7', '2138efde-ad40-40bd-8b02-9687b0d223bd'),
    ('Моршин', '7151e567-9189-40cd-b800-1329b1a5deea', '2138efde-ad40-40bd-8b02-9687b0d223bd'),
    ('Мостиска', 'bc19ee73-77ac-4128-90b3-abd5283d8aa0', '2138efde-ad40-40bd-8b02-9687b0d223bd'),
    ('Николаев', '47553015-8071-457d-9592-9b8dbac14644', '2138efde-ad40-40bd-8b02-9687b0d223bd'),
    ('Новояворовск', '50780aae-bed1-4a1e-b81f-3fc9a0f70c0c', '2138efde-ad40-40bd-8b02-9687b0d223bd'),
    ('Новый Калинов', '28d37d4a-1a11-42c8-bd69-63ad16dbcf24', '2138efde-ad40-40bd-8b02-9687b0d223bd'),
    ('Новый Роздол', 'bac005a2-e256-4653-885e-76b31c17b7ce', '2138efde-ad40-40bd-8b02-9687b0d223bd'),
    ('Перемышляны', 'cc61db6a-bd3f-4379-a960-88f64f8132b2', '2138efde-ad40-40bd-8b02-9687b0d223bd'),
    ('Пустомыты', '3eeeecef-d785-412a-8cbd-71bcbae70426', '2138efde-ad40-40bd-8b02-9687b0d223bd'),
    ('Рава-Русская', '0f096019-cc3b-4139-9218-753616eae340', '2138efde-ad40-40bd-8b02-9687b0d223bd'),
    ('Радехов', '1cd0b0f0-3e17-493d-9359-c7484a429626', '2138efde-ad40-40bd-8b02-9687b0d223bd'),
    ('Рудки', '43746fb0-f56e-47cd-8ec2-99330622876c', '2138efde-ad40-40bd-8b02-9687b0d223bd'),
    ('Самбор', '48be80f5-79f2-4e11-81e0-26a3546f743c', '2138efde-ad40-40bd-8b02-9687b0d223bd'),
    ('Сколе', 'f8de0511-ef80-4fbe-8df9-b1f0e32bf390', '2138efde-ad40-40bd-8b02-9687b0d223bd'),
    ('Сокаль', '9f0ed72b-46e8-478b-997b-7fee9085ace4', '2138efde-ad40-40bd-8b02-9687b0d223bd'),
    ('Сосновка', '67b15682-b355-4a79-a565-221f2e8c815c', '2138efde-ad40-40bd-8b02-9687b0d223bd'),
    ('Старый Самбор', '57b6faea-7478-4b09-a540-6224ec1018c1', '2138efde-ad40-40bd-8b02-9687b0d223bd'),
    ('Стебник', 'f5cf2ce8-614c-4081-a52e-5986214a8325', '2138efde-ad40-40bd-8b02-9687b0d223bd'),
    ('Стрый', 'bb851010-d841-45eb-a149-c043294c0531', '2138efde-ad40-40bd-8b02-9687b0d223bd'),
    ('Судовая Вишня', '101e6754-f01e-443f-b45b-d321f17afbd3', '2138efde-ad40-40bd-8b02-9687b0d223bd'),
    ('Трускавец', '02990ce4-122b-4d80-87fc-cf68cbab2200', '2138efde-ad40-40bd-8b02-9687b0d223bd'),
    ('Турка', 'ba756ff8-6e52-4fce-b176-20a72870a59e', '2138efde-ad40-40bd-8b02-9687b0d223bd'),
    ('Угнев', 'a8b2e9df-158d-4877-9338-725abf188183', '2138efde-ad40-40bd-8b02-9687b0d223bd'),
    ('Ходоров', '8b9761fd-2032-46c2-b28c-8241157929df', '2138efde-ad40-40bd-8b02-9687b0d223bd'),
    ('Хыров', '6bcb6852-e672-42b0-ac69-9513aed81c25', '2138efde-ad40-40bd-8b02-9687b0d223bd'),
    ('Червоноград', '19614fc8-9096-46d7-b6c8-ee38ff084169', '2138efde-ad40-40bd-8b02-9687b0d223bd'),
    ('Яворов', 'eb6ce4b9-9eba-4738-a6f5-fa55ee8830f5', '2138efde-ad40-40bd-8b02-9687b0d223bd');
INSERT INTO populated_locality ("name", id, region_id)
VALUES ('Борыня', 'a15c3f33-acfc-432f-b67e-ca75ff433eea', '2138efde-ad40-40bd-8b02-9687b0d223bd'),
    ('Брюховичи', '611f5214-594d-41af-b43a-99b8989e9d83', '2138efde-ad40-40bd-8b02-9687b0d223bd'),
    ('Великий Любень', '6692eedd-fa31-473b-ac1e-22cdb1f28621', '2138efde-ad40-40bd-8b02-9687b0d223bd'),
    ('Верхнее Синевидное', 'eee3ef1e-15ca-4c03-952c-7c30ce22915f', '2138efde-ad40-40bd-8b02-9687b0d223bd'),
    ('Гнездычев', '1a68a023-98ea-4c5a-865c-c1b047076a1a', '2138efde-ad40-40bd-8b02-9687b0d223bd'),
    ('Горняк', '8d62ca2a-ef77-403c-9359-97183c46b651', '2138efde-ad40-40bd-8b02-9687b0d223bd'),
    ('Дашава', 'd2a3bd0b-8934-41a5-9b0d-09be886029e0', '2138efde-ad40-40bd-8b02-9687b0d223bd'),
    ('Добротвор', 'a3c480c6-3803-421b-8a69-100ccf68d748', '2138efde-ad40-40bd-8b02-9687b0d223bd'),
    ('Дубляны', '56aea95b-748c-446b-ba4d-8f7f1a01ac62', '2138efde-ad40-40bd-8b02-9687b0d223bd'),
    ('Жвирка', '7c68db47-74ab-45d4-9306-eaa7612ce99c', '2138efde-ad40-40bd-8b02-9687b0d223bd'),
    ('Журавно', 'affd572a-cabb-46fe-8c7c-07bc11481efc', '2138efde-ad40-40bd-8b02-9687b0d223bd'),
    ('Запытов', '4434ad91-94de-4af6-8c2f-f4879e26364d', '2138efde-ad40-40bd-8b02-9687b0d223bd'),
    ('Ивано-Франково', '83b6215d-0dab-408e-a74d-2f6a64d8c707', '2138efde-ad40-40bd-8b02-9687b0d223bd'),
    ('Краковец', '90d7f0d5-b318-4bbb-9c62-8d8022d7d0dc', '2138efde-ad40-40bd-8b02-9687b0d223bd'),
    ('Красное', '3a0dad45-1f7a-48ad-abe2-0357fa90931a', '2138efde-ad40-40bd-8b02-9687b0d223bd'),
    ('Куликов', '31c66816-1215-41d5-bf83-64751081dc21', '2138efde-ad40-40bd-8b02-9687b0d223bd'),
    ('Лопатин', '565e0744-a815-4e06-9626-dbbf42415fce', '2138efde-ad40-40bd-8b02-9687b0d223bd'),
    ('Магеров', 'ae09d5b3-de39-48b2-bc9a-e82cc4a0ef30', '2138efde-ad40-40bd-8b02-9687b0d223bd'),
    ('Меденичи', '1af9ca8d-6f9c-48e6-bf56-02151c8c08be', '2138efde-ad40-40bd-8b02-9687b0d223bd'),
    ('Немиров', '14b88f6e-e0aa-4f36-bc58-123e18185628', '2138efde-ad40-40bd-8b02-9687b0d223bd'),
    ('Нижанковичи', 'aa2e543d-9cd2-4c92-ab9f-66bb38107eb9', '2138efde-ad40-40bd-8b02-9687b0d223bd'),
    ('Новые Стрелища', '5412e43e-44ad-4e06-88b3-e44979f6059e', '2138efde-ad40-40bd-8b02-9687b0d223bd'),
    ('Новый Ярычев', 'f32b0351-c135-4ab4-8d18-de5469514343', '2138efde-ad40-40bd-8b02-9687b0d223bd'),
    ('Олеско', '0350bdbb-80aa-4266-803a-1d89e0320ba6', '2138efde-ad40-40bd-8b02-9687b0d223bd'),
    ('Подбуж', '02835301-408d-4ee0-b3e0-3b6672f44d5a', '2138efde-ad40-40bd-8b02-9687b0d223bd'),
    ('Подкамень', '5d2e8f6b-823c-404b-8cb9-27c496329cb0', '2138efde-ad40-40bd-8b02-9687b0d223bd'),
    ('Поморяны', '4481bce3-cc1f-4646-b02e-3d9cb2f5f314', '2138efde-ad40-40bd-8b02-9687b0d223bd'),
    ('Роздол', 'c2aae1da-1a10-4acb-aeed-024825561bff', '2138efde-ad40-40bd-8b02-9687b0d223bd'),
    ('Рудно', 'd0c108f6-2305-4b85-88b2-0125a04ff483', '2138efde-ad40-40bd-8b02-9687b0d223bd'),
    ('Славское', '3a817a06-0141-4fe3-910e-f43dff9722a2', '2138efde-ad40-40bd-8b02-9687b0d223bd'),
    ('Старая Соль', '5b0ecd85-b708-48f2-9f58-deea8db6e39a', '2138efde-ad40-40bd-8b02-9687b0d223bd'),
    ('Сходница', '3770ee1c-2766-4215-b22a-f059ff0b82f9', '2138efde-ad40-40bd-8b02-9687b0d223bd'),
    ('Шкло', '877fcd28-f4c4-42d4-bd95-f34e7b1651f1', '2138efde-ad40-40bd-8b02-9687b0d223bd'),
    ('Щирец', '1414ebbd-1c8a-4c26-ab97-6813dbfd17ff', '2138efde-ad40-40bd-8b02-9687b0d223bd');

INSERT INTO region (id, "name", country_id)
VALUES ('77cdde99-3586-4aa1-9bbd-fbfca13944d9', 'Николаевская область', 'fba52635-0325-43a2-a2bd-8027041beb4b');

INSERT INTO populated_locality ("name", id, region_id)
VALUES ('Баштанка', '6e6639e9-4f0c-450d-b951-83690fb48e86', '77cdde99-3586-4aa1-9bbd-fbfca13944d9'),
    ('Вознесенск', '1a0214e7-bfa3-4507-b0ce-3a007ddcc52b', '77cdde99-3586-4aa1-9bbd-fbfca13944d9'),
    ('Николаев', '8aca5f5d-7a77-4cab-8bc4-56670d4f95ee', '77cdde99-3586-4aa1-9bbd-fbfca13944d9'),
    ('Новая Одесса', 'cccf0563-4dde-4b87-aed6-6faf505baf60', '77cdde99-3586-4aa1-9bbd-fbfca13944d9'),
    ('Новый Буг', '5e1014c6-dff7-4524-92ff-4b1f42b45574', '77cdde99-3586-4aa1-9bbd-fbfca13944d9'),
    ('Очаков', '066b30b3-f407-4db7-99e3-0ef3c3b0d3c4', '77cdde99-3586-4aa1-9bbd-fbfca13944d9'),
    ('Первомайск', '5aef0c3b-1610-49d3-973b-fce3078af48b', '77cdde99-3586-4aa1-9bbd-fbfca13944d9'),
    ('Снигирёвка', '840c6144-5b47-4439-a4e7-7d21771aed59', '77cdde99-3586-4aa1-9bbd-fbfca13944d9'),
    ('Южноукраинск', 'a32f6798-d4d3-4334-972c-ca2bf0ce8067', '77cdde99-3586-4aa1-9bbd-fbfca13944d9');
INSERT INTO populated_locality ("name", id, region_id)
VALUES ('Александровка', 'a5c49cb0-6a59-4c5c-9437-2ccd90e8d590', '77cdde99-3586-4aa1-9bbd-fbfca13944d9'),
    ('Арбузинка', '527aa0d3-71d0-422b-a3c2-2367ce868afc', '77cdde99-3586-4aa1-9bbd-fbfca13944d9'),
    ('Березанка', '931f68ee-e6a4-4f57-882f-e9daf8910cf1', '77cdde99-3586-4aa1-9bbd-fbfca13944d9'),
    ('Березнеговатое', '324df602-64fe-4977-888f-d62fe303b4c3', '77cdde99-3586-4aa1-9bbd-fbfca13944d9'),
    ('Братское', 'f8a9f7da-4a78-4ba3-bb14-c458e6c4b3e9', '77cdde99-3586-4aa1-9bbd-fbfca13944d9'),
    ('Веселиново', 'bf1c68f8-38ce-4282-9ec7-75ef5c1ba3be', '77cdde99-3586-4aa1-9bbd-fbfca13944d9'),
    ('Воскресенское', '72cda568-cfa0-4b90-8be6-ac3c27b4c8fa', '77cdde99-3586-4aa1-9bbd-fbfca13944d9'),
    ('Врадиевка', 'a53dc293-c10d-42ff-89b0-705f9def2627', '77cdde99-3586-4aa1-9bbd-fbfca13944d9'),
    ('Доманёвка', 'bdfac0b4-be01-4932-9f5e-e4a6ae26b1da', '77cdde99-3586-4aa1-9bbd-fbfca13944d9'),
    ('Еланец', '6e359517-f361-46c1-937a-92a6f4b1156e', '77cdde99-3586-4aa1-9bbd-fbfca13944d9'),
    ('Казанка', '7885b032-639f-48d7-ab25-301568201d96', '77cdde99-3586-4aa1-9bbd-fbfca13944d9'),
    ('Константиновка', '3a951888-457b-4d68-bcf6-15478d5b4915', '77cdde99-3586-4aa1-9bbd-fbfca13944d9'),
    ('Кривое Озеро', '7468edfa-e7ae-4225-a1c9-16c3769774ae', '77cdde99-3586-4aa1-9bbd-fbfca13944d9'),
    ('Ольшанское', 'c0e21e86-889a-43eb-84f1-aa46bf1420d4', '77cdde99-3586-4aa1-9bbd-fbfca13944d9'),
    ('Первомайское', '1331e2c9-f744-465d-90b1-3257ec7029d8', '77cdde99-3586-4aa1-9bbd-fbfca13944d9'),
    ('Подгородная', '24364594-c4fd-459d-a771-b0f605c88ba5', '77cdde99-3586-4aa1-9bbd-fbfca13944d9'),
    ('Токаревка', 'f961a4a7-1eed-418c-8dbd-54b6899c4934', '77cdde99-3586-4aa1-9bbd-fbfca13944d9');

INSERT INTO region (id, "name", country_id)
VALUES ('dea6704f-fb38-49b5-a7cd-648096bfb098', 'Одесская область', 'fba52635-0325-43a2-a2bd-8027041beb4b');

INSERT INTO populated_locality ("name", id, region_id)
VALUES ('Ананьев', '2eb30ea8-1c50-403f-9e87-1512679eacbd', 'dea6704f-fb38-49b5-a7cd-648096bfb098'),
    ('Арциз', 'b8f25423-b045-4ef0-a083-c6369e3d4df6', 'dea6704f-fb38-49b5-a7cd-648096bfb098'),
    ('Балта', '45239de0-9352-4230-a57e-c075559df4c8', 'dea6704f-fb38-49b5-a7cd-648096bfb098'),
    ('Белгород-Днестровский', 'b2803f50-7bf7-4380-b492-d2ac9d63f1c4', 'dea6704f-fb38-49b5-a7cd-648096bfb098'),
    ('Беляевка', '34538448-c99e-4030-a782-70c0dae84a19', 'dea6704f-fb38-49b5-a7cd-648096bfb098'),
    ('Березовка', '030ac02c-e6a8-4807-bdb1-c9d8a08fdcbb', 'dea6704f-fb38-49b5-a7cd-648096bfb098'),
    ('Болград', 'a3e5f94e-a5df-4574-b84d-11ce62eaa99a', 'dea6704f-fb38-49b5-a7cd-648096bfb098'),
    ('Вилково', '6fb47f7d-0c3f-4bd2-92ed-f161b0289fbc', 'dea6704f-fb38-49b5-a7cd-648096bfb098'),
    ('Измаил', 'a8a672d3-1461-4e71-8b7f-4ffd9e078cde', 'dea6704f-fb38-49b5-a7cd-648096bfb098'),
    ('Килия', 'ce27592c-693c-444a-bca3-dab0e92cd118', 'dea6704f-fb38-49b5-a7cd-648096bfb098'),
    ('Кодыма', 'd41282bf-bf92-45da-8962-d8a01b22f0ef', 'dea6704f-fb38-49b5-a7cd-648096bfb098'),
    ('Одесса', 'c5bed093-849b-4c31-a17b-c3362e1fa92e', 'dea6704f-fb38-49b5-a7cd-648096bfb098'),
    ('Подольск', '29293f82-29ca-45b0-bcb6-5171ee8595dc', 'dea6704f-fb38-49b5-a7cd-648096bfb098'),
    ('Раздельная', 'b6bfbaa8-59a2-4204-9fbb-0f90413cab5b', 'dea6704f-fb38-49b5-a7cd-648096bfb098'),
    ('Рени', '917b9a86-95c4-4701-8412-bafdf58e6c15', 'dea6704f-fb38-49b5-a7cd-648096bfb098'),
    ('Татарбунары', 'afba7194-42df-42f1-b32f-cb84bde038a9', 'dea6704f-fb38-49b5-a7cd-648096bfb098'),
    ('Теплодар', '8daca98d-abc1-4465-baf7-38cdfd9e06bb', 'dea6704f-fb38-49b5-a7cd-648096bfb098'),
    ('Черноморск', 'e6967981-51a3-4f24-9ee8-e6cb5c2d778b', 'dea6704f-fb38-49b5-a7cd-648096bfb098'),
    ('Южное (Южный)', '175f3cbe-e162-4596-b5b3-49af2852e427', 'dea6704f-fb38-49b5-a7cd-648096bfb098');
INSERT INTO populated_locality ("name", id, region_id)
VALUES ('Авангард', '68ba0c67-9b06-44bd-a6da-b9f153593f15', 'dea6704f-fb38-49b5-a7cd-648096bfb098'),
    ('Александровка', '1cefb6e3-0244-4964-8143-22819c1f45de', 'dea6704f-fb38-49b5-a7cd-648096bfb098'),
    ('Березино', 'a7f36cae-487e-493f-a78e-36fb54cae680', 'dea6704f-fb38-49b5-a7cd-648096bfb098'),
    ('Бородино', '3e81aa67-fe22-484d-bf96-e1ff10223e41', 'dea6704f-fb38-49b5-a7cd-648096bfb098'),
    ('Великая Михайловка', '4a182f39-8dff-4a11-b5f2-2ed355a138f4', 'dea6704f-fb38-49b5-a7cd-648096bfb098'),
    ('Великодолинское', '7dc7e03a-2ac3-4de4-8023-3ddf6078895d', 'dea6704f-fb38-49b5-a7cd-648096bfb098'),
    ('Доброслав', '25015d35-6571-4810-93fd-d9f4d67a2df5', 'dea6704f-fb38-49b5-a7cd-648096bfb098'),
    ('Затишье', '276de894-e001-437c-9508-a682fad208cf', 'dea6704f-fb38-49b5-a7cd-648096bfb098'),
    ('Затока', 'f22499bf-28b5-4388-a2f4-cd5c809c3d54', 'dea6704f-fb38-49b5-a7cd-648096bfb098'),
    ('Захарьевка', 'c49c0487-b9e7-487a-9266-bd68fd50c4ac', 'dea6704f-fb38-49b5-a7cd-648096bfb098'),
    ('Зеленогорское', '9bde4ecb-e379-4b38-8d9b-e2057283d411', 'dea6704f-fb38-49b5-a7cd-648096bfb098'),
    ('Ивановка', '960a7fbf-24b1-47e9-87db-4cb58125d928', 'dea6704f-fb38-49b5-a7cd-648096bfb098'),
    ('Лиманское', '2c846a68-6575-46b9-97dc-04a4fc062ea3', 'dea6704f-fb38-49b5-a7cd-648096bfb098'),
    ('Любашёвка', '8b6c40d8-a778-4ac2-a681-a3cc81ed22f2', 'dea6704f-fb38-49b5-a7cd-648096bfb098'),
    ('Николаевка', '1bccbf08-63c0-46fb-88e4-cb817a40b5d9', 'dea6704f-fb38-49b5-a7cd-648096bfb098'),
    ('Новые Беляры', '248f1404-1b5f-49a4-a5db-a82bb8a1b0f2', 'dea6704f-fb38-49b5-a7cd-648096bfb098'),
    ('Овидиополь', '979552a4-c4ff-4124-9841-d570775bbb2b', 'dea6704f-fb38-49b5-a7cd-648096bfb098'),
    ('Окны', 'ec568d5a-838d-4d82-808a-bd3163357d7b', 'dea6704f-fb38-49b5-a7cd-648096bfb098'),
    ('Петровка', 'a7254e26-057f-4ea4-8d2f-0e3f17bb6db2', 'dea6704f-fb38-49b5-a7cd-648096bfb098'),
    ('Радостное', 'acedd12c-39e5-4ad0-b0fa-3b336974aa62', 'dea6704f-fb38-49b5-a7cd-648096bfb098'),
    ('Рауховка', '115b7fc6-3125-4b1f-a614-6f03800fc006', 'dea6704f-fb38-49b5-a7cd-648096bfb098'),
    ('Саврань', '92b84fd1-fb1b-478a-9dad-75e09d68b630', 'dea6704f-fb38-49b5-a7cd-648096bfb098'),
    ('Сарата', '49b7f8f2-fe63-4122-9db8-ba9f0dec734d', 'dea6704f-fb38-49b5-a7cd-648096bfb098'),
    ('Сергеевка', 'd0700770-d998-418a-8031-4ed016c3a3ce', 'dea6704f-fb38-49b5-a7cd-648096bfb098'),
    ('Серпневое', 'a5b2505d-258e-42c6-8efd-4efafe39407c', 'dea6704f-fb38-49b5-a7cd-648096bfb098'),
    ('Слободка', 'df51d917-2bd5-4056-aa7a-9ce718cb3b70', 'dea6704f-fb38-49b5-a7cd-648096bfb098'),
    ('Суворово', 'a828e8d1-7d39-4c2f-b4bd-f0c018ed8d18', 'dea6704f-fb38-49b5-a7cd-648096bfb098'),
    ('Таирово', '6ab2f21c-4cb6-4c82-b82c-3b7a81248f76', 'dea6704f-fb38-49b5-a7cd-648096bfb098'),
    ('Тарутино', 'c8b3198b-76de-442b-966b-4760b1035e27', 'dea6704f-fb38-49b5-a7cd-648096bfb098'),
    ('Хлебодарское', 'af4cf553-2030-491a-9ec1-86e6ffee0d0d', 'dea6704f-fb38-49b5-a7cd-648096bfb098'),
    ('Цебриково', 'f71e9afd-0933-4825-b0bf-08db6e84e781', 'dea6704f-fb38-49b5-a7cd-648096bfb098'),
    ('Черноморское', '62132d33-782f-4226-91fb-e2862de0b7fb', 'dea6704f-fb38-49b5-a7cd-648096bfb098'),
    ('Ширяево', 'aa239295-7419-42ca-bd82-09ddad00687a', 'dea6704f-fb38-49b5-a7cd-648096bfb098');

INSERT INTO region (id, "name", country_id)
VALUES ('9cfdd128-428e-453d-88e6-58699eb36008', 'Полтавская область', 'fba52635-0325-43a2-a2bd-8027041beb4b');

INSERT INTO populated_locality ("name", id, region_id)
VALUES ('Гадяч', 'c23aaf9b-8664-45be-8b2b-f4e27f4c838d', '9cfdd128-428e-453d-88e6-58699eb36008'),
        ('Глобино', '9086dad3-5d3f-4e0f-a5dd-cba07ad3363a', '9cfdd128-428e-453d-88e6-58699eb36008'),
        ('Горишние Плавни', 'd7709e26-f5c8-4837-8678-5df017748c3d', '9cfdd128-428e-453d-88e6-58699eb36008'),
        ('Гребёнка', '59750111-0ed8-49d3-a409-0d5ac2a859ad', '9cfdd128-428e-453d-88e6-58699eb36008'),
        ('Заводское', 'e0b56e61-45af-41aa-bdc6-28cd01026a7d', '9cfdd128-428e-453d-88e6-58699eb36008'),
        ('Зеньков', '74685480-56fd-4cf7-a1bf-dd605e2082da', '9cfdd128-428e-453d-88e6-58699eb36008'),
        ('Карловка', '5f1bc958-94c5-48e0-909e-02587b0dd061', '9cfdd128-428e-453d-88e6-58699eb36008'),
        ('Кобеляки', 'e893721a-6a83-4ac6-8511-b04d6cfb42d9', '9cfdd128-428e-453d-88e6-58699eb36008'),
        ('Кременчуг', 'b962182c-2038-43bc-9dd3-4b82b07808ea', '9cfdd128-428e-453d-88e6-58699eb36008'),
        ('Лохвица', 'a0fad409-f58a-4c3c-b788-d658d7dbdc28', '9cfdd128-428e-453d-88e6-58699eb36008'),
        ('Лубны', '6f9647c9-d8a7-4e34-9567-4b6b06fb6eb2', '9cfdd128-428e-453d-88e6-58699eb36008'),
        ('Миргород', 'fe3473a1-e0eb-41d8-a4da-786bec593566', '9cfdd128-428e-453d-88e6-58699eb36008'),
        ('Пирятин', 'b2f788d6-fd7c-4763-9ee6-06cdf34119a9', '9cfdd128-428e-453d-88e6-58699eb36008'),
        ('Полтава', '80e3662d-07f2-4464-9b3a-992583fd2d7b', '9cfdd128-428e-453d-88e6-58699eb36008'),
        ('Хорол', '1c78466e-7b04-4000-a3db-6c5addd6d03f', '9cfdd128-428e-453d-88e6-58699eb36008'),
        ('Шишаки', 'c8bdd7eb-c5bb-49d3-a786-7d622f4a8821', '9cfdd128-428e-453d-88e6-58699eb36008');
INSERT INTO populated_locality ("name", id, region_id)
VALUES ('Белики', 'a38f96d4-f8b2-4787-86e1-98a183647f81', '9cfdd128-428e-453d-88e6-58699eb36008'),
    ('Великая Багачка', '358ce34a-5bfe-4738-b058-297a14b57f82', '9cfdd128-428e-453d-88e6-58699eb36008'),
    ('Гоголево', 'cd6409c7-4f71-489e-bf10-44d1496be18a', '9cfdd128-428e-453d-88e6-58699eb36008'),
    ('Градижск', '2a701745-4eac-427f-a3c4-663b21306124', '9cfdd128-428e-453d-88e6-58699eb36008'),
    ('Диканька', '5259623f-2f0a-4644-b3fb-97b1a8d0364a', '9cfdd128-428e-453d-88e6-58699eb36008'),
    ('Козельщина', '445dd21f-bf94-49a7-a598-d2a37abc61f3', '9cfdd128-428e-453d-88e6-58699eb36008'),
    ('Камышня', 'faa2f2f7-bed8-4a39-8127-3654fa8c3401', '9cfdd128-428e-453d-88e6-58699eb36008'),
    ('Котельва', 'b56adbf0-aca9-44b7-8d6a-921b4073e437', '9cfdd128-428e-453d-88e6-58699eb36008'),
    ('Машевка', '59ca341e-e142-4543-968f-fd2c713a17b7', '9cfdd128-428e-453d-88e6-58699eb36008'),
    ('Новая Галещина', '9c9fff22-d0f4-48ce-a540-c1a1a5b1419f', '9cfdd128-428e-453d-88e6-58699eb36008'),
    ('Новооржицкое', 'fd2c5bdf-b760-4aea-8e6a-8d690601f0b0', '9cfdd128-428e-453d-88e6-58699eb36008'),
    ('Новые Санжары', '867d735e-a846-47e9-8dc7-1e9c5eb27a58', '9cfdd128-428e-453d-88e6-58699eb36008'),
    ('Опошня', 'c664c158-f547-4265-b135-657030a6585c', '9cfdd128-428e-453d-88e6-58699eb36008'),
    ('Оржица', 'bc30a157-72c4-4af4-acef-8d0d26d9ea9c', '9cfdd128-428e-453d-88e6-58699eb36008'),
    ('Ромодан', 'acef8ed6-2281-4184-96e2-52a620b0d878', '9cfdd128-428e-453d-88e6-58699eb36008'),
    ('Семёновка', 'bc352533-1aa8-4d71-a0ba-fc58587f7b25', '9cfdd128-428e-453d-88e6-58699eb36008'),
    ('Скороходово', 'be8144f4-b14b-453c-9075-b69f665d9111', '9cfdd128-428e-453d-88e6-58699eb36008'),
    ('Чернухи', '53551fc8-8e04-4059-9a9d-55e0eb6cf497', '9cfdd128-428e-453d-88e6-58699eb36008'),
    ('Чутово', '70f767cf-d983-4415-a2e4-8cd8328a413d', '9cfdd128-428e-453d-88e6-58699eb36008'),
    ('Шишаки', 'fbcf546b-2797-4e12-a806-0f816edd9003', '9cfdd128-428e-453d-88e6-58699eb36008');

INSERT INTO region (id, "name", country_id)
VALUES ('65ee4459-16ae-470d-88cb-c4ff5107b2f4', 'Ровненская область', 'fba52635-0325-43a2-a2bd-8027041beb4b');

INSERT INTO populated_locality ("name", id, region_id)
VALUES ('Березно', '31318ae2-63ca-47b6-bb1a-5d0f4c8ddf40', '65ee4459-16ae-470d-88cb-c4ff5107b2f4'),
    ('Вараш', 'c7652469-199c-4b63-9328-63ab0978fda9', '65ee4459-16ae-470d-88cb-c4ff5107b2f4'),
    ('Дубно', '2185e126-97e9-4268-81d1-3892e1fecb02', '65ee4459-16ae-470d-88cb-c4ff5107b2f4'),
    ('Дубровица', '3cc97a40-3d75-4498-90a8-6cb53ba1ccb8', '65ee4459-16ae-470d-88cb-c4ff5107b2f4'),
    ('Здолбунов', '0a688bd9-57da-4a80-936c-7084f25b5339', '65ee4459-16ae-470d-88cb-c4ff5107b2f4'),
    ('Корец', 'b4935a24-5016-437e-a19c-75b9dc32def2', '65ee4459-16ae-470d-88cb-c4ff5107b2f4'),
    ('Костополь', '6d5abe5f-907c-4994-8990-8ab1dd6ef89f', '65ee4459-16ae-470d-88cb-c4ff5107b2f4'),
    ('Острог', '44e48231-7b7a-4430-adaa-d2202a14325d', '65ee4459-16ae-470d-88cb-c4ff5107b2f4'),
    ('Радивилов', 'fe517204-3103-4d58-bc88-2c5bc69ea9d7', '65ee4459-16ae-470d-88cb-c4ff5107b2f4'),
    ('Ровно', '42236e56-d2eb-4459-be6c-a1087999aef5', '65ee4459-16ae-470d-88cb-c4ff5107b2f4'),
    ('Сарны', 'dd205769-d713-4fe7-8270-b08ccdf6020f', '65ee4459-16ae-470d-88cb-c4ff5107b2f4');
INSERT INTO populated_locality ("name", id, region_id)
VALUES ('Владимирец', '9ad34653-e7ec-4e49-ae35-23bac74652ae', '65ee4459-16ae-470d-88cb-c4ff5107b2f4'),
    ('Гоща', '4a7c7d93-13b5-48aa-b37e-5f91c223ab74', '65ee4459-16ae-470d-88cb-c4ff5107b2f4'),
    ('Демидовка', 'da8ba678-98cc-4e41-a8d8-f86136b92eef', '65ee4459-16ae-470d-88cb-c4ff5107b2f4'),
    ('Заречное', '44ab779b-6f17-4237-97b2-ffcadd13e451', '65ee4459-16ae-470d-88cb-c4ff5107b2f4'),
    ('Квасилов', '71f85141-c154-458c-9b53-fc0785388198', '65ee4459-16ae-470d-88cb-c4ff5107b2f4'),
    ('Клевань', '72c54b51-deba-4e2b-8670-6804b410c3a5', '65ee4459-16ae-470d-88cb-c4ff5107b2f4'),
    ('Клесов', 'a5aa16d8-dc48-4f8d-ae07-bead9334b7f5', '65ee4459-16ae-470d-88cb-c4ff5107b2f4'),
    ('Мизоч', '6f0d6531-18fa-4a8e-a392-0b53997e94a1', '65ee4459-16ae-470d-88cb-c4ff5107b2f4'),
    ('Млинов', 'f0b563ad-2861-456d-96ef-6218c828f944', '65ee4459-16ae-470d-88cb-c4ff5107b2f4'),
    ('Оржев', '164c7a1e-5f6e-412c-80b4-72ff5d3edf96', '65ee4459-16ae-470d-88cb-c4ff5107b2f4'),
    ('Рафаловка', '5a12232d-3af4-470f-b0ba-36322f2ec3d7', '65ee4459-16ae-470d-88cb-c4ff5107b2f4'),
    ('Рокитное', '2f423105-8522-4340-8abc-0ce2fc04a07d', '65ee4459-16ae-470d-88cb-c4ff5107b2f4'),
    ('Смыга', 'd3dcc393-ea6e-4c98-8bed-2ae60eca90ca', '65ee4459-16ae-470d-88cb-c4ff5107b2f4'),
    ('Сосновое', '3a4e9184-c03b-46ba-b981-b1857ad599a1', '65ee4459-16ae-470d-88cb-c4ff5107b2f4'),
    ('Степань', '247e913c-a79f-4ffc-8c4a-2973417ae4a0', '65ee4459-16ae-470d-88cb-c4ff5107b2f4'),
    ('Томашгород', 'ce28a117-84d3-4a0f-8567-fc43ff37e399', '65ee4459-16ae-470d-88cb-c4ff5107b2f4');

INSERT INTO region (id, "name", country_id)
VALUES ('64f358bb-f890-40ca-a6bf-29ff1543288f', 'Сумская область', 'fba52635-0325-43a2-a2bd-8027041beb4b');

INSERT INTO populated_locality ("name", id, region_id)
VALUES ('Ахтырка', 'acf71121-8661-441f-9063-63fdef9210ea', '64f358bb-f890-40ca-a6bf-29ff1543288f'),
    ('Белополье', '6c948a0a-bb13-46ec-8ede-6be2cab94acc', '64f358bb-f890-40ca-a6bf-29ff1543288f'),
    ('Бурынь', '46538425-c671-41ef-b199-a2400d341394', '64f358bb-f890-40ca-a6bf-29ff1543288f'),
    ('Ворожба', '0cc0fabd-90a8-4134-b226-b9e421348285', '64f358bb-f890-40ca-a6bf-29ff1543288f'),
    ('Глухов', 'c04d22e4-5c0e-491f-80a7-4cf3b1e87213', '64f358bb-f890-40ca-a6bf-29ff1543288f'),
    ('Дружба', '7c6f7d38-d5c0-43ed-a9a5-f502e6bf5c15', '64f358bb-f890-40ca-a6bf-29ff1543288f'),
    ('Конотоп', '8c277bec-9d5a-4cb8-9b62-b0259efabebb', '64f358bb-f890-40ca-a6bf-29ff1543288f'),
    ('Кролевец', '7947709a-9ec3-4b49-a2c7-c642d7d5acec', '64f358bb-f890-40ca-a6bf-29ff1543288f'),
    ('Лебедин', '924f041c-b556-48c5-957d-48032e30ce5e', '64f358bb-f890-40ca-a6bf-29ff1543288f'),
    ('Путивль', '6ee4c8a5-5788-41b5-aebd-27ee1d53e6da', '64f358bb-f890-40ca-a6bf-29ff1543288f'),
    ('Ромны', 'b51dc713-b305-4445-a0fc-560f229344b6', '64f358bb-f890-40ca-a6bf-29ff1543288f'),
    ('Середина-Буда', '77c27ecb-d032-47a4-9ee6-bba5c0eb1be7', '64f358bb-f890-40ca-a6bf-29ff1543288f'),
    ('Сумы', '8b06b1a7-0a6d-4b38-8d9c-7fcd4461e3b4', '64f358bb-f890-40ca-a6bf-29ff1543288f'),
    ('Тростянец', '9a9f866e-24e6-4a5b-9a69-172b89d1e4bb', '64f358bb-f890-40ca-a6bf-29ff1543288f'),
    ('Шостка', 'bcd3de0f-57b2-424a-ae57-8a6d2dfd19a5', '64f358bb-f890-40ca-a6bf-29ff1543288f');
INSERT INTO populated_locality ("name", id, region_id)
VALUES ('Великая Писаревка', 'd8f4ed98-8e84-4816-b084-7d4f74667a72', '64f358bb-f890-40ca-a6bf-29ff1543288f'),
    ('Воронеж', '52fa2ef6-2266-4375-be2c-e6ffbae849a1', '64f358bb-f890-40ca-a6bf-29ff1543288f'),
    ('Дубовязовка', '76879dc9-e6b0-4a50-86be-60b48eefd07b', '64f358bb-f890-40ca-a6bf-29ff1543288f'),
    ('Знобь-Новгородское', 'b0addae7-a517-4793-8cad-aee1681c79b4', '64f358bb-f890-40ca-a6bf-29ff1543288f'),
    ('Кириковка', 'e6ff18f5-abf5-49e8-aeff-7afe3e214af8', '64f358bb-f890-40ca-a6bf-29ff1543288f'),
    ('Краснополье', '76bbbf6f-449c-4b2e-a685-95676fb910ad', '64f358bb-f890-40ca-a6bf-29ff1543288f'),
    ('Липовая Долина', 'd2ebfa1d-8991-4987-bb09-5a8deb949b7f', '64f358bb-f890-40ca-a6bf-29ff1543288f'),
    ('Недригайлов', '77b3913b-bd3c-497d-ab2d-805ddcd5528d', '64f358bb-f890-40ca-a6bf-29ff1543288f'),
    ('Низы', 'fbc5a9c3-7d01-4d56-a861-ad855d9f0505', '64f358bb-f890-40ca-a6bf-29ff1543288f'),
    ('Николаевка', 'd4c3b07e-1bb0-4b04-a580-8aae926f2304', '64f358bb-f890-40ca-a6bf-29ff1543288f'),
    ('Свесса', 'af5794b9-625e-4008-89b7-5b7273088276', '64f358bb-f890-40ca-a6bf-29ff1543288f'),
    ('Степановка', '57457ed9-d27f-402a-bd60-c126f690e952', '64f358bb-f890-40ca-a6bf-29ff1543288f'),
    ('Терны', '26a691bf-3a38-44b8-9eee-df099a678b0c', '64f358bb-f890-40ca-a6bf-29ff1543288f'),
    ('Угроеды', '5cf32ca4-7e34-4afb-9dee-184eeafd858b', '64f358bb-f890-40ca-a6bf-29ff1543288f'),
    ('Ульяновка', '5fb8b086-7544-4e5e-b02e-823a695b9352', '64f358bb-f890-40ca-a6bf-29ff1543288f'),
    ('Хотень', 'fc6fbefc-29b8-44a9-8683-a4e2d3df5846', '64f358bb-f890-40ca-a6bf-29ff1543288f'),
    ('Чупаховка', '8a722178-2432-4526-912e-93dd887d8aa3', '64f358bb-f890-40ca-a6bf-29ff1543288f'),
    ('Шалыгино', '4209d7af-57ad-4067-9af0-bf70151695fb', '64f358bb-f890-40ca-a6bf-29ff1543288f'),
    ('Эсмань', '0bd5c0f8-5909-4597-94a6-4dd9a1b08b3f', '64f358bb-f890-40ca-a6bf-29ff1543288f'),
    ('Ямполь', '15d77a95-b79f-41b7-8039-2e93989598b7', '64f358bb-f890-40ca-a6bf-29ff1543288f');

INSERT INTO region (id, "name", country_id)
VALUES ('0f923f63-c9bc-4481-9c9a-18ebb1fecafb', 'Тернопольская область', 'fba52635-0325-43a2-a2bd-8027041beb4b');

INSERT INTO populated_locality ("name", id, region_id)
VALUES ('Бережаны', 'b0135502-a982-4572-a1ce-dca6c56f2549', '0f923f63-c9bc-4481-9c9a-18ebb1fecafb'),
    ('Борщёв', '2b19abbe-b4be-479b-bab6-9f5c1393baf2', '0f923f63-c9bc-4481-9c9a-18ebb1fecafb'),
    ('Бучач', '19f4a100-2c57-45cb-888f-eabee8e96d67', '0f923f63-c9bc-4481-9c9a-18ebb1fecafb'),
    ('Залещики', '67df488c-9405-4a2f-b455-9444ab8f551f', '0f923f63-c9bc-4481-9c9a-18ebb1fecafb'),
    ('Збараж', '454cc2d4-2679-40af-ab9a-8f68fb413984', '0f923f63-c9bc-4481-9c9a-18ebb1fecafb'),
    ('Зборов', '6da4f96e-9d3b-4af5-9cac-cc06db8870b8', '0f923f63-c9bc-4481-9c9a-18ebb1fecafb'),
    ('Копычинцы', '797ed7a0-3199-4338-b8b5-c9b7dd4352ee', '0f923f63-c9bc-4481-9c9a-18ebb1fecafb'),
    ('Кременец', 'c353bb07-3282-4f19-a52c-8e775ff14cd4', '0f923f63-c9bc-4481-9c9a-18ebb1fecafb'),
    ('Лановцы', '96bfe10c-adec-4309-86df-5554dca47f77', '0f923f63-c9bc-4481-9c9a-18ebb1fecafb'),
    ('Монастыриска', '401b60ce-a5ed-48cc-a0f4-22e1654b6bae', '0f923f63-c9bc-4481-9c9a-18ebb1fecafb'),
    ('Подгайцы', 'b023509b-9ff5-468b-b68a-98295786c23e', '0f923f63-c9bc-4481-9c9a-18ebb1fecafb'),
    ('Почаев', '1c63ab8a-39ff-4632-a5c4-6a8370b023b3', '0f923f63-c9bc-4481-9c9a-18ebb1fecafb'),
    ('Скалат', '2c357085-d455-41e4-b946-bb08ea2e6cca', '0f923f63-c9bc-4481-9c9a-18ebb1fecafb'),
    ('Теребовля', '88e4790c-9150-4f15-b319-4ef9f9e50c72', '0f923f63-c9bc-4481-9c9a-18ebb1fecafb'),
    ('Тернополь', 'b5f19044-efea-44d0-b906-ea597d84386b', '0f923f63-c9bc-4481-9c9a-18ebb1fecafb'),
    ('Хоростков', '60e5b50c-517b-4f9c-b95a-ae5737edc94b', '0f923f63-c9bc-4481-9c9a-18ebb1fecafb'),
    ('Чортков', 'd50f01f6-5aa4-41e4-9412-80959782642c', '0f923f63-c9bc-4481-9c9a-18ebb1fecafb'),
    ('Шумск', 'c8d2e575-5c7e-4d87-8077-a43da7cd3102', '0f923f63-c9bc-4481-9c9a-18ebb1fecafb');
INSERT INTO populated_locality ("name", id, region_id)
VALUES ('Великая Березовица', '2c1c7484-c53f-4258-abf6-87fd6eabf62f', '0f923f63-c9bc-4481-9c9a-18ebb1fecafb'),
    ('Великие Борки', '7da26f4b-55ae-48f5-9a30-043075e24e43', '0f923f63-c9bc-4481-9c9a-18ebb1fecafb'),
    ('Вишневец', '3b397dfe-5f95-4264-99e4-01e0a57cd784', '0f923f63-c9bc-4481-9c9a-18ebb1fecafb'),
    ('Гримайлов', 'e436c497-0839-4872-ad15-578b6718ca9e', '0f923f63-c9bc-4481-9c9a-18ebb1fecafb'),
    ('Гусятин', '833140da-e810-4a66-81aa-f19a0fad1f42', '0f923f63-c9bc-4481-9c9a-18ebb1fecafb'),
    ('Дружба', 'b15ee331-aec0-4601-b506-44dc5580a6e8', '0f923f63-c9bc-4481-9c9a-18ebb1fecafb'),
    ('Заводское', '51bb08e6-913e-4a81-a030-66c61fb9cb89', '0f923f63-c9bc-4481-9c9a-18ebb1fecafb'),
    ('Заложцы', '1001a34f-96fc-4dc1-8b8f-6f0e63a0f2ed', '0f923f63-c9bc-4481-9c9a-18ebb1fecafb'),
    ('Золотой Поток', '7d8da16c-e69a-44f4-826a-47e4707e12e8', '0f923f63-c9bc-4481-9c9a-18ebb1fecafb'),
    ('Козлов', '3c70f53a-6e7e-416e-ab27-2f6bb1ee9763', '0f923f63-c9bc-4481-9c9a-18ebb1fecafb'),
    ('Козова', 'fa1bc209-f1c7-41fd-a010-df6ea358cf05', '0f923f63-c9bc-4481-9c9a-18ebb1fecafb'),
    ('Коропец', '97aa9e60-2040-42e6-ad7b-88f307b28887', '0f923f63-c9bc-4481-9c9a-18ebb1fecafb'),
    ('Мельница-Подольская', '67efb3b8-7b54-4d7b-b86c-9ce915357d12', '0f923f63-c9bc-4481-9c9a-18ebb1fecafb'),
    ('Микулинцы', 'e1ed388b-67be-4aa7-97ba-128885791bbd', '0f923f63-c9bc-4481-9c9a-18ebb1fecafb'),
    ('Подволочиск', '97d4a495-7faa-42a9-9220-e54f9237bf89', '0f923f63-c9bc-4481-9c9a-18ebb1fecafb'),
    ('Скала-Подольская', 'ac1c66ec-6f8f-40fd-8fd4-74b158f74311', '0f923f63-c9bc-4481-9c9a-18ebb1fecafb'),
    ('Толстое', '4a1294c2-bc21-4562-82ea-a351323685e1', '0f923f63-c9bc-4481-9c9a-18ebb1fecafb');

INSERT INTO region (id, "name", country_id)
VALUES ('1d7129cf-9347-424f-9e58-a3a800be5560', 'Харьковская область', 'fba52635-0325-43a2-a2bd-8027041beb4b');

INSERT INTO populated_locality ("name", id, region_id)
VALUES ('Балаклея', '32638d88-04c9-4640-a48b-5ab74a6cd0a6', '1d7129cf-9347-424f-9e58-a3a800be5560'),
    ('Барвенково', '39dd4474-bfc1-4e50-942a-093e0b0797e0', '1d7129cf-9347-424f-9e58-a3a800be5560'),
    ('Богодухов', '01b21722-0c84-4339-be37-fe3ee76e2a62', '1d7129cf-9347-424f-9e58-a3a800be5560'),
    ('Валки', '3a5777ee-be58-428b-945c-da226d42af5f', '1d7129cf-9347-424f-9e58-a3a800be5560'),
    ('Волчанск', '9ad58e58-c9f0-4d77-a028-287cbac322ec', '1d7129cf-9347-424f-9e58-a3a800be5560'),
    ('Дергачи', 'd56ff455-b1a0-4860-bcf1-dd809cccba26', '1d7129cf-9347-424f-9e58-a3a800be5560'),
    ('Змиёв', 'b6e51472-652a-4bba-86a5-7c6750b63ddd', '1d7129cf-9347-424f-9e58-a3a800be5560'),
    ('Изюм', '831a01da-3751-46e7-8c8c-4a966c9c19bc', '1d7129cf-9347-424f-9e58-a3a800be5560'),
    ('Красноград', 'a91ce185-a692-4b01-9b8b-f9e1049d4fb7', '1d7129cf-9347-424f-9e58-a3a800be5560'),
    ('Купянск', 'ec0d4213-e68b-4e18-8317-97ee1bf875ba', '1d7129cf-9347-424f-9e58-a3a800be5560'),
    ('Лозовая', '708eb223-d4a0-4972-95f4-9a41e29f6d9a', '1d7129cf-9347-424f-9e58-a3a800be5560'),
    ('Люботин', 'b066f94c-c76b-45e1-b03d-2a244bf48ea7', '1d7129cf-9347-424f-9e58-a3a800be5560'),
    ('Мерефа', 'a84ae19b-05a3-427f-82cc-a2c817f5007a', '1d7129cf-9347-424f-9e58-a3a800be5560'),
    ('Первомайский', '8fba3c6c-20db-4d07-8087-17e06874aaaa', '1d7129cf-9347-424f-9e58-a3a800be5560'),
    ('Пивденное (Южное)', '2afed817-e3cd-4b3b-8848-6c27dc0eb8bc', '1d7129cf-9347-424f-9e58-a3a800be5560'),
    ('Харьков', 'f026e25d-21be-4cdb-97e9-f4adb5dd3dfa', '1d7129cf-9347-424f-9e58-a3a800be5560'),
    ('Чугуев', '32c64c5e-59e0-43a8-8b46-ee656562c466', '1d7129cf-9347-424f-9e58-a3a800be5560');
INSERT INTO populated_locality ("name", id, region_id)
VALUES ('Андреевка', 'e6021f36-2f5c-4fc8-8920-b61da05ea304', '1d7129cf-9347-424f-9e58-a3a800be5560'),
    ('Бабаи', '7dd0cd2e-1c6a-48fa-8140-396b3795f343', '1d7129cf-9347-424f-9e58-a3a800be5560'),
    ('Безлюдовка', 'bee709f9-e005-4b90-987e-2e7d11096dee', '1d7129cf-9347-424f-9e58-a3a800be5560'),
    ('Белый Колодезь', 'f5971a32-c58c-4723-9795-de9864e703c7', '1d7129cf-9347-424f-9e58-a3a800be5560'),
    ('Березовка', '6cc3d452-aa21-49ba-8691-aeaa1994e91e', '1d7129cf-9347-424f-9e58-a3a800be5560'),
    ('Близнюки', '1180819e-cb4d-4b1a-8896-1ea8f4324e1d', '1d7129cf-9347-424f-9e58-a3a800be5560'),
    ('Борки', 'b24eef0c-8ebf-42a5-98d1-2e689a19fb86', '1d7129cf-9347-424f-9e58-a3a800be5560'),
    ('Боровая', '4273b296-c43b-4053-be80-1d901c6da215', '1d7129cf-9347-424f-9e58-a3a800be5560'),
    ('Буды', 'fcf8a32b-7ec2-44aa-97ef-7ed1c6afd973', '1d7129cf-9347-424f-9e58-a3a800be5560'),
    ('Васищево', '4ac4b77b-9a75-42c4-81a1-612410dd3cc4', '1d7129cf-9347-424f-9e58-a3a800be5560'),
    ('Введенка', 'd05bb23a-b8ac-4f61-814f-1f26b1b205ca', '1d7129cf-9347-424f-9e58-a3a800be5560'),
    ('Великий Бурлук', 'bae5ae6f-0792-4b4f-810c-bf94929aecba', '1d7129cf-9347-424f-9e58-a3a800be5560'),
    ('Вильча', '3d2e3aaa-fd83-45ed-8ee7-bb572461e5ec', '1d7129cf-9347-424f-9e58-a3a800be5560'),
    ('Высокий', 'd1e0d3bc-e2e1-4c18-a2f5-69afa2e0c1bc', '1d7129cf-9347-424f-9e58-a3a800be5560'),
    ('Гуты', '35372c3a-5add-4961-91e1-efb53970f0ad', '1d7129cf-9347-424f-9e58-a3a800be5560'),
    ('Двуречная', '25b4b928-9f60-4ce0-bf1e-465bb14c1c14', '1d7129cf-9347-424f-9e58-a3a800be5560'),
    ('Донец', '7594480b-8403-47b0-98ac-310f347087c8', '1d7129cf-9347-424f-9e58-a3a800be5560'),
    ('Зачепиловка', '2ab0c328-3985-42e7-9246-848e971deee8', '1d7129cf-9347-424f-9e58-a3a800be5560'),
    ('Зидьки', '337300e2-c937-410b-afa6-7b99f5921491', '1d7129cf-9347-424f-9e58-a3a800be5560'),
    ('Золочев', '9bb3a5a5-819e-4bed-abd0-c0f5330239f8', '1d7129cf-9347-424f-9e58-a3a800be5560'),
    ('Казачья Лопань', '59451a72-57d3-464c-a03e-3b5f980a19b2', '1d7129cf-9347-424f-9e58-a3a800be5560'),
    ('Кегичёвка', '069b998c-2fae-4a89-b304-bac3ea127ced', '1d7129cf-9347-424f-9e58-a3a800be5560'),
    ('Ковшаровка', 'c820ee11-fc95-46d9-86f8-8b922999e422', '1d7129cf-9347-424f-9e58-a3a800be5560'),
    ('Ковяги', '14dfb464-9047-4b59-9e44-9ca34a199eb4', '1d7129cf-9347-424f-9e58-a3a800be5560'),
    ('Коломак', '14ce6e81-c1dd-4785-8026-7097580645d5', '1d7129cf-9347-424f-9e58-a3a800be5560'),
    ('Константиновка', 'ce4bfc63-7df2-4ca0-af51-43198c6eff75', '1d7129cf-9347-424f-9e58-a3a800be5560'),
    ('Коротыч', '314d63c6-d437-4934-86b6-73f2686dd5a2', '1d7129cf-9347-424f-9e58-a3a800be5560'),
    ('Кочеток', '4fa38f94-9aa8-48e8-9475-8e8f163eae50', '1d7129cf-9347-424f-9e58-a3a800be5560'),
    ('Краснокутск', 'd62f0689-8072-4068-9440-819ab14355e3', '1d7129cf-9347-424f-9e58-a3a800be5560'),
    ('Краснопавловка', '03f695e3-6a2d-4983-a89b-a986bff0511c', '1d7129cf-9347-424f-9e58-a3a800be5560'),
    ('Кулиничи', 'c21d45c0-43b3-44f2-b246-d73a40b6c716', '1d7129cf-9347-424f-9e58-a3a800be5560'),
    ('Купянск-Узловой', 'fc205810-7ce0-41d3-ab18-47c806b92fea', '1d7129cf-9347-424f-9e58-a3a800be5560'),
    ('Малая Даниловка', 'cba67eb1-d35d-4831-a30d-b651ba386188', '1d7129cf-9347-424f-9e58-a3a800be5560'),
    ('Малиновка', 'efcee552-b48b-4f32-b337-32c6c1c29ffc', '1d7129cf-9347-424f-9e58-a3a800be5560'),
    ('Манченки', '4032a305-db46-4543-8ce4-82d5fd1e9b01', '1d7129cf-9347-424f-9e58-a3a800be5560'),
    ('Новая Водолага', 'e5ac9015-413d-4573-b31f-8ee966dcec53', '1d7129cf-9347-424f-9e58-a3a800be5560'),
    ('Новопокровка', 'f82360d4-cc99-4d45-b25c-793743599f2f', '1d7129cf-9347-424f-9e58-a3a800be5560'),
    ('Ольшаны', '2d5181ca-e650-4249-816e-21b5019dd408', '1d7129cf-9347-424f-9e58-a3a800be5560'),
    ('Орелька', '7662c541-7a71-4501-bbd9-719be0233471', '1d7129cf-9347-424f-9e58-a3a800be5560'),
    ('Панютино', '13f0daac-00dc-4c3d-a98c-87ac9438445b', '1d7129cf-9347-424f-9e58-a3a800be5560'),
    ('Пересечное', '3ae6f741-264f-4c01-a1e4-ed98d3233cde', '1d7129cf-9347-424f-9e58-a3a800be5560'),
    ('Песочин', '30e6c538-3875-4933-87d6-b67c77899324', '1d7129cf-9347-424f-9e58-a3a800be5560'),
    ('Печенеги', '276b51bb-859c-4f92-92af-b3a7d2035e3a', '1d7129cf-9347-424f-9e58-a3a800be5560'),
    ('Покотиловка', '682eded1-03a1-4957-8a68-39b6361d98d9', '1d7129cf-9347-424f-9e58-a3a800be5560'),
    ('Приколотное', 'b34bad8a-cb65-4649-a2f3-9fdfdb5ceb83', '1d7129cf-9347-424f-9e58-a3a800be5560'),
    ('Прудянка', '2fb65fb0-4c59-40a5-9969-9bf795c174a5', '1d7129cf-9347-424f-9e58-a3a800be5560'),
    ('Рогань', '3d9bd5de-85f7-46e6-a0e2-ff6f1b7ea9ec', '1d7129cf-9347-424f-9e58-a3a800be5560'),
    ('Савинцы', 'd3b3760e-0d05-4837-b095-469b18371498', '1d7129cf-9347-424f-9e58-a3a800be5560'),
    ('Сахновщина', '37185b47-c9ca-4507-b6ef-68eb06b44a48', '1d7129cf-9347-424f-9e58-a3a800be5560'),
    ('Слатино', 'e5e0d04b-02ed-427b-8de4-6b660e0e4405', '1d7129cf-9347-424f-9e58-a3a800be5560'),
    ('Слобожанское (Змиёвский район)', '524a0a96-8f29-4737-9177-68f0afd91610', '1d7129cf-9347-424f-9e58-a3a800be5560'),
    ('Слобожанское (Кегичёвский район)', '86d39bda-0fe0-4d17-aa75-64cd43c0907f', '1d7129cf-9347-424f-9e58-a3a800be5560'),
    ('Солоницевка', '097583d6-788b-4642-b9d8-a365de97a1f2', '1d7129cf-9347-424f-9e58-a3a800be5560'),
    ('Старый Мерчик', 'bdc302be-174b-4db5-82e0-b2efa5d5ff19', '1d7129cf-9347-424f-9e58-a3a800be5560'),
    ('Старый Салтов', '31cb62bd-7679-4705-b9f9-120df69eec0e', '1d7129cf-9347-424f-9e58-a3a800be5560'),
    ('Утковка', '4c590812-5247-4801-8fd2-e2c71db7a9b2', '1d7129cf-9347-424f-9e58-a3a800be5560'),
    ('Хорошево', '4abb2826-eb40-4a2e-8058-bcc44ffc3a9e', '1d7129cf-9347-424f-9e58-a3a800be5560'),
    ('Чкаловское', 'edf5cf00-012f-44c8-a417-17543a4bebb8', '1d7129cf-9347-424f-9e58-a3a800be5560'),
    ('Шаровка', '4b83861d-65d2-45bc-8601-91219a6a5ba4', '1d7129cf-9347-424f-9e58-a3a800be5560'),
    ('Шевченково', '2b272c6d-6fc9-4a8b-a0b4-ce815b73ff3e', '1d7129cf-9347-424f-9e58-a3a800be5560'),
    ('Эсхар', 'a51be480-ae8e-4f7b-af6c-a9cf560f98c3', '1d7129cf-9347-424f-9e58-a3a800be5560');

INSERT INTO region (id, "name", country_id)
VALUES ('a6285216-d132-4e70-9c87-bbb3e2bdc88b', 'Херсонская область', 'fba52635-0325-43a2-a2bd-8027041beb4b');

INSERT INTO populated_locality ("name", id, region_id)
VALUES ('Агой', 'daec9553-b161-4968-a866-cd5b74bbd51d', 'a6285216-d132-4e70-9c87-bbb3e2bdc88b'),
    ('Адлер', '649724dc-0e38-45ed-96bf-b6e7827c58ea', 'a6285216-d132-4e70-9c87-bbb3e2bdc88b'),
    ('Анапа', '7d757e21-a375-4ca9-aa82-1785119a0898', 'a6285216-d132-4e70-9c87-bbb3e2bdc88b'),
    ('Архипо-Осиповка', '8d1759d9-dbf6-4132-ada7-ffa09ec42d7d', 'a6285216-d132-4e70-9c87-bbb3e2bdc88b'),
    ('Вардане', '0dedae2a-5aab-4bd5-a035-1ba090800c25', 'a6285216-d132-4e70-9c87-bbb3e2bdc88b'),
    ('Витязево', '5ddeeeca-5ac6-47b0-9ad2-c8538feea46e', 'a6285216-d132-4e70-9c87-bbb3e2bdc88b'),
    ('Геленджик', '9b0dfd07-328c-439b-a0fa-d6132e516393', 'a6285216-d132-4e70-9c87-bbb3e2bdc88b'),
    ('Головинка', 'f8af29e6-8c43-4d4c-9cdd-8d111fa11fb0', 'a6285216-d132-4e70-9c87-bbb3e2bdc88b'),
    ('Дагомыс', 'a874a323-2d28-43a5-a348-0ac402a2c27d', 'a6285216-d132-4e70-9c87-bbb3e2bdc88b'),
    ('Джанхот', 'e027fab1-6a7e-411e-8ff4-865b8b8d92f4', 'a6285216-d132-4e70-9c87-bbb3e2bdc88b'),
    ('Джубга', '25cfa4f7-612c-454b-a791-6c551869e023', 'a6285216-d132-4e70-9c87-bbb3e2bdc88b'),
    ('Дивноморское', '68569d42-77eb-4585-8935-7e5b8b38a05f', 'a6285216-d132-4e70-9c87-bbb3e2bdc88b'),
    ('Кабардинка', '8c455268-7b1e-4685-85e3-01446b62029c', 'a6285216-d132-4e70-9c87-bbb3e2bdc88b'),
    ('Лазаревское', 'c5c8be29-0ecc-4746-911b-e2a487db74ae', 'a6285216-d132-4e70-9c87-bbb3e2bdc88b'),
    ('Лермонтово', '3ef4c63c-a9e0-4dbc-bee6-b09a973850c1', 'a6285216-d132-4e70-9c87-bbb3e2bdc88b'),
    ('Лоо', '020affe1-30b5-4a2f-8cc2-101fa3ad816b', 'a6285216-d132-4e70-9c87-bbb3e2bdc88b'),
    ('Мацеста', '70b4fb80-45d6-4786-8353-1ffed5a7572a', 'a6285216-d132-4e70-9c87-bbb3e2bdc88b'),
    ('Небуг', 'a7b6be79-600f-4f0d-b8e7-11f655c35caa', 'a6285216-d132-4e70-9c87-bbb3e2bdc88b'),
    ('Новомихайловский', '117225fa-7e5a-413a-875c-adead3f5641b', 'a6285216-d132-4e70-9c87-bbb3e2bdc88b'),
    ('Ольгинка', 'a865c123-1e8b-4377-8af0-dbb39043bca8', 'a6285216-d132-4e70-9c87-bbb3e2bdc88b'),
    ('Сочи', '014c034d-109b-40a8-8b2d-85d81c04bf66', 'a6285216-d132-4e70-9c87-bbb3e2bdc88b'),
    ('Сукко', 'bfccfcb5-ec8e-4c45-9b87-cbc6f634a4b7', 'a6285216-d132-4e70-9c87-bbb3e2bdc88b'),
    ('Туапсе', '1a05fcd1-db1c-49c9-a9da-6b35df523adf', 'a6285216-d132-4e70-9c87-bbb3e2bdc88b'),
    ('Тюменский', 'd240465f-2208-4203-a488-c66bbcd7c9b7', 'a6285216-d132-4e70-9c87-bbb3e2bdc88b'),
    ('Хоста', '1bb5ed2f-e48c-481b-bc20-14b433afc53e', 'a6285216-d132-4e70-9c87-bbb3e2bdc88b'),
    ('Шепси', 'fd9cef0b-1f90-4de3-883e-013f154ee31e', 'a6285216-d132-4e70-9c87-bbb3e2bdc88b');
INSERT INTO populated_locality ("name", id, region_id)
VALUES ('Антоновка', 'c6612cc1-5e59-436e-9196-fc1eb419b60c', 'a6285216-d132-4e70-9c87-bbb3e2bdc88b'),
    ('Архангельское', 'f84babef-f991-49ee-b9c5-ad9a349b7ee1', 'a6285216-d132-4e70-9c87-bbb3e2bdc88b'),
    ('Аскания-Нова', '13b3cb8e-7c41-4f07-9028-3b6d18089574', 'a6285216-d132-4e70-9c87-bbb3e2bdc88b'),
    ('Белая Криница', '190ac17e-d79f-4387-ad69-c9a4a8dd3b91', 'a6285216-d132-4e70-9c87-bbb3e2bdc88b'),
    ('Белозёрка', '18f89d99-28d1-40a6-b41e-ec47bbb37312', 'a6285216-d132-4e70-9c87-bbb3e2bdc88b'),
    ('Брилёвка', 'fd8df9bb-1d28-4561-8616-11dfdb735180', 'a6285216-d132-4e70-9c87-bbb3e2bdc88b'),
    ('Великая Александровка', '508f8643-e1c8-4fb6-9102-8fcb35629655', 'a6285216-d132-4e70-9c87-bbb3e2bdc88b'),
    ('Великая Лепетиха', 'abc546ce-7dc3-415b-b597-7de5062918e6', 'a6285216-d132-4e70-9c87-bbb3e2bdc88b'),
    ('Верхний Рогачик', '8b8687c9-81ba-45e5-806c-69530e52d497', 'a6285216-d132-4e70-9c87-bbb3e2bdc88b'),
    ('Высокополье', '71d663af-c0ed-4b62-a78e-38226bf5e81b', 'a6285216-d132-4e70-9c87-bbb3e2bdc88b'),
    ('Горностаевка', '99e30b99-0f4c-45dc-8df0-f8c0145c86b4', 'a6285216-d132-4e70-9c87-bbb3e2bdc88b'),
    ('Днепряны', '705eafc3-1c1f-4a36-858a-d1c2a8c63733', 'a6285216-d132-4e70-9c87-bbb3e2bdc88b'),
    ('Зеленовка', 'b5c109d2-29e8-49ff-aa9c-4baaef98ff00', 'a6285216-d132-4e70-9c87-bbb3e2bdc88b'),
    ('Ивановка', '75d5fbbb-fd1a-4880-98d9-dffe98d95558', 'a6285216-d132-4e70-9c87-bbb3e2bdc88b'),
    ('Казацкое', '47147736-408f-4bc3-ad37-61fdffed7cf4', 'a6285216-d132-4e70-9c87-bbb3e2bdc88b'),
    ('Каланчак', 'c1d68d67-19b9-4766-85ae-488334d50bf1', 'a6285216-d132-4e70-9c87-bbb3e2bdc88b'),
    ('Калиновское', '78ac0ac9-f130-4b63-a9d0-32782c85ea1c', 'a6285216-d132-4e70-9c87-bbb3e2bdc88b'),
    ('Камышаны', '0072f1bb-c77c-4dbe-8e8c-6b3ad17a39df', 'a6285216-d132-4e70-9c87-bbb3e2bdc88b'),
    ('Карьерное', 'b343a984-0461-4c61-8ba1-2201a1659796', 'a6285216-d132-4e70-9c87-bbb3e2bdc88b'),
    ('Лазурное', '087d721f-cba2-46ba-a09e-894b182a6f5d', 'a6285216-d132-4e70-9c87-bbb3e2bdc88b'),
    ('Любимовка', '149a8cf4-31a9-4618-ac70-f6edc63f6a91', 'a6285216-d132-4e70-9c87-bbb3e2bdc88b'),
    ('Мирное', '27c39f4e-7f8c-4f1a-8f6a-2587ed2a2986', 'a6285216-d132-4e70-9c87-bbb3e2bdc88b'),
    ('Надднепрянское', '02d2228b-e8b2-45e6-a798-420ddb39fe18', 'a6285216-d132-4e70-9c87-bbb3e2bdc88b'),
    ('Нижние Серогозы', '2af1e6d1-cefa-481f-9f8d-44ffb547712b', 'a6285216-d132-4e70-9c87-bbb3e2bdc88b'),
    ('Новая Маячка', '7eacfdac-502a-4ec7-baf4-38e26468ccc7', 'a6285216-d132-4e70-9c87-bbb3e2bdc88b'),
    ('Новоалексеевка', 'dc3574d6-34cb-4a55-9e53-d246b1e00778', 'a6285216-d132-4e70-9c87-bbb3e2bdc88b'),
    ('Нововоронцовка', '95e975dd-8299-4df5-ba31-dfa30f886a5d', 'a6285216-d132-4e70-9c87-bbb3e2bdc88b'),
    ('Новотроицкое', 'dbd4f70c-b04e-48a3-a4f7-1d4edaa63368', 'a6285216-d132-4e70-9c87-bbb3e2bdc88b'),
    ('Рыково', 'bda4a29b-6403-4bfb-a806-a09b47d84386', 'a6285216-d132-4e70-9c87-bbb3e2bdc88b'),
    ('Сивашское', '67e88b79-4f74-4218-8804-e001f1e7f894', 'a6285216-d132-4e70-9c87-bbb3e2bdc88b'),
    ('Чаплинка', '2590eb60-37ca-4127-a306-b6e778c7e47a', 'a6285216-d132-4e70-9c87-bbb3e2bdc88b');

INSERT INTO region (id, "name", country_id)
VALUES ('8ba501a2-f025-4e65-acf5-12a48f2fc4a3', 'Хмельницкая область', 'fba52635-0325-43a2-a2bd-8027041beb4b');

INSERT INTO populated_locality ("name", id, region_id)
VALUES ('Волочиск', 'd654e897-c88c-467c-a3ea-d77091037cab', '8ba501a2-f025-4e65-acf5-12a48f2fc4a3'),
    ('Городок', '6d7a97f1-e871-4953-9636-edef9955826e', '8ba501a2-f025-4e65-acf5-12a48f2fc4a3'),
    ('Деражня', '270d9603-06e9-46af-b206-99afd9977044', '8ba501a2-f025-4e65-acf5-12a48f2fc4a3'),
    ('Дунаевцы', '6704ab59-a3d5-4490-bd48-1f301a79f9ba', '8ba501a2-f025-4e65-acf5-12a48f2fc4a3'),
    ('Изяслав', '56fc198c-aa79-43ad-a9b3-d65eacedc485', '8ba501a2-f025-4e65-acf5-12a48f2fc4a3'),
    ('Каменец-Подольский', '22508263-ad2c-4801-a74f-39e65f325a44', '8ba501a2-f025-4e65-acf5-12a48f2fc4a3'),
    ('Красилов', '24785a0d-3d64-4b47-bf2e-9077990e7d4a', '8ba501a2-f025-4e65-acf5-12a48f2fc4a3'),
    ('Нетешин', 'e7adc2b4-6ed5-4cc0-b492-c3f6b2cb09de', '8ba501a2-f025-4e65-acf5-12a48f2fc4a3'),
    ('Полонное', '164ab343-6aac-41f9-8d9b-09d975b6a316', '8ba501a2-f025-4e65-acf5-12a48f2fc4a3'),
    ('Славута', '20f3ca2a-885d-4c29-b146-dc52caccc1bd', '8ba501a2-f025-4e65-acf5-12a48f2fc4a3'),
    ('Староконстантинов', '22c3c884-1e91-42ea-a0f6-d2d056e3f9b5', '8ba501a2-f025-4e65-acf5-12a48f2fc4a3'),
    ('Хмельницкий', '8f8e9988-ec20-443a-81f2-6a8cd78fcafd', '8ba501a2-f025-4e65-acf5-12a48f2fc4a3'),
    ('Шепетовка', 'b97c6e9b-a2f4-49a6-8961-ede09c7132c3', '8ba501a2-f025-4e65-acf5-12a48f2fc4a3');
INSERT INTO populated_locality ("name", id, region_id)
VALUES ('Антонины', 'a782c2f6-354a-4a4f-a9b8-08576675ee7e', '8ba501a2-f025-4e65-acf5-12a48f2fc4a3'),
    ('Базалия', 'cba1b952-a856-49ec-a8a2-9d5f96982b41', '8ba501a2-f025-4e65-acf5-12a48f2fc4a3'),
    ('Белогорье', '566da4b8-186d-4f76-9388-d004050764a9', '8ba501a2-f025-4e65-acf5-12a48f2fc4a3'),
    ('Виньковцы', '05091cb1-e875-45b6-bc29-46ce9cd5132f', '8ba501a2-f025-4e65-acf5-12a48f2fc4a3'),
    ('Войтовцы', '8cd7c1ac-ef4c-430c-9abb-b028581ddf61', '8ba501a2-f025-4e65-acf5-12a48f2fc4a3'),
    ('Волковинцы', 'ba988a59-8325-4b12-9e75-574f623ad14c', '8ba501a2-f025-4e65-acf5-12a48f2fc4a3'),
    ('Грицев', 'aa2f8902-8e4a-4563-ac17-98dc432a3c90', '8ba501a2-f025-4e65-acf5-12a48f2fc4a3'),
    ('Дунаевцы', '05d95d9c-d77f-4d9a-af80-5312ea6c31e1', '8ba501a2-f025-4e65-acf5-12a48f2fc4a3'),
    ('Закупное', 'b86d2501-88a0-4453-90c2-ee3a8cf4e4b7', '8ba501a2-f025-4e65-acf5-12a48f2fc4a3'),
    ('Летичев', '7a7e4036-7828-47a1-b1dd-8de3f372a64f', '8ba501a2-f025-4e65-acf5-12a48f2fc4a3'),
    ('Меджибож', '97eff79a-7cce-431b-9b66-d6a186f1356a', '8ba501a2-f025-4e65-acf5-12a48f2fc4a3'),
    ('Лозовое', 'fead379a-e781-4c48-9193-53bcd1d3f0cd', '8ba501a2-f025-4e65-acf5-12a48f2fc4a3'),
    ('Наркевичи', '81e68b11-97dc-40b6-b864-61cd013435c8', '8ba501a2-f025-4e65-acf5-12a48f2fc4a3'),
    ('Новая Ушица', 'b04a8326-66a6-42c9-9af1-78faa3acab34', '8ba501a2-f025-4e65-acf5-12a48f2fc4a3'),
    ('Понинка', '1c29c41d-7f76-4e85-8a76-355e6ac14eee', '8ba501a2-f025-4e65-acf5-12a48f2fc4a3'),
    ('Сатанов', '8fcf255c-8f75-4eae-85e1-c1d2530ad19b', '8ba501a2-f025-4e65-acf5-12a48f2fc4a3'),
    ('Смотрич', '6ce4f1f8-0894-4f4c-ae0e-76c893edd73d', '8ba501a2-f025-4e65-acf5-12a48f2fc4a3'),
    ('Старая Синява', '1a70fa12-d18d-40c1-ae47-e96c10300d8b', '8ba501a2-f025-4e65-acf5-12a48f2fc4a3'),
    ('Старая Ушица', '09888616-4a71-4b9c-a6a8-d3d6ca2db71e', '8ba501a2-f025-4e65-acf5-12a48f2fc4a3'),
    ('Теофиполь', 'd9194451-faa6-47e7-bfce-9f7f9e7500d8', '8ba501a2-f025-4e65-acf5-12a48f2fc4a3'),
    ('Чемеровцы', '06789634-3e85-4de5-a04e-70d84987a84a', '8ba501a2-f025-4e65-acf5-12a48f2fc4a3'),
    ('Чёрный Остров', '11b8da49-aa63-4c49-a2f2-d9a70adc98eb', '8ba501a2-f025-4e65-acf5-12a48f2fc4a3'),
    ('Ямполь', 'bdfa7ebe-f6f2-4397-8936-0a9d5701abec', '8ba501a2-f025-4e65-acf5-12a48f2fc4a3'),
    ('Ярмолинцы', 'e1048ed8-2e68-45dd-a2f7-5242615c9b82', '8ba501a2-f025-4e65-acf5-12a48f2fc4a3');

INSERT INTO region (id, "name", country_id)
VALUES ('6010f165-8cb0-445f-aec0-decbec262f9a', 'Черкасская область', 'fba52635-0325-43a2-a2bd-8027041beb4b');

INSERT INTO populated_locality ("name", id, region_id)
VALUES ('Ватутино', 'a1e1619e-5022-480c-813b-0241a5ac30b8', '6010f165-8cb0-445f-aec0-decbec262f9a'),
    ('Городище', '9502ad66-aad9-4ce9-ad2f-a3de19ff8c87', '6010f165-8cb0-445f-aec0-decbec262f9a'),
    ('Жашков', 'bc1d3a0b-ec9b-4460-bb16-d5a997ff7a4a', '6010f165-8cb0-445f-aec0-decbec262f9a'),
    ('Звенигородка', 'd6c9cf3d-1931-456b-8515-5be163be1ace', '6010f165-8cb0-445f-aec0-decbec262f9a'),
    ('Золотоноша', 'd40086a9-7c0c-4acb-aa4c-ff746f90b717', '6010f165-8cb0-445f-aec0-decbec262f9a'),
    ('Каменка', 'dd49a248-c7b3-4a3a-bc03-f3c62f141800', '6010f165-8cb0-445f-aec0-decbec262f9a'),
    ('Канев', '5858bc92-8917-4a65-88c4-39040f8cedef', '6010f165-8cb0-445f-aec0-decbec262f9a'),
    ('Корсунь-Шевченковский', 'e7f511aa-2810-45d0-95c0-4c2138b70d37', '6010f165-8cb0-445f-aec0-decbec262f9a'),
    ('Монастырище', '8746a8f5-86ab-460e-ad5d-064ec962b7f2', '6010f165-8cb0-445f-aec0-decbec262f9a'),
    ('Смела', '3fefe240-565b-49ba-b026-feba4ba1efe0', '6010f165-8cb0-445f-aec0-decbec262f9a'),
    ('Тальное', '15e1cc83-2029-430e-902a-6bc65775acf2', '6010f165-8cb0-445f-aec0-decbec262f9a'),
    ('Умань', '12dfbb54-e93d-4955-b17c-18c534e8e2db', '6010f165-8cb0-445f-aec0-decbec262f9a'),
    ('Христиновка', '37ddbfc6-ffed-44b8-8290-cbda2cbb879b', '6010f165-8cb0-445f-aec0-decbec262f9a'),
    ('Черкассы', 'f3b3cadf-5848-49cd-b0f6-9266ad0889f8', '6010f165-8cb0-445f-aec0-decbec262f9a'),
    ('Чигирин', '066d2660-b982-4234-8c9c-1a558a77b5d0', '6010f165-8cb0-445f-aec0-decbec262f9a'),
    ('Шпола', 'b555b6ee-77b6-4dd9-8e7b-1692ae03cc4b', '6010f165-8cb0-445f-aec0-decbec262f9a');
INSERT INTO populated_locality ("name", id, region_id)
VALUES ('Бабанка', '5860c1b4-83d8-4cef-87d2-f3be5eb13904', '6010f165-8cb0-445f-aec0-decbec262f9a'),
    ('Буки', 'af8dbe4a-0f0f-4d7c-9b02-8d57760d9636', '6010f165-8cb0-445f-aec0-decbec262f9a'),
    ('Верхнячка', 'c1548cca-7465-4c2f-a57e-4523fff0f580', '6010f165-8cb0-445f-aec0-decbec262f9a'),
    ('Драбов', '775cdbe1-9981-4970-b2b9-c0743ecdeea0', '6010f165-8cb0-445f-aec0-decbec262f9a'),
    ('Ерки', '757bed4a-e74c-456f-9551-f274ef40b290', '6010f165-8cb0-445f-aec0-decbec262f9a'),
    ('Ирдынь', '1080a36d-cc08-459e-847b-58b7c78cf7ec', '6010f165-8cb0-445f-aec0-decbec262f9a'),
    ('Катеринополь', '7894843e-1da0-4ce2-8a89-e774e9447a17', '6010f165-8cb0-445f-aec0-decbec262f9a'),
    ('Лысянка', '5d0f082b-8296-48ef-b427-d098a8def54d', '6010f165-8cb0-445f-aec0-decbec262f9a'),
    ('Маньковка', '044bc5e2-0060-47b0-a652-51c7329717bd', '6010f165-8cb0-445f-aec0-decbec262f9a'),
    ('Ольшана', '4d9f64e7-6e5b-4c33-8365-f32667624871', '6010f165-8cb0-445f-aec0-decbec262f9a'),
    ('Стеблёв', '6e46d7e0-eab4-44a0-a9da-fbaf0b060a05', '6010f165-8cb0-445f-aec0-decbec262f9a'),
    ('Цветково', '301f2764-1055-42d4-b3b3-b94ab0020cec', '6010f165-8cb0-445f-aec0-decbec262f9a'),
    ('Цибулев', '99faf314-0748-4b5c-8b20-3d52209861c1', '6010f165-8cb0-445f-aec0-decbec262f9a'),
    ('Чернобай', '86a0239f-d582-4591-a8d6-0467ed83f1e6', '6010f165-8cb0-445f-aec0-decbec262f9a'),
    ('Шрамковка', '036bd83b-807b-4c1b-afef-3901b069c6d3', '6010f165-8cb0-445f-aec0-decbec262f9a');

INSERT INTO region (id, "name", country_id)
VALUES ('8d0d359d-5a7c-47e8-98be-cb4d5d0146b9', 'Черниговская область', 'fba52635-0325-43a2-a2bd-8027041beb4b');

INSERT INTO populated_locality ("name", id, region_id)
VALUES ('Батурин', '5e15b0cd-bb56-4f65-8ed7-6f0f7c3261d4', '8d0d359d-5a7c-47e8-98be-cb4d5d0146b9'),
    ('Бахмач', '9ff10997-bdff-4e8b-8061-e7d744f56d81', '8d0d359d-5a7c-47e8-98be-cb4d5d0146b9'),
    ('Бобровица', '2952483a-9ec3-44c2-9ec9-48df087f1f52', '8d0d359d-5a7c-47e8-98be-cb4d5d0146b9'),
    ('Борзна', '1bbc6750-28e5-44b9-9891-f25a0d97b29f', '8d0d359d-5a7c-47e8-98be-cb4d5d0146b9'),
    ('Городня', '4c7166f2-d749-4024-baa5-70ec73ed201c', '8d0d359d-5a7c-47e8-98be-cb4d5d0146b9'),
    ('Ичня', 'c814155b-1ff1-4ff5-86f4-978d2895e5b0', '8d0d359d-5a7c-47e8-98be-cb4d5d0146b9'),
    ('Корюковка', '08d8660b-6d87-4367-97d5-d748354b838a', '8d0d359d-5a7c-47e8-98be-cb4d5d0146b9'),
    ('Мена', '3639c81f-3bb2-42b2-a5fe-7a4e58560d2f', '8d0d359d-5a7c-47e8-98be-cb4d5d0146b9'),
    ('Нежин', '6363e9e0-e8ac-4135-80f6-d8dca42f316e', '8d0d359d-5a7c-47e8-98be-cb4d5d0146b9'),
    ('Новгород-Северский', '6a5ee3a3-057e-4f92-b5ea-66153fabde0e', '8d0d359d-5a7c-47e8-98be-cb4d5d0146b9'),
    ('Носовка', 'c1807780-483c-4366-80d9-9f3fac4e10bc', '8d0d359d-5a7c-47e8-98be-cb4d5d0146b9'),
    ('Остёр', '0188ee99-f5a5-4df1-994e-65c710c785e9', '8d0d359d-5a7c-47e8-98be-cb4d5d0146b9'),
    ('Прилуки', 'f231eb87-3a0d-4e5a-b180-7c092750b231', '8d0d359d-5a7c-47e8-98be-cb4d5d0146b9'),
    ('Семёновка', '419a776b-7489-4802-8cf8-6ba8a3d35863', '8d0d359d-5a7c-47e8-98be-cb4d5d0146b9'),
    ('Сновск', '6a080efc-7e5a-4a02-ac07-5bdcacc9c0ff', '8d0d359d-5a7c-47e8-98be-cb4d5d0146b9'),
    ('Чернигов', '9e4e1444-5afb-4efd-9204-05b8d29d1b69', '8d0d359d-5a7c-47e8-98be-cb4d5d0146b9');
INSERT INTO populated_locality ("name", id, region_id)
VALUES ('Березна', '46135b4d-0ad0-43e3-9368-177d30a887db', '8d0d359d-5a7c-47e8-98be-cb4d5d0146b9'),
    ('Варва', '7a2fc043-9688-48aa-a21c-0778aea9edf0', '8d0d359d-5a7c-47e8-98be-cb4d5d0146b9'),
    ('Гончаровское', '79cca504-bbc0-4642-b289-f445dab97a62', '8d0d359d-5a7c-47e8-98be-cb4d5d0146b9'),
    ('Дегтяри', 'd6a12c3a-b201-48d5-9cdb-d1893ca4f958', '8d0d359d-5a7c-47e8-98be-cb4d5d0146b9'),
    ('Десна', '77b1871d-6f41-4a76-9b5e-580db4f6e383', '8d0d359d-5a7c-47e8-98be-cb4d5d0146b9'),
    ('Дмитровка', '30ba7770-09c3-4462-b44e-b33fc2503080', '8d0d359d-5a7c-47e8-98be-cb4d5d0146b9'),
    ('Добрянка', 'bf2da6d7-26e2-415a-91a0-616fccb196ea', '8d0d359d-5a7c-47e8-98be-cb4d5d0146b9'),
    ('Дружба', 'b1b5dd90-2601-4970-89d8-a73f5216fee1', '8d0d359d-5a7c-47e8-98be-cb4d5d0146b9'),
    ('Замглай', 'b9090cc0-6fb1-4362-999d-eab83ccfeb44', '8d0d359d-5a7c-47e8-98be-cb4d5d0146b9'),
    ('Козелец', '9da4e416-c557-4040-af2d-8fef589f741e', '8d0d359d-5a7c-47e8-98be-cb4d5d0146b9'),
    ('Короп', 'f9a4323e-f404-467d-81e1-4d613f7f16f6', '8d0d359d-5a7c-47e8-98be-cb4d5d0146b9'),
    ('Куликовка', '15653b1c-dd33-48e3-ab9f-f22a12d42226', '8d0d359d-5a7c-47e8-98be-cb4d5d0146b9'),
    ('Ладан', '3c6d8e14-41e3-4087-b37f-90f463dd447e', '8d0d359d-5a7c-47e8-98be-cb4d5d0146b9'),
    ('Линовица', '370b3f90-9203-427f-9165-e3f99944cabf', '8d0d359d-5a7c-47e8-98be-cb4d5d0146b9'),
    ('Лосиновка', '69f1438b-5269-4e83-89ae-2391425988ff', '8d0d359d-5a7c-47e8-98be-cb4d5d0146b9'),
    ('Любеч', '2864b66e-e190-48d8-9e1f-9c987a9bb48a', '8d0d359d-5a7c-47e8-98be-cb4d5d0146b9'),
    ('Макошино', '8cf5a5ab-0fb8-4ef1-8b60-5dc057703e47', '8d0d359d-5a7c-47e8-98be-cb4d5d0146b9'),
    ('Малая Девица', '2835ee9e-bd95-4e92-b07a-23e861f20887', '8d0d359d-5a7c-47e8-98be-cb4d5d0146b9'),
    ('Михайло-Коцюбинское', '8433b240-8bb0-4ac0-8621-c42d3197c505', '8d0d359d-5a7c-47e8-98be-cb4d5d0146b9'),
    ('Олишевка', '30481be5-c409-4356-a919-b443002bce94', '8d0d359d-5a7c-47e8-98be-cb4d5d0146b9'),
    ('Парафиевка', '997621db-acf2-4e3a-95f6-5d9b2dba5a52', '8d0d359d-5a7c-47e8-98be-cb4d5d0146b9'),
    ('Понорница', 'f87b23c5-8743-41c9-a31f-bd3167ca3ab9', '8d0d359d-5a7c-47e8-98be-cb4d5d0146b9'),
    ('Радуль', '1af319d1-7315-4d80-beea-e181322dbaf7', '8d0d359d-5a7c-47e8-98be-cb4d5d0146b9'),
    ('Репки', '5ca3945a-7163-4278-aa29-4b5963f3d3cd', '8d0d359d-5a7c-47e8-98be-cb4d5d0146b9'),
    ('Седнев', '8a1214de-4eb0-44d8-b947-0c148b14644f', '8d0d359d-5a7c-47e8-98be-cb4d5d0146b9'),
    ('Сосница', '7ebcdb45-7233-4025-ab77-9aa834d24934', '8d0d359d-5a7c-47e8-98be-cb4d5d0146b9'),
    ('Сребное', '0515e8f0-9a9a-46b8-9d78-7e3e24cbf085', '8d0d359d-5a7c-47e8-98be-cb4d5d0146b9'),
    ('Талалаевка', '4295120e-9694-4bcb-9561-b2943c47ee5d', '8d0d359d-5a7c-47e8-98be-cb4d5d0146b9'),
    ('Холмы', '0bac0bb8-23e4-4e68-88a4-1acfb42a9fd9', '8d0d359d-5a7c-47e8-98be-cb4d5d0146b9');

INSERT INTO region (id, "name", country_id)
VALUES ('6a707b19-a1c2-461d-a05d-9e3632ef6fb0', 'Черновицкая область', 'fba52635-0325-43a2-a2bd-8027041beb4b');

INSERT INTO populated_locality ("name", id, region_id)
VALUES ('Вашковцы', 'de4c81dd-115c-41df-8984-3c5ef642aab6', '6a707b19-a1c2-461d-a05d-9e3632ef6fb0'),
    ('Вижница', 'bc19880f-bbb2-463e-99aa-de6c4827652e', '6a707b19-a1c2-461d-a05d-9e3632ef6fb0'),
    ('Герца', 'acad638e-741a-43ed-8d33-76bd350a8c55', '6a707b19-a1c2-461d-a05d-9e3632ef6fb0'),
    ('Заставна', 'e02867dc-2722-4806-8490-534e57c65a68', '6a707b19-a1c2-461d-a05d-9e3632ef6fb0'),
    ('Кицмань', '6655d29e-9943-4e75-bd6a-a9de24dd9b47', '6a707b19-a1c2-461d-a05d-9e3632ef6fb0'),
    ('Новоднестровск', '1382048b-7520-439f-bfe6-9a53eaef8828', '6a707b19-a1c2-461d-a05d-9e3632ef6fb0'),
    ('Новоселица', 'a5ab7c61-1405-42ac-931a-781d269a9a57', '6a707b19-a1c2-461d-a05d-9e3632ef6fb0'),
    ('Сокиряны', 'faa4b5f4-ce05-443a-ab83-294e123f09d2', '6a707b19-a1c2-461d-a05d-9e3632ef6fb0'),
    ('Сторожинец', 'a081ddef-e469-42f3-8c68-9d1459b97e03', '6a707b19-a1c2-461d-a05d-9e3632ef6fb0'),
    ('Хотин', 'fbfc3135-6eb6-42e4-8695-2e5dc3012d5a', '6a707b19-a1c2-461d-a05d-9e3632ef6fb0'),
    ('Черновцы', 'd9c5f849-56c0-4b72-96c9-5bbfafe8c0c7', '6a707b19-a1c2-461d-a05d-9e3632ef6fb0');
INSERT INTO populated_locality ("name", id, region_id)
VALUES ('Берегомет', '5d1ab7af-9c10-4dce-ae2a-c82ca829d56c', '6a707b19-a1c2-461d-a05d-9e3632ef6fb0'),
    ('Глыбокая', 'a22a1b09-25c8-41a3-bf33-36808873b622', '6a707b19-a1c2-461d-a05d-9e3632ef6fb0'),
    ('Кельменцы', '6e42f09f-f5c0-47fa-9387-e99233fd7ca3', '6a707b19-a1c2-461d-a05d-9e3632ef6fb0'),
    ('Кострижевка', '94df669f-5969-4c8b-ab53-f2b90ad79838', '6a707b19-a1c2-461d-a05d-9e3632ef6fb0'),
    ('Красноильск', 'b0585cd3-2630-4010-b1ef-6365c659c055', '6a707b19-a1c2-461d-a05d-9e3632ef6fb0'),
    ('Лужаны', '7896c3c4-a7a4-4a83-99ef-e4dfefdb7d10', '6a707b19-a1c2-461d-a05d-9e3632ef6fb0'),
    ('Неполоковцы', '9c25b27e-3c0d-4f74-bd84-ec16628096e7', '6a707b19-a1c2-461d-a05d-9e3632ef6fb0'),
    ('Путила', '1a0fa24e-9785-4f18-9572-b52941083eb8', '6a707b19-a1c2-461d-a05d-9e3632ef6fb0');

INSERT INTO region (id, "name", country_id)
VALUES ('5db28047-3063-4f53-bc55-fee9e6bd96eb', 'Автономная Республика Крым', 'fba52635-0325-43a2-a2bd-8027041beb4b');

INSERT INTO populated_locality ("name", id, region_id)
VALUES ('Алупка', 'f72b2cf2-cc5b-4ce8-a0e8-57fe35ec4d1e', '5db28047-3063-4f53-bc55-fee9e6bd96eb'),
    ('Алушта', 'e27ad993-ed7a-451a-abd2-501fc48eea9c', '5db28047-3063-4f53-bc55-fee9e6bd96eb'),
    ('Армянск', 'b579da2c-622e-4beb-b6c6-fe3919609d1c', '5db28047-3063-4f53-bc55-fee9e6bd96eb'),
    ('Бахчисарай', '745eb28b-f77d-4c2c-8971-95904b41e231', '5db28047-3063-4f53-bc55-fee9e6bd96eb'),
    ('Белогорск', '7632eee6-1369-4399-8066-a61eafe390e0', '5db28047-3063-4f53-bc55-fee9e6bd96eb'),
    ('Джанкой', '1fd1ae00-1d39-47e1-9c06-14d77a954336', '5db28047-3063-4f53-bc55-fee9e6bd96eb'),
    ('Евпатория', 'bb9a2bef-457b-4c75-8ee8-df3f320291ed', '5db28047-3063-4f53-bc55-fee9e6bd96eb'),
    ('Керчь', '4e6d9c53-a904-48c9-91b4-68e74dcba001', '5db28047-3063-4f53-bc55-fee9e6bd96eb'),
    ('Красноперекопск', 'd5db4b3b-8510-4cd1-9179-756be1aeccc1', '5db28047-3063-4f53-bc55-fee9e6bd96eb'),
    ('Саки', 'de05356e-bdb0-40ee-be92-bcb8edfe2063', '5db28047-3063-4f53-bc55-fee9e6bd96eb'),
    ('Симферополь', 'a06edab0-5bc0-44ef-ac79-8ee68291027b', '5db28047-3063-4f53-bc55-fee9e6bd96eb'),
    ('Севастополь', '6afebe5f-18e4-4f1a-9332-81abddb66fa4', '5db28047-3063-4f53-bc55-fee9e6bd96eb'),
    ('Старый Крым', 'd5f2c531-c8a6-428d-9c6a-06c9a5491859', '5db28047-3063-4f53-bc55-fee9e6bd96eb'),
    ('Судак', '9ac8c17b-c1ed-41c6-aeb3-c4b4609dc324', '5db28047-3063-4f53-bc55-fee9e6bd96eb'),
    ('Феодосия', 'f2bb48bf-11b0-4030-86a1-ef34bd7a105e', '5db28047-3063-4f53-bc55-fee9e6bd96eb'),
    ('Щёлкино', 'fc9a5542-038e-4180-9998-4c3203244462', '5db28047-3063-4f53-bc55-fee9e6bd96eb'),
    ('Ялта', '88cdf2ee-7e26-450a-a252-0eb5b0ec3977', '5db28047-3063-4f53-bc55-fee9e6bd96eb');
INSERT INTO populated_locality ("name", id, region_id)
VALUES ('Аграрное', '787c26ae-6415-47e9-9825-9fe409fd7366', '5db28047-3063-4f53-bc55-fee9e6bd96eb'),
    ('Аэрофлотский', '5ea56d88-530f-4bce-9da9-259f759846db', '5db28047-3063-4f53-bc55-fee9e6bd96eb'),
    ('Азовское', '88be6c6a-89e9-407c-b1b0-cd096ed05b05', '5db28047-3063-4f53-bc55-fee9e6bd96eb'),
    ('Багерово', '3cd4dd00-8b5e-428c-9763-536445f44ab1', '5db28047-3063-4f53-bc55-fee9e6bd96eb'),
    ('Береговое', '952f1934-c270-4914-8764-e8b5644f3a63', '5db28047-3063-4f53-bc55-fee9e6bd96eb'),
    ('Виноградное', '3badb72e-7172-45c5-9cae-7eb70f2059bb', '5db28047-3063-4f53-bc55-fee9e6bd96eb'),
    ('Вольное', 'bb449e01-c8f6-45dc-8d52-9ca1a033eb56', '5db28047-3063-4f53-bc55-fee9e6bd96eb'),
    ('Восход', 'cca9804a-6e63-4c3b-9892-de27dcd820b3', '5db28047-3063-4f53-bc55-fee9e6bd96eb'),
    ('Гаспра', 'e1359c9e-368e-4517-a8d1-b28f30ef1cad', '5db28047-3063-4f53-bc55-fee9e6bd96eb'),
    ('Гвардейское', '5ab7ea84-86c1-42e8-9439-72ab8c685206', '5db28047-3063-4f53-bc55-fee9e6bd96eb'),
    ('Голубой Залив', '9adb1840-787d-4a0c-ac28-9d3933ea2420', '5db28047-3063-4f53-bc55-fee9e6bd96eb'),
    ('Грэсовский', '0b1d095d-ce49-471a-a936-bc45bc22e15f', '5db28047-3063-4f53-bc55-fee9e6bd96eb'),
    ('Гурзуф', '82022539-8fce-4d78-8296-bbc207484160', '5db28047-3063-4f53-bc55-fee9e6bd96eb'),
    ('Заозёрное', '121ff14a-73a8-4bba-a6c9-d4f536457566', '5db28047-3063-4f53-bc55-fee9e6bd96eb'),
    ('Зуя', '28517302-f751-4445-94d3-f2480dd0c336', '5db28047-3063-4f53-bc55-fee9e6bd96eb'),
    ('Кацивели', '20fd5c52-a36f-4520-be49-044501b34fa9', '5db28047-3063-4f53-bc55-fee9e6bd96eb'),
    ('Кировское', 'd9507816-9377-4d5a-990d-399f610c3c9f', '5db28047-3063-4f53-bc55-fee9e6bd96eb'),
    ('Коктебель', '00acc8a0-0e8f-4cc7-853e-496213af44a9', '5db28047-3063-4f53-bc55-fee9e6bd96eb'),
    ('Комсомольское', 'cebc3868-7a98-423d-a112-eaf2dd3af68d', '5db28047-3063-4f53-bc55-fee9e6bd96eb'),
    ('Кореиз', '6ab80a68-e3bc-4c85-9baa-17ab3616b65c', '5db28047-3063-4f53-bc55-fee9e6bd96eb'),
    ('Красногвардейское', '7e52281f-9287-4769-be3b-98b51188ad9d', '5db28047-3063-4f53-bc55-fee9e6bd96eb'),
    ('Краснокаменка', '32f297e5-99e6-43a2-a790-7485c43a66a9', '5db28047-3063-4f53-bc55-fee9e6bd96eb'),
    ('Куйбышево', 'a04c82f5-4fa2-4055-9002-40bfbb4dc1fd', '5db28047-3063-4f53-bc55-fee9e6bd96eb'),
    ('Курортное', '971ae943-dd12-4071-ae21-1a88dc3a758f', '5db28047-3063-4f53-bc55-fee9e6bd96eb'),
    ('Курпаты', '15633eb9-72f5-4780-b088-b0730a9cd418', '5db28047-3063-4f53-bc55-fee9e6bd96eb'),
    ('Ленино', 'c982e4d4-a792-4b9f-90d5-ec177460132e', '5db28047-3063-4f53-bc55-fee9e6bd96eb'),
    ('Ливадия', '3b0fd9ed-6092-40cb-90aa-2fc3313b36d7', '5db28047-3063-4f53-bc55-fee9e6bd96eb'),
    ('Массандра', 'ed8dbcbd-858e-41b3-aab0-e664a14e9abf', '5db28047-3063-4f53-bc55-fee9e6bd96eb'),
    ('Мирный', '6f83a4ff-9efe-4707-aa4d-2743e5232311', '5db28047-3063-4f53-bc55-fee9e6bd96eb'),
    ('Молодёжное', 'a24e159e-530d-4552-a5ae-373d437a3e77', '5db28047-3063-4f53-bc55-fee9e6bd96eb'),
    ('Научный', 'cbeafd69-5d4b-4a80-ad3e-dfa537a0f0a7', '5db28047-3063-4f53-bc55-fee9e6bd96eb'),
    ('Нижнегорский', '396805b9-91b9-4fe6-a520-eb6832dbce95', '5db28047-3063-4f53-bc55-fee9e6bd96eb'),
    ('Никита', '3e602e82-7a89-4f64-ba4f-4255b1f4e347', '5db28047-3063-4f53-bc55-fee9e6bd96eb'),
    ('Николаевка', 'e37a82c2-3e88-425c-9975-a1ae5dce1b5e', '5db28047-3063-4f53-bc55-fee9e6bd96eb'),
    ('Новоозёрное', '9ad69ecf-2224-4062-9cde-524e9873c389', '5db28047-3063-4f53-bc55-fee9e6bd96eb'),
    ('Новосёловское', 'b7f08418-6088-408c-a868-397dcb324a6e', '5db28047-3063-4f53-bc55-fee9e6bd96eb'),
    ('Новофёдоровка', 'e905d677-8fbf-4aee-89b8-5975f3d6787f', '5db28047-3063-4f53-bc55-fee9e6bd96eb'),
    ('Новый Свет', '4c8a8b40-1eed-43d0-8fdf-9d50d73f9dc4', '5db28047-3063-4f53-bc55-fee9e6bd96eb'),
    ('Октябрьское', '4f3ae830-fd90-49e2-8f1e-342067ded735', '5db28047-3063-4f53-bc55-fee9e6bd96eb'),
    ('Орджоникидзе', '9cc98a8c-2b26-4a7c-b488-8eb4c3474139', '5db28047-3063-4f53-bc55-fee9e6bd96eb'),
    ('Ореанда', '4f5e4266-bc8c-425a-b0f2-9670871f56c3', '5db28047-3063-4f53-bc55-fee9e6bd96eb'),
    ('Отрадное', '65e7faa8-4d28-43cd-8db0-1a8e8f12864c', '5db28047-3063-4f53-bc55-fee9e6bd96eb'),
    ('Парковое', '82ca0f30-7a0b-40a9-81f8-58d8cd9c928f', '5db28047-3063-4f53-bc55-fee9e6bd96eb'),
    ('Партенит', '0c8b0263-c1f3-4138-a8ff-6eed27f75174', '5db28047-3063-4f53-bc55-fee9e6bd96eb'),
    ('Первомайское', '40044cb9-04d0-4ba2-bff9-53a96eab062c', '5db28047-3063-4f53-bc55-fee9e6bd96eb'),
    ('Понизовка', 'b95f3d18-4418-48d7-9584-8a320e4b1ec1', '5db28047-3063-4f53-bc55-fee9e6bd96eb'),
    ('Почтовое', 'f7a3ceb4-2975-4901-ad5b-e0c1c5ee8d5f', '5db28047-3063-4f53-bc55-fee9e6bd96eb'),
    ('Приморский', '4dfdbbed-bd31-43e1-b89e-0f7d6f06bc9e', '5db28047-3063-4f53-bc55-fee9e6bd96eb'),
    ('Раздольное', '8166ec02-1c4f-4adb-b314-70d24f5817ec', '5db28047-3063-4f53-bc55-fee9e6bd96eb'),
    ('Санаторное', '16f762b0-681d-4d6c-8130-c4f5f8b9ba6d', '5db28047-3063-4f53-bc55-fee9e6bd96eb'),
    ('Симеиз', '37d486e9-c063-440e-80e3-70502971465c', '5db28047-3063-4f53-bc55-fee9e6bd96eb'),
    ('Советский', 'da215380-0416-461a-b0f4-e8d4baf44ebf', '5db28047-3063-4f53-bc55-fee9e6bd96eb'),
    ('Советское', '12c001e1-d081-426d-9a3c-8a6c7a0d6e73', '5db28047-3063-4f53-bc55-fee9e6bd96eb'),
    ('Форос', 'd488b823-803a-4c9c-bde5-09d616bb1d87', '5db28047-3063-4f53-bc55-fee9e6bd96eb'),
    ('Черноморское', '174a2718-9635-4a18-89b3-36e31eba0613', '5db28047-3063-4f53-bc55-fee9e6bd96eb'),
    ('Щебетовка', '787195a9-4f40-4398-98b9-abc6c2198186', '5db28047-3063-4f53-bc55-fee9e6bd96eb');

INSERT INTO country (id, "name")
VALUES ('e7156acf-b118-4a23-92e4-8b2579ed798a', 'Россия');

-- Республики

INSERT INTO region (id, "name", country_id)
VALUES ('0fd8d975-3046-4bce-87bf-09644a1c32d4', 'Республика Адыгея', 'e7156acf-b118-4a23-92e4-8b2579ed798a');

INSERT INTO populated_locality ("name", id, region_id)
VALUES ('Адыгейск (городской округ)', 'a90f7e04-8fe4-4581-b80c-f4a5596d33d3', '0fd8d975-3046-4bce-87bf-09644a1c32d4'),
    ('Майкоп (городской округ)', '0d8f0413-0660-48df-a704-faf782445cc9', '0fd8d975-3046-4bce-87bf-09644a1c32d4');
INSERT INTO populated_locality ("name", id, region_id)
VALUES ('Тлюстенхабль', '1563fcf9-97f8-445d-a511-e8c0652f857e', '0fd8d975-3046-4bce-87bf-09644a1c32d4'),
    ('Энем', '43969537-d3e8-46fe-8f9e-42a2aaa51bde', '0fd8d975-3046-4bce-87bf-09644a1c32d4'),
    ('Яблоновский', '40bd0836-8b04-4903-992d-a3878b863043', '0fd8d975-3046-4bce-87bf-09644a1c32d4');

INSERT INTO region (id, "name", country_id)
VALUES ('63e535eb-67b7-4571-92cd-d6549ff393cc', 'Республика Алтай', 'e7156acf-b118-4a23-92e4-8b2579ed798a');

INSERT INTO populated_locality ("name", id, region_id)
VALUES ('Горно-Алтайск', '32f952f6-8db8-40f2-b43b-7ca8a79d2865', '63e535eb-67b7-4571-92cd-d6549ff393cc');

INSERT INTO region (id, "name", country_id)
VALUES ('108a5cf9-795b-4732-a6d7-246f0ee8e2fc', 'Республика Башкортостан', 'e7156acf-b118-4a23-92e4-8b2579ed798a');

INSERT INTO populated_locality ("name", id, region_id)
VALUES ('Агидель', 'b9f330fe-09ca-4af3-8fd3-932f61978612', '108a5cf9-795b-4732-a6d7-246f0ee8e2fc'),
    ('Баймак', 'e89c2ce6-468f-466e-9e3c-a8ae1c46b4e8', '108a5cf9-795b-4732-a6d7-246f0ee8e2fc'),
    ('Белебей', '4b1dcc09-7302-4f55-85c7-3b5e6fe9b0f5', '108a5cf9-795b-4732-a6d7-246f0ee8e2fc'),
    ('Белорецк', '3bc1aa73-0246-4166-9d83-16805fa543ae', '108a5cf9-795b-4732-a6d7-246f0ee8e2fc'),
    ('Бирск', '075bba54-cd50-49f3-b788-9b0c0e21c8ee', '108a5cf9-795b-4732-a6d7-246f0ee8e2fc'),
    ('Благовещенск', '6ac94f3d-b389-49ce-aba9-8f593af20d1c', '108a5cf9-795b-4732-a6d7-246f0ee8e2fc'),
    ('Давлеканово', '1ab03ae3-908d-4ee0-b4aa-088ef2d9a927', '108a5cf9-795b-4732-a6d7-246f0ee8e2fc'),
    ('Дюртюли', 'e3532312-36c8-4993-a49f-8d8d07665f76', '108a5cf9-795b-4732-a6d7-246f0ee8e2fc'),
    ('Ишимбай', '944f13ce-0a56-4b80-a149-354a5286084b', '108a5cf9-795b-4732-a6d7-246f0ee8e2fc'),
    ('Кумертау', '8a4bd91b-ffd2-4313-b62a-d78ea80aa031', '108a5cf9-795b-4732-a6d7-246f0ee8e2fc'),
    ('Межгорье', 'd552a94c-ba75-4a01-9333-13c0faaf3125', '108a5cf9-795b-4732-a6d7-246f0ee8e2fc'),
    ('Мелеуз', '761fc124-120f-4efe-a220-5b0352bda2dd', '108a5cf9-795b-4732-a6d7-246f0ee8e2fc'),
    ('Нефтекамск', 'ca6fb335-3628-4533-8ad4-1beb24539ae4', '108a5cf9-795b-4732-a6d7-246f0ee8e2fc'),
    ('Октябрьский', 'd20e7108-e8ce-4991-b665-65e127f473e1', '108a5cf9-795b-4732-a6d7-246f0ee8e2fc'),
    ('Салават', '89fc8371-89d4-4e4f-b65b-a9791fecb577', '108a5cf9-795b-4732-a6d7-246f0ee8e2fc'),
    ('Сибай', '4e86e066-26e1-4a35-9338-d3abb2e187df', '108a5cf9-795b-4732-a6d7-246f0ee8e2fc'),
    ('Стерлитамак', '602fb647-d066-4f3f-9ab2-115c0405671c', '108a5cf9-795b-4732-a6d7-246f0ee8e2fc'),
    ('Туймазы', 'a95ad1ac-1258-4f67-83ad-244db8a98f5a', '108a5cf9-795b-4732-a6d7-246f0ee8e2fc'),
    ('Учалы', '2738a219-a197-4599-92e3-4e491414f9d2', '108a5cf9-795b-4732-a6d7-246f0ee8e2fc'),
    ('Уфа', '63e659ff-3875-4acc-aae4-46e4ee655d95', '108a5cf9-795b-4732-a6d7-246f0ee8e2fc'),
    ('Янаул', '56649556-13b8-408c-81a6-721c139f6427', '108a5cf9-795b-4732-a6d7-246f0ee8e2fc');

INSERT INTO region (id, "name", country_id)
VALUES ('b437d24e-d317-4237-abc3-8ac138cc9867', 'Республика Бурятия', 'e7156acf-b118-4a23-92e4-8b2579ed798a');

INSERT INTO populated_locality ("name", id, region_id)
VALUES ('Бабушкин', '487406f2-4d98-467d-8c7f-ee18f1fbfa2e', 'b437d24e-d317-4237-abc3-8ac138cc9867'),
    ('Гусиноозёрск', '2d15bf2e-38f2-40e6-abe2-c8c1d1294910', 'b437d24e-d317-4237-abc3-8ac138cc9867'),
    ('Закаменск', 'f852fa59-8d63-47da-a543-2d0a44cf5bfc', 'b437d24e-d317-4237-abc3-8ac138cc9867'),
    ('Кяхта', '92e122d4-bcdc-49bf-aa2b-969625110db2', 'b437d24e-d317-4237-abc3-8ac138cc9867'),
    ('Северобайкальск', '29bdd6b2-5d52-480d-859d-f9e61c708efd', 'b437d24e-d317-4237-abc3-8ac138cc9867'),
    ('Улан-Удэ', '544dd509-9d70-40a7-80ce-64d2a571fb65', 'b437d24e-d317-4237-abc3-8ac138cc9867');
INSERT INTO populated_locality ("name", id, region_id)
VALUES ('Заиграево', '234c54d8-0fdc-420d-9ca1-da95ba4af73a', 'b437d24e-d317-4237-abc3-8ac138cc9867'),
    ('Каменск', '307174ec-5db5-474d-bc74-92ff810cfef6', 'b437d24e-d317-4237-abc3-8ac138cc9867'),
    ('Кичера', '060902de-4c83-4dbe-a001-0570aa35eeaf', 'b437d24e-d317-4237-abc3-8ac138cc9867'),
    ('Наушки', '694c3fbc-b90e-42cc-8c26-5cf71406f1ae', 'b437d24e-d317-4237-abc3-8ac138cc9867'),
    ('Нижнеангарск', '28a4b76d-5b5d-4d95-9c89-a8b61def915d', 'b437d24e-d317-4237-abc3-8ac138cc9867'),
    ('Новый Уоян', 'a18c20d3-08e0-4fe5-ae78-8e80ca034e22', 'b437d24e-d317-4237-abc3-8ac138cc9867'),
    ('Онохой', 'b3b73360-17e2-4fd5-bf73-3e252a14f148', 'b437d24e-d317-4237-abc3-8ac138cc9867'),
    ('Северомуйск', 'be5671e0-226a-4fa1-a68d-786f5f08041f', 'b437d24e-d317-4237-abc3-8ac138cc9867'),
    ('Селенгинск', 'dc659908-09ee-43e4-b457-dcec2746a18f', 'b437d24e-d317-4237-abc3-8ac138cc9867'),
    ('Таксимо', '11c3d52d-4df3-4d2e-b1fa-4b741e0834bb', 'b437d24e-d317-4237-abc3-8ac138cc9867'),
    ('Усть-Баргузин', 'cedb971f-8822-4da3-ba6c-dc6d3a1f1f9c', 'b437d24e-d317-4237-abc3-8ac138cc9867'),
    ('Янчукан', 'd3c3b288-96dc-4224-a8d6-27eb613e4b35', 'b437d24e-d317-4237-abc3-8ac138cc9867');

INSERT INTO region (id, "name", country_id)
VALUES ('e1f8c7e3-d63c-4784-81f5-d92d13f4ab1a', 'Республика Дагестан', 'e7156acf-b118-4a23-92e4-8b2579ed798a');

INSERT INTO populated_locality ("name", id, region_id)
VALUES ('Буйнакск', '68c43a78-4a7d-4261-9597-af8b0f90ef4d', 'e1f8c7e3-d63c-4784-81f5-d92d13f4ab1a'),
    ('Дагестанские Огни', '9c5ab519-f905-4a89-a1a6-d1ebe8e84a0c', 'e1f8c7e3-d63c-4784-81f5-d92d13f4ab1a'),
    ('Дербент', '98df760c-0b9d-430c-bbf1-7b2e3eab7c97', 'e1f8c7e3-d63c-4784-81f5-d92d13f4ab1a'),
    ('Избербаш', '522b36d6-f792-4f4a-b1bb-5d685123d1e7', 'e1f8c7e3-d63c-4784-81f5-d92d13f4ab1a'),
    ('Каспийск', '66a11ed0-f34e-4f59-be13-a3d3c86fa91c', 'e1f8c7e3-d63c-4784-81f5-d92d13f4ab1a'),
    ('Кизилюрт', 'e4be3777-c693-4928-939b-495c68786198', 'e1f8c7e3-d63c-4784-81f5-d92d13f4ab1a'),
    ('Кизляр', 'f9f91026-c83e-438c-882f-ae5764b00ac4', 'e1f8c7e3-d63c-4784-81f5-d92d13f4ab1a'),
    ('Махачкала', '54a7dcbb-ba2c-4c6d-9a8c-71f0088ee3da', 'e1f8c7e3-d63c-4784-81f5-d92d13f4ab1a'),
    ('Хасавюрт', '67e4de61-10ef-427b-a89f-f05bbb98db0d', 'e1f8c7e3-d63c-4784-81f5-d92d13f4ab1a'),
    ('Южно-Сухокумск', 'de50520b-a899-466b-afc6-83b154b3c73f', 'e1f8c7e3-d63c-4784-81f5-d92d13f4ab1a');
INSERT INTO populated_locality ("name", id, region_id)
VALUES ('Альбурикент', '4ed4e3b7-b80d-4cb2-b463-e8b341b961d2', 'e1f8c7e3-d63c-4784-81f5-d92d13f4ab1a'),
    ('Ачи-Су', '4e831662-c95a-4efb-a293-c23b2fd89032', 'e1f8c7e3-d63c-4784-81f5-d92d13f4ab1a'),
    ('Бавтугай', '2436d628-abd2-4c62-98ac-f0380477b625', 'e1f8c7e3-d63c-4784-81f5-d92d13f4ab1a'),
    ('Белиджи', '3f7817d5-28c1-43b7-8ffe-2ded7f85b0ae', 'e1f8c7e3-d63c-4784-81f5-d92d13f4ab1a'),
    ('Дубки', 'bdf4ff38-029e-45ba-8316-62cdbfc533e0', 'e1f8c7e3-d63c-4784-81f5-d92d13f4ab1a'),
    ('Комсомольский', '1337953d-d1e4-4260-88cd-d119f07f96a2', 'e1f8c7e3-d63c-4784-81f5-d92d13f4ab1a'),
    ('Кяхулай', '0b600cec-5a61-4ff8-b1ad-6aa42da6f3c1', 'e1f8c7e3-d63c-4784-81f5-d92d13f4ab1a'),
    ('Ленинкент', '506c7eb6-9338-47a0-aca3-bd205d68b459', 'e1f8c7e3-d63c-4784-81f5-d92d13f4ab1a'),
    ('Мамедкала', 'b9b81a99-224f-432a-90ee-61832d1994aa', 'e1f8c7e3-d63c-4784-81f5-d92d13f4ab1a'),
    ('Манас', '236d76e2-16e2-40e2-8ef2-8d6af9a906df', 'e1f8c7e3-d63c-4784-81f5-d92d13f4ab1a'),
    ('Новый Кяхулай', 'dc6f688c-61bf-4cee-9403-250b1bbe0644', 'e1f8c7e3-d63c-4784-81f5-d92d13f4ab1a'),
    ('Новый Сулак', '2b122581-8d5e-42af-b96d-bd80f6fb1b12', 'e1f8c7e3-d63c-4784-81f5-d92d13f4ab1a'),
    ('Семендер', '7a10f71d-44c9-40ae-ad86-abd964c8c237', 'e1f8c7e3-d63c-4784-81f5-d92d13f4ab1a'),
    ('Сулак', '634b4fda-d0f4-4427-8e40-6ce9420d348a', 'e1f8c7e3-d63c-4784-81f5-d92d13f4ab1a'),
    ('Тарки', '5df6e548-b44d-4d35-adf5-3cd81977a864', 'e1f8c7e3-d63c-4784-81f5-d92d13f4ab1a'),
    ('Тюбе', '8abee756-367a-4e4c-8996-59f2b14eb752', 'e1f8c7e3-d63c-4784-81f5-d92d13f4ab1a'),
    ('Шамилькала', 'ddc92db2-7aab-4186-944d-7990ca07e92e', 'e1f8c7e3-d63c-4784-81f5-d92d13f4ab1a'),
    ('Шамхал', 'c53d3ee8-dba1-4430-8794-ccdf30c34330', 'e1f8c7e3-d63c-4784-81f5-d92d13f4ab1a');

INSERT INTO region (id, "name", country_id)
VALUES ('b5ebc6a7-2dc9-4608-b3e5-b5c209285f16', 'Республика Ингушетия', 'e7156acf-b118-4a23-92e4-8b2579ed798a');

INSERT INTO populated_locality ("name", id, region_id)
VALUES ('Карабулак', '13264d6f-adb9-4e5c-93e5-32f92a99b292', 'b5ebc6a7-2dc9-4608-b3e5-b5c209285f16'),
    ('Магас', '74f72e64-c280-4bfe-a735-d55cf14c1943', 'b5ebc6a7-2dc9-4608-b3e5-b5c209285f16'),
    ('Малгобек', '012ab7af-b3a0-4535-a5a9-4f00bef0abc3', 'b5ebc6a7-2dc9-4608-b3e5-b5c209285f16'),
    ('Назрань', '6d244356-2ef6-4b44-82a7-79842ef96e82', 'b5ebc6a7-2dc9-4608-b3e5-b5c209285f16'),
    ('Сунжа', 'e5bb544d-1401-442c-8e4b-5acfdaf436e0', 'b5ebc6a7-2dc9-4608-b3e5-b5c209285f16');

INSERT INTO region (id, "name", country_id)
VALUES ('ad7694a2-d3d1-4530-8153-db7eb40d59b3', 'Кабардино-Балкарская Республика', 'e7156acf-b118-4a23-92e4-8b2579ed798a');

INSERT INTO populated_locality ("name", id, region_id)
VALUES ('Баксан', '9245cdf6-85ce-4fe7-9da7-9c74249200e8', 'ad7694a2-d3d1-4530-8153-db7eb40d59b3'),
    ('Майский', '1544ed49-dfa0-48fb-9839-c3206043337e', 'ad7694a2-d3d1-4530-8153-db7eb40d59b3'),
    ('Нальчик', '048a943c-adc6-4276-8931-56208f40e1a2', 'ad7694a2-d3d1-4530-8153-db7eb40d59b3'),
    ('Нарткала', '76faa204-f9b8-4514-9074-5b8896c7501e', 'ad7694a2-d3d1-4530-8153-db7eb40d59b3'),
    ('Прохладный', '7f9f565b-588e-48b8-ad2a-8266fb0e23da', 'ad7694a2-d3d1-4530-8153-db7eb40d59b3'),
    ('Терек', 'e35f30f1-b532-4535-ac5a-6f2bfa4d3972', 'ad7694a2-d3d1-4530-8153-db7eb40d59b3'),
    ('Тырныауз', 'ab21b396-efe2-4500-b8b1-296c533641f3', 'ad7694a2-d3d1-4530-8153-db7eb40d59b3'),
    ('Чегем', '49871b6e-8774-4859-8aa2-cd6828819f2e', 'ad7694a2-d3d1-4530-8153-db7eb40d59b3');

INSERT INTO region (id, "name", country_id)
VALUES ('dd42cb2e-6edf-46b0-adda-95cbf517e2e8', 'Республика Калмыкия', 'e7156acf-b118-4a23-92e4-8b2579ed798a');

INSERT INTO populated_locality ("name", id, region_id)
VALUES ('Городовиковск', 'f327485b-f0e9-4422-90d5-3a13d542dc02', 'dd42cb2e-6edf-46b0-adda-95cbf517e2e8'),
    ('Лагань', '3fe811b8-7556-4997-9ff7-04d232906d49', 'dd42cb2e-6edf-46b0-adda-95cbf517e2e8'),
    ('Элиста', '6f9c610a-82d0-4c59-a62e-5237aac46fa4', 'dd42cb2e-6edf-46b0-adda-95cbf517e2e8');

INSERT INTO region (id, "name", country_id)
VALUES ('82774cde-c0fc-4f45-ab25-e88ef6423b7f', 'Карачаево-Черкесская Республика', 'e7156acf-b118-4a23-92e4-8b2579ed798a');

INSERT INTO populated_locality ("name", id, region_id)
VALUES ('Карачаевск', 'e387e76b-921e-4155-9615-d125fc88e958', '82774cde-c0fc-4f45-ab25-e88ef6423b7f'),
    ('Теберда', 'b816ebb5-8347-4f26-984d-661a0d946cd2', '82774cde-c0fc-4f45-ab25-e88ef6423b7f'),
    ('Усть-Джегута', '59bd2d49-279a-4255-b84e-87cb219ccc7f', '82774cde-c0fc-4f45-ab25-e88ef6423b7f'),
    ('Черкесск', '1f3588fd-8dfa-49e3-a8ac-16165feb8f11', '82774cde-c0fc-4f45-ab25-e88ef6423b7f');
INSERT INTO populated_locality ("name", id, region_id)
VALUES ('Домбай', '71ceb4fb-44ad-40f5-9900-ce14409ef286', '82774cde-c0fc-4f45-ab25-e88ef6423b7f'),
    ('Медногорский', 'f242b9a7-e6a8-4a75-81f9-5bd6196c6e0b', '82774cde-c0fc-4f45-ab25-e88ef6423b7f'),
    ('Новый Карачай', '5b23a864-3d96-40b0-9e71-1525e6ee0757', '82774cde-c0fc-4f45-ab25-e88ef6423b7f'),
    ('Орджоникидзевский', '0fd2e48e-1025-4c4e-8e65-0e1bd14b3711', '82774cde-c0fc-4f45-ab25-e88ef6423b7f'),
    ('Правокубанский', 'f61b63ec-a424-466b-91b8-29d0a164f8ee', '82774cde-c0fc-4f45-ab25-e88ef6423b7f'),
    ('Ударный', '1ebaa9a7-736f-40a1-a66b-adfdf8b1ff5c', '82774cde-c0fc-4f45-ab25-e88ef6423b7f'),
    ('Эльбрусский', '085c5e10-fba8-4f3d-991f-fca1b0727f7a', '82774cde-c0fc-4f45-ab25-e88ef6423b7f');

INSERT INTO region (id, "name", country_id)
VALUES ('dbb20d65-160b-430c-95a6-b769dcdcc256', 'Республика Карелия', 'e7156acf-b118-4a23-92e4-8b2579ed798a');

INSERT INTO populated_locality ("name", id, region_id)
VALUES ('Беломорск', 'fa71807e-ac33-49a1-8132-10227c16ddfd', 'dbb20d65-160b-430c-95a6-b769dcdcc256'),
    ('Кемь', '500f60e6-1850-4f9f-af23-600fdb425e88', 'dbb20d65-160b-430c-95a6-b769dcdcc256'),
    ('Кондопога', '0ab67833-2289-4bca-932b-1592bd1dbc3a', 'dbb20d65-160b-430c-95a6-b769dcdcc256'),
    ('Костомукша', '040c29ca-efa3-46a6-ba50-e36b1ce95206', 'dbb20d65-160b-430c-95a6-b769dcdcc256'),
    ('Лахденпохья', '99ef9914-76e8-4b58-9f99-f2c4d9d7cd73', 'dbb20d65-160b-430c-95a6-b769dcdcc256'),
    ('Медвежьегорск', 'ce435932-dc7a-40fa-93b3-763d362b145d', 'dbb20d65-160b-430c-95a6-b769dcdcc256'),
    ('Олонец', '3d52c9e3-1850-440b-918a-caf9b6867979', 'dbb20d65-160b-430c-95a6-b769dcdcc256'),
    ('Петрозаводск', '0dc21214-86bd-4e44-a123-16a21782995e', 'dbb20d65-160b-430c-95a6-b769dcdcc256'),
    ('Питкяранта', '7c9aea1b-2cb0-452e-9ad8-87b7b6efc67f', 'dbb20d65-160b-430c-95a6-b769dcdcc256'),
    ('Пудож', 'b286f23a-d577-4a80-ae52-00c764fd2345', 'dbb20d65-160b-430c-95a6-b769dcdcc256'),
    ('Сегежа', '85e5f4f2-25e6-4222-99c4-ccd476d55ce7', 'dbb20d65-160b-430c-95a6-b769dcdcc256'),
    ('Сортавала', 'a7e7447f-a689-4d64-9564-6af5dcb6f3a7', 'dbb20d65-160b-430c-95a6-b769dcdcc256'),
    ('Суоярви', 'cdf079cc-b762-4b36-84cf-9c63fcab435c', 'dbb20d65-160b-430c-95a6-b769dcdcc256');
INSERT INTO populated_locality ("name", id, region_id)
VALUES ('Вяртсиля', 'a405d61a-c5c8-4d2c-8b66-c9526fe7975f', 'dbb20d65-160b-430c-95a6-b769dcdcc256'),
    ('Калевала', '6b1063d5-35fa-4c07-834a-ad81e072b10b', 'dbb20d65-160b-430c-95a6-b769dcdcc256'),
    ('Лоухи', '71d7172b-d278-4f49-afb2-619b2dbb3d51', 'dbb20d65-160b-430c-95a6-b769dcdcc256'),
    ('Муезерский', '1e90a589-9bbf-4ad3-9b4a-f94ff08be5db', 'dbb20d65-160b-430c-95a6-b769dcdcc256'),
    ('Надвоицы', 'f417e435-8e02-4932-809b-ac8fce569a8c', 'dbb20d65-160b-430c-95a6-b769dcdcc256'),
    ('Пиндуши', '575bf8dd-0fa5-42b5-8402-fb15bf2e8236', 'dbb20d65-160b-430c-95a6-b769dcdcc256'),
    ('Повенец', '2af06db3-f72f-48ad-a7c6-54f4a4625c08', 'dbb20d65-160b-430c-95a6-b769dcdcc256'),
    ('Пряжа', '7d5d7942-b6be-4c97-8e9f-3a8a2699d54e', 'dbb20d65-160b-430c-95a6-b769dcdcc256'),
    ('Пяозерский', 'ca3fdc29-703b-43a0-bca6-73f98da5180e', 'dbb20d65-160b-430c-95a6-b769dcdcc256'),
    ('Хелюля', '426dfb3e-80bf-47c9-9244-e2217f6b0160', 'dbb20d65-160b-430c-95a6-b769dcdcc256'),
    ('Чупа', '0c989ac6-73ab-4d46-85e8-4e368d601b31', 'dbb20d65-160b-430c-95a6-b769dcdcc256');

INSERT INTO region (id, "name", country_id)
VALUES ('4c58078a-08e5-4bea-bf72-cd441ead17f7', 'Республика Коми', 'e7156acf-b118-4a23-92e4-8b2579ed798a');

INSERT INTO populated_locality ("name", id, region_id)
VALUES ('Воркута', 'c37f6b08-35e0-44dd-95a1-93120116200f', '4c58078a-08e5-4bea-bf72-cd441ead17f7'),
    ('Вуктыл', '21e24474-02ed-4193-aa84-312434d2cd39', '4c58078a-08e5-4bea-bf72-cd441ead17f7'),
    ('Емва', '8f421190-7496-47ec-adc1-5d1970ad69a1', '4c58078a-08e5-4bea-bf72-cd441ead17f7'),
    ('Инта', '3b129e6f-09e1-4961-9714-b442539061e1', '4c58078a-08e5-4bea-bf72-cd441ead17f7'),
    ('Микунь', 'fa630419-7759-4216-8c20-2e34dff0baeb', '4c58078a-08e5-4bea-bf72-cd441ead17f7'),
    ('Печора', 'ec92fdf4-d971-4ddb-92ca-6d1c2a7e282a', '4c58078a-08e5-4bea-bf72-cd441ead17f7'),
    ('Сосногорск', '53feb527-efbe-4004-81dd-d7ef2784b131', '4c58078a-08e5-4bea-bf72-cd441ead17f7'),
    ('Сыктывкар', '136171a7-105e-471c-b741-83bca0b0a302', '4c58078a-08e5-4bea-bf72-cd441ead17f7'),
    ('Усинск', '67478666-56d4-42f3-a8d1-af5e3960daa4', '4c58078a-08e5-4bea-bf72-cd441ead17f7'),
    ('Ухта', '33ceb1d2-ac60-49ec-ae8b-a19de64497ab', '4c58078a-08e5-4bea-bf72-cd441ead17f7');
INSERT INTO populated_locality ("name", id, region_id)
VALUES ('Благоево', '76def102-e692-4080-8fa9-47c3ea983a6e', '4c58078a-08e5-4bea-bf72-cd441ead17f7'),
    ('Боровой', '080533e1-275a-4b88-8c68-d917d0801e64', '4c58078a-08e5-4bea-bf72-cd441ead17f7'),
    ('Верхняя Инта', '198b3bf4-5561-4cd6-b142-be9d57ab6bd4', '4c58078a-08e5-4bea-bf72-cd441ead17f7'),
    ('Верхняя Максаковка', '89e415fe-3a19-4ae0-b148-7a474418d36a', '4c58078a-08e5-4bea-bf72-cd441ead17f7'),
    ('Водный', '78a34646-1ce1-4d8f-9bb1-407cdbd6e97b', '4c58078a-08e5-4bea-bf72-cd441ead17f7'),
    ('Войвож', 'fc2963c7-d717-4cc6-929e-19c9788bbe5c', '4c58078a-08e5-4bea-bf72-cd441ead17f7'),
    ('Воргашор', '0a9a3f7d-3774-487d-89d7-ebf8c4c58275', '4c58078a-08e5-4bea-bf72-cd441ead17f7'),
    ('Елецкий', '9dcb6d55-f91a-43db-9daa-1ee015550190', '4c58078a-08e5-4bea-bf72-cd441ead17f7'),
    ('Жешарт', '7f5df9d8-c906-4291-910e-d3166073ef71', '4c58078a-08e5-4bea-bf72-cd441ead17f7'),
    ('Заполярный', '77273409-d699-41d5-91cf-1c5206208997', '4c58078a-08e5-4bea-bf72-cd441ead17f7'),
    ('Изъяю', '94ec9b11-6707-47f0-9217-c25f81b6663f', '4c58078a-08e5-4bea-bf72-cd441ead17f7'),
    ('Кожва', '49819b51-019c-477b-8de6-94296b58aef4', '4c58078a-08e5-4bea-bf72-cd441ead17f7'),
    ('Кожым', 'ca5cdebe-1286-4e15-b60f-a78ab2e4f253', '4c58078a-08e5-4bea-bf72-cd441ead17f7'),
    ('Комсомольский', 'a70e24e4-9c26-47fe-b3de-a0abf18c60d4', '4c58078a-08e5-4bea-bf72-cd441ead17f7'),
    ('Краснозатонский', '8e762eee-cc9c-4a0b-b358-82b7ce3f29e1', '4c58078a-08e5-4bea-bf72-cd441ead17f7'),
    ('Междуреченск', 'dcc11248-c7d8-4f44-bd8c-caaaa4e6d273', '4c58078a-08e5-4bea-bf72-cd441ead17f7'),
    ('Мульда', 'eaa55631-b64f-44fd-be75-b9b484c7d14c', '4c58078a-08e5-4bea-bf72-cd441ead17f7'),
    ('Нижний Одес', 'f47fed62-8f5e-4cdc-8102-93998c362b95', '4c58078a-08e5-4bea-bf72-cd441ead17f7'),
    ('Октябрьский', '59547607-acd3-4d19-b88f-92cc5d7021bd', '4c58078a-08e5-4bea-bf72-cd441ead17f7'),
    ('Парма', 'f4768b46-0978-45a5-a9f7-47e23659d875', '4c58078a-08e5-4bea-bf72-cd441ead17f7'),
    ('Промышленный', 'c94ed43f-17b3-44f0-a975-1469578283b4', '4c58078a-08e5-4bea-bf72-cd441ead17f7'),
    ('Путеец', '74a05106-5db6-4fdc-aac1-e4ef07d81c55', '4c58078a-08e5-4bea-bf72-cd441ead17f7'),
    ('Седкыркещ', '7d5cae4e-94cf-4d62-8e55-f1f488a1f2a5', '4c58078a-08e5-4bea-bf72-cd441ead17f7'),
    ('Синдор', '3701cacd-e13e-4c0e-99ea-9cc069090c7f', '4c58078a-08e5-4bea-bf72-cd441ead17f7'),
    ('Троицко-Печорск', 'cf1c2bee-4a4e-4e05-a6ad-20bcd13bfc5f', '4c58078a-08e5-4bea-bf72-cd441ead17f7'),
    ('Усогорск', '68b9c1f0-1e49-4541-9c77-19eacab6b58e', '4c58078a-08e5-4bea-bf72-cd441ead17f7'),
    ('Шудаяг', '4b374bb9-5e51-4e5f-a82d-dc9281a60187', '4c58078a-08e5-4bea-bf72-cd441ead17f7'),
    ('Ярега', '3f48863f-6351-48e8-8d21-25ca67ec78a0', '4c58078a-08e5-4bea-bf72-cd441ead17f7');

INSERT INTO region (id, "name", country_id)
VALUES ('619bdc7b-a88f-4a82-933a-fc89fd6949cd', 'Республика Крым', 'e7156acf-b118-4a23-92e4-8b2579ed798a');

INSERT INTO populated_locality_region (region_id, populated_locality_id)
VALUES ('619bdc7b-a88f-4a82-933a-fc89fd6949cd', 'f72b2cf2-cc5b-4ce8-a0e8-57fe35ec4d1e'),
    ('619bdc7b-a88f-4a82-933a-fc89fd6949cd', 'e27ad993-ed7a-451a-abd2-501fc48eea9c'),
    ('619bdc7b-a88f-4a82-933a-fc89fd6949cd', 'b579da2c-622e-4beb-b6c6-fe3919609d1c'),
    ('619bdc7b-a88f-4a82-933a-fc89fd6949cd', '745eb28b-f77d-4c2c-8971-95904b41e231'),
    ('619bdc7b-a88f-4a82-933a-fc89fd6949cd', '7632eee6-1369-4399-8066-a61eafe390e0'),
    ('619bdc7b-a88f-4a82-933a-fc89fd6949cd', '1fd1ae00-1d39-47e1-9c06-14d77a954336'),
    ('619bdc7b-a88f-4a82-933a-fc89fd6949cd', 'bb9a2bef-457b-4c75-8ee8-df3f320291ed'),
    ('619bdc7b-a88f-4a82-933a-fc89fd6949cd', '4e6d9c53-a904-48c9-91b4-68e74dcba001'),
    ('619bdc7b-a88f-4a82-933a-fc89fd6949cd', 'd5db4b3b-8510-4cd1-9179-756be1aeccc1'),
    ('619bdc7b-a88f-4a82-933a-fc89fd6949cd', 'de05356e-bdb0-40ee-be92-bcb8edfe2063'),
    ('619bdc7b-a88f-4a82-933a-fc89fd6949cd', 'a06edab0-5bc0-44ef-ac79-8ee68291027b'),
    ('619bdc7b-a88f-4a82-933a-fc89fd6949cd', '6afebe5f-18e4-4f1a-9332-81abddb66fa4'),
    ('619bdc7b-a88f-4a82-933a-fc89fd6949cd', 'd5f2c531-c8a6-428d-9c6a-06c9a5491859'),
    ('619bdc7b-a88f-4a82-933a-fc89fd6949cd', '9ac8c17b-c1ed-41c6-aeb3-c4b4609dc324'),
    ('619bdc7b-a88f-4a82-933a-fc89fd6949cd', 'f2bb48bf-11b0-4030-86a1-ef34bd7a105e'),
    ('619bdc7b-a88f-4a82-933a-fc89fd6949cd', 'fc9a5542-038e-4180-9998-4c3203244462'),
    ('619bdc7b-a88f-4a82-933a-fc89fd6949cd', '88cdf2ee-7e26-450a-a252-0eb5b0ec3977');
INSERT INTO populated_locality_region (region_id, populated_locality_id)
VALUES ('619bdc7b-a88f-4a82-933a-fc89fd6949cd', '787c26ae-6415-47e9-9825-9fe409fd7366'),
    ('619bdc7b-a88f-4a82-933a-fc89fd6949cd', '5ea56d88-530f-4bce-9da9-259f759846db'),
    ('619bdc7b-a88f-4a82-933a-fc89fd6949cd', '88be6c6a-89e9-407c-b1b0-cd096ed05b05'),
    ('619bdc7b-a88f-4a82-933a-fc89fd6949cd', '3cd4dd00-8b5e-428c-9763-536445f44ab1'),
    ('619bdc7b-a88f-4a82-933a-fc89fd6949cd', '952f1934-c270-4914-8764-e8b5644f3a63'),
    ('619bdc7b-a88f-4a82-933a-fc89fd6949cd', '3badb72e-7172-45c5-9cae-7eb70f2059bb'),
    ('619bdc7b-a88f-4a82-933a-fc89fd6949cd', 'bb449e01-c8f6-45dc-8d52-9ca1a033eb56'),
    ('619bdc7b-a88f-4a82-933a-fc89fd6949cd', 'cca9804a-6e63-4c3b-9892-de27dcd820b3'),
    ('619bdc7b-a88f-4a82-933a-fc89fd6949cd', 'e1359c9e-368e-4517-a8d1-b28f30ef1cad'),
    ('619bdc7b-a88f-4a82-933a-fc89fd6949cd', '5ab7ea84-86c1-42e8-9439-72ab8c685206'),
    ('619bdc7b-a88f-4a82-933a-fc89fd6949cd', '9adb1840-787d-4a0c-ac28-9d3933ea2420'),
    ('619bdc7b-a88f-4a82-933a-fc89fd6949cd', '0b1d095d-ce49-471a-a936-bc45bc22e15f'),
    ('619bdc7b-a88f-4a82-933a-fc89fd6949cd', '82022539-8fce-4d78-8296-bbc207484160'),
    ('619bdc7b-a88f-4a82-933a-fc89fd6949cd', '121ff14a-73a8-4bba-a6c9-d4f536457566'),
    ('619bdc7b-a88f-4a82-933a-fc89fd6949cd', '28517302-f751-4445-94d3-f2480dd0c336'),
    ('619bdc7b-a88f-4a82-933a-fc89fd6949cd', '20fd5c52-a36f-4520-be49-044501b34fa9'),
    ('619bdc7b-a88f-4a82-933a-fc89fd6949cd', 'd9507816-9377-4d5a-990d-399f610c3c9f'),
    ('619bdc7b-a88f-4a82-933a-fc89fd6949cd', '00acc8a0-0e8f-4cc7-853e-496213af44a9'),
    ('619bdc7b-a88f-4a82-933a-fc89fd6949cd', 'cebc3868-7a98-423d-a112-eaf2dd3af68d'),
    ('619bdc7b-a88f-4a82-933a-fc89fd6949cd', '6ab80a68-e3bc-4c85-9baa-17ab3616b65c'),
    ('619bdc7b-a88f-4a82-933a-fc89fd6949cd', '7e52281f-9287-4769-be3b-98b51188ad9d'),
    ('619bdc7b-a88f-4a82-933a-fc89fd6949cd', '32f297e5-99e6-43a2-a790-7485c43a66a9'),
    ('619bdc7b-a88f-4a82-933a-fc89fd6949cd', 'a04c82f5-4fa2-4055-9002-40bfbb4dc1fd'),
    ('619bdc7b-a88f-4a82-933a-fc89fd6949cd', '971ae943-dd12-4071-ae21-1a88dc3a758f'),
    ('619bdc7b-a88f-4a82-933a-fc89fd6949cd', '15633eb9-72f5-4780-b088-b0730a9cd418'),
    ('619bdc7b-a88f-4a82-933a-fc89fd6949cd', 'c982e4d4-a792-4b9f-90d5-ec177460132e'),
    ('619bdc7b-a88f-4a82-933a-fc89fd6949cd', '3b0fd9ed-6092-40cb-90aa-2fc3313b36d7'),
    ('619bdc7b-a88f-4a82-933a-fc89fd6949cd', 'ed8dbcbd-858e-41b3-aab0-e664a14e9abf'),
    ('619bdc7b-a88f-4a82-933a-fc89fd6949cd', '6f83a4ff-9efe-4707-aa4d-2743e5232311'),
    ('619bdc7b-a88f-4a82-933a-fc89fd6949cd', 'a24e159e-530d-4552-a5ae-373d437a3e77'),
    ('619bdc7b-a88f-4a82-933a-fc89fd6949cd', 'cbeafd69-5d4b-4a80-ad3e-dfa537a0f0a7'),
    ('619bdc7b-a88f-4a82-933a-fc89fd6949cd', '396805b9-91b9-4fe6-a520-eb6832dbce95'),
    ('619bdc7b-a88f-4a82-933a-fc89fd6949cd', '3e602e82-7a89-4f64-ba4f-4255b1f4e347'),
    ('619bdc7b-a88f-4a82-933a-fc89fd6949cd', 'e37a82c2-3e88-425c-9975-a1ae5dce1b5e'),
    ('619bdc7b-a88f-4a82-933a-fc89fd6949cd', '9ad69ecf-2224-4062-9cde-524e9873c389'),
    ('619bdc7b-a88f-4a82-933a-fc89fd6949cd', 'b7f08418-6088-408c-a868-397dcb324a6e'),
    ('619bdc7b-a88f-4a82-933a-fc89fd6949cd', 'e905d677-8fbf-4aee-89b8-5975f3d6787f'),
    ('619bdc7b-a88f-4a82-933a-fc89fd6949cd', '4c8a8b40-1eed-43d0-8fdf-9d50d73f9dc4'),
    ('619bdc7b-a88f-4a82-933a-fc89fd6949cd', '4f3ae830-fd90-49e2-8f1e-342067ded735'),
    ('619bdc7b-a88f-4a82-933a-fc89fd6949cd', '9cc98a8c-2b26-4a7c-b488-8eb4c3474139'),
    ('619bdc7b-a88f-4a82-933a-fc89fd6949cd', '4f5e4266-bc8c-425a-b0f2-9670871f56c3'),
    ('619bdc7b-a88f-4a82-933a-fc89fd6949cd', '65e7faa8-4d28-43cd-8db0-1a8e8f12864c'),
    ('619bdc7b-a88f-4a82-933a-fc89fd6949cd', '82ca0f30-7a0b-40a9-81f8-58d8cd9c928f'),
    ('619bdc7b-a88f-4a82-933a-fc89fd6949cd', '0c8b0263-c1f3-4138-a8ff-6eed27f75174'),
    ('619bdc7b-a88f-4a82-933a-fc89fd6949cd', '40044cb9-04d0-4ba2-bff9-53a96eab062c'),
    ('619bdc7b-a88f-4a82-933a-fc89fd6949cd', 'b95f3d18-4418-48d7-9584-8a320e4b1ec1'),
    ('619bdc7b-a88f-4a82-933a-fc89fd6949cd', 'f7a3ceb4-2975-4901-ad5b-e0c1c5ee8d5f'),
    ('619bdc7b-a88f-4a82-933a-fc89fd6949cd', '4dfdbbed-bd31-43e1-b89e-0f7d6f06bc9e'),
    ('619bdc7b-a88f-4a82-933a-fc89fd6949cd', '8166ec02-1c4f-4adb-b314-70d24f5817ec'),
    ('619bdc7b-a88f-4a82-933a-fc89fd6949cd', '16f762b0-681d-4d6c-8130-c4f5f8b9ba6d'),
    ('619bdc7b-a88f-4a82-933a-fc89fd6949cd', '37d486e9-c063-440e-80e3-70502971465c'),
    ('619bdc7b-a88f-4a82-933a-fc89fd6949cd', 'da215380-0416-461a-b0f4-e8d4baf44ebf'),
    ('619bdc7b-a88f-4a82-933a-fc89fd6949cd', '12c001e1-d081-426d-9a3c-8a6c7a0d6e73'),
    ('619bdc7b-a88f-4a82-933a-fc89fd6949cd', 'd488b823-803a-4c9c-bde5-09d616bb1d87'),
    ('619bdc7b-a88f-4a82-933a-fc89fd6949cd', '174a2718-9635-4a18-89b3-36e31eba0613'),
    ('619bdc7b-a88f-4a82-933a-fc89fd6949cd', '787195a9-4f40-4398-98b9-abc6c2198186');

INSERT INTO region (id, "name", country_id)
VALUES ('e18bf907-5cdb-4691-a73f-d02b27b0d937', 'Республика Марий Эл', 'e7156acf-b118-4a23-92e4-8b2579ed798a');

INSERT INTO populated_locality ("name", id, region_id)
VALUES ('Волжск', 'a2ca9931-af61-4347-bcf8-b75cc4565755', 'e18bf907-5cdb-4691-a73f-d02b27b0d937'),
    ('Звенигово', '5035bd1e-8861-4b71-8547-53a0eb9e6012', 'e18bf907-5cdb-4691-a73f-d02b27b0d937'),
    ('Йошкар-Ола', 'd819411a-3b8d-4075-9029-1278981de1b1', 'e18bf907-5cdb-4691-a73f-d02b27b0d937'),
    ('Козьмодемьянск', 'd8fc083e-85b8-49b3-b47a-ad67c7cc54bb', 'e18bf907-5cdb-4691-a73f-d02b27b0d937');
INSERT INTO populated_locality ("name", id, region_id)
VALUES ('Килемары', '26972554-128a-4ec9-8392-df65a385bc39', 'e18bf907-5cdb-4691-a73f-d02b27b0d937'),
    ('Красногорский', '3ca26099-777e-496f-ba88-9ac8b08a02ec', 'e18bf907-5cdb-4691-a73f-d02b27b0d937'),
    ('Краснооктябрьский', '5c445fe7-c1fb-4f38-b7cb-d1242f90306c', 'e18bf907-5cdb-4691-a73f-d02b27b0d937'),
    ('Куженер', '8d5ee0f8-cf5a-4e1f-80ae-5dddd5560078', 'e18bf907-5cdb-4691-a73f-d02b27b0d937'),
    ('Мари-Турек', 'a2e36e3b-d2a6-452e-b771-e5d7fb9dc44b', 'e18bf907-5cdb-4691-a73f-d02b27b0d937'),
    ('Медведево', '8042bf7e-9f4f-4a04-ade3-7e5502dae7e8', 'e18bf907-5cdb-4691-a73f-d02b27b0d937'),
    ('Морки', '3b448c30-b5ac-4446-9309-b3ba6806e53c', 'e18bf907-5cdb-4691-a73f-d02b27b0d937'),
    ('Новый Торъял', 'b66b734c-def0-498c-bdb5-61669f87e233', 'e18bf907-5cdb-4691-a73f-d02b27b0d937'),
    ('Оршанка', '2f9c91e8-94fd-4906-b2bc-90c6dad30fff', 'e18bf907-5cdb-4691-a73f-d02b27b0d937'),
    ('Параньга', '6f2e21ee-b3d3-4b5a-8831-8bdd5f458b6b', 'e18bf907-5cdb-4691-a73f-d02b27b0d937'),
    ('Приволжский', '7498c788-fc24-4c64-892b-4562d6179a94', 'e18bf907-5cdb-4691-a73f-d02b27b0d937'),
    ('Сернур', '0ace1bb3-cbb9-4faa-8082-974cc51f372e', 'e18bf907-5cdb-4691-a73f-d02b27b0d937'),
    ('Советский', 'e68b9ca5-4712-4d65-a6bb-a59cb8ccc3af', 'e18bf907-5cdb-4691-a73f-d02b27b0d937'),
    ('Суслонгер', '6e38705a-5b77-4c8a-83b4-a1d3a2cd4dab', 'e18bf907-5cdb-4691-a73f-d02b27b0d937'),
    ('Юрино', '45a1f7ad-f6e1-4745-b905-ee2d27431d99', 'e18bf907-5cdb-4691-a73f-d02b27b0d937');

INSERT INTO region (id, "name", country_id)
VALUES ('65774664-5f24-4c8b-91a0-18131fcbfc2b', 'Республика Мордовия', 'e7156acf-b118-4a23-92e4-8b2579ed798a');

INSERT INTO populated_locality ("name", id, region_id)
VALUES ('Ардатов', '0528e342-1aac-4c57-a025-37a419e5ff02', '65774664-5f24-4c8b-91a0-18131fcbfc2b'),
    ('Инсар', '983bf21e-7b3c-4d56-8307-dac384555634', '65774664-5f24-4c8b-91a0-18131fcbfc2b'),
    ('Ковылкино', '6711acca-e78a-402a-a60d-29e71d703ab3', '65774664-5f24-4c8b-91a0-18131fcbfc2b'),
    ('Краснослободск', 'cb1d7f04-1368-4520-9c16-c59144fe6da6', '65774664-5f24-4c8b-91a0-18131fcbfc2b'),
    ('Рузаевка', '84f4ca68-18b3-4c77-a349-a1906d36a75c', '65774664-5f24-4c8b-91a0-18131fcbfc2b'),
    ('Саранск', 'e892e786-9623-4505-8924-06bb87e1b8bc', '65774664-5f24-4c8b-91a0-18131fcbfc2b'),
    ('Темников', '986ca770-ad6b-4b5a-91d3-86f4306c8784', '65774664-5f24-4c8b-91a0-18131fcbfc2b');
INSERT INTO populated_locality ("name", id, region_id)
VALUES ('Атяшево', 'a7bdb0bf-037b-49ac-b963-c91d0dc2091e', '65774664-5f24-4c8b-91a0-18131fcbfc2b'),
    ('Зубова Поляна', '19f7dc4f-bca9-4da4-8012-6527eebcb1dc', '65774664-5f24-4c8b-91a0-18131fcbfc2b'),
    ('Кадошкино', 'a5a7b282-3abb-4428-bdae-31b994f2ce80', '65774664-5f24-4c8b-91a0-18131fcbfc2b'),
    ('Комсомольский', '435805b7-0e2c-439a-b369-60371437d313', '65774664-5f24-4c8b-91a0-18131fcbfc2b'),
    ('Луховка', '0744c308-27b9-4586-836e-f0c9de720093', '65774664-5f24-4c8b-91a0-18131fcbfc2b'),
    ('Николаевка', '850e9bef-9947-4b1d-bcae-7f0a20b817a7', '65774664-5f24-4c8b-91a0-18131fcbfc2b'),
    ('Потьма', 'c9020444-79bf-4afa-8fcb-37a6490674a6', '65774664-5f24-4c8b-91a0-18131fcbfc2b'),
    ('Торбеево', 'b2f170fc-be3e-44b3-ac07-0683bcb56c5a', '65774664-5f24-4c8b-91a0-18131fcbfc2b'),
    ('Тургенево', 'ab7f2c53-9165-4215-bbcc-8846ac13dea4', '65774664-5f24-4c8b-91a0-18131fcbfc2b'),
    ('Умёт', '9341a40f-1c9c-43de-8f6f-906fa747881c', '65774664-5f24-4c8b-91a0-18131fcbfc2b'),
    ('Чамзинка', 'fa8bc48f-86bb-4d19-8d82-9fbec59477ed', '65774664-5f24-4c8b-91a0-18131fcbfc2b'),
    ('Явас', '5d80632c-de5f-454e-a8b7-b1ec3e1eceb7', '65774664-5f24-4c8b-91a0-18131fcbfc2b'),
    ('Ялга', '1f332e1e-1f93-41d6-9395-3ecddf9a7565', '65774664-5f24-4c8b-91a0-18131fcbfc2b');

INSERT INTO region (id, "name", country_id)
VALUES ('b5714cc8-7de9-42ac-bc56-2fff7a9a290c', 'Республика Саха (Якутия)', 'e7156acf-b118-4a23-92e4-8b2579ed798a');

INSERT INTO populated_locality ("name", id, region_id)
VALUES ('Алдан', '2c40d557-1174-4057-9d28-d12480e7d4ba', 'b5714cc8-7de9-42ac-bc56-2fff7a9a290c'),
    ('Верхоянск', 'addead12-bcfa-49d9-8288-c9729c0b9cfd', 'b5714cc8-7de9-42ac-bc56-2fff7a9a290c'),
    ('Вилюйск', 'dbd23c14-bf4d-4b07-969a-439ae22d0083', 'b5714cc8-7de9-42ac-bc56-2fff7a9a290c'),
    ('Ленск', '1e516924-9735-4729-9f77-95ff393dc2fc', 'b5714cc8-7de9-42ac-bc56-2fff7a9a290c'),
    ('Мирный', 'a30b0216-c007-48a5-bc79-8110edf9a780', 'b5714cc8-7de9-42ac-bc56-2fff7a9a290c'),
    ('Нерюнгри', '9447473c-8cf7-4d84-8179-8822685a68d4', 'b5714cc8-7de9-42ac-bc56-2fff7a9a290c'),
    ('Нюрба', '32caf5a4-1ad8-48ca-9bd3-e43248b35c52', 'b5714cc8-7de9-42ac-bc56-2fff7a9a290c'),
    ('Олёкминск', '2d45f0c4-cb29-4d28-9362-3513a0dd2e50', 'b5714cc8-7de9-42ac-bc56-2fff7a9a290c'),
    ('Покровск', '93f3f6c5-8f67-42a3-b083-92b7941d8891', 'b5714cc8-7de9-42ac-bc56-2fff7a9a290c'),
    ('Среднеколымск', '52950ea8-acdc-4392-ae70-832f8800c318', 'b5714cc8-7de9-42ac-bc56-2fff7a9a290c'),
    ('Томмот', '0c8f0af1-4c74-40ab-8574-93fcd6a22b52', 'b5714cc8-7de9-42ac-bc56-2fff7a9a290c'),
    ('Удачный', 'f453df99-dfec-4be9-a124-1d5f06c7caa7', 'b5714cc8-7de9-42ac-bc56-2fff7a9a290c'),
    ('Якутск', '2d94ab29-141f-4186-a0ca-5b9ff454d0c8', 'b5714cc8-7de9-42ac-bc56-2fff7a9a290c');
INSERT INTO populated_locality ("name", id, region_id)
VALUES ('Айхал', '6e2272de-aff3-46e1-bc61-32cbd6fea882', 'b5714cc8-7de9-42ac-bc56-2fff7a9a290c'),
    ('Аллах-Юнь', '4f18f4ff-8545-4030-9662-8506b9dfb2fb', 'b5714cc8-7de9-42ac-bc56-2fff7a9a290c'),
    ('Алмазный', 'e2324e80-662c-4876-a02d-c144eedb863b', 'b5714cc8-7de9-42ac-bc56-2fff7a9a290c'),
    ('Артык', 'bdeb5425-f286-4f39-9b89-823a4cfba0c6', 'b5714cc8-7de9-42ac-bc56-2fff7a9a290c'),
    ('Батагай', '1282a56e-fd2d-46cc-b8bc-0c483a78275c', 'b5714cc8-7de9-42ac-bc56-2fff7a9a290c'),
    ('Белая Гора', '17186afb-a421-4cd9-8f3f-efe254430a3b', 'b5714cc8-7de9-42ac-bc56-2fff7a9a290c'),
    ('Беркакит', '4ecccccc-0441-467b-b854-0259421a98b8', 'b5714cc8-7de9-42ac-bc56-2fff7a9a290c'),
    ('Витим', 'e6b8ad9a-440f-4204-92f9-a992ed52306f', 'b5714cc8-7de9-42ac-bc56-2fff7a9a290c'),
    ('Депутатский', '0304bb7c-092f-4528-9b39-2c9320a09931', 'b5714cc8-7de9-42ac-bc56-2fff7a9a290c'),
    ('Джебарики-Хая', '5543baa2-2d7c-4c23-a067-bdd948fd3a2c', 'b5714cc8-7de9-42ac-bc56-2fff7a9a290c'),
    ('Жатай', 'b7416ad0-7850-47e6-b83b-37c61cf6d8ca', 'b5714cc8-7de9-42ac-bc56-2fff7a9a290c'),
    ('Звёздочка', '58e79533-d012-44a2-b1c8-407425179630', 'b5714cc8-7de9-42ac-bc56-2fff7a9a290c'),
    ('Золотинка', '36ad5ce5-5cf5-43e6-820b-6464183f7378', 'b5714cc8-7de9-42ac-bc56-2fff7a9a290c'),
    ('Зырянка', 'df93953c-c8ac-4b15-bdb2-48d410fe4306', 'b5714cc8-7de9-42ac-bc56-2fff7a9a290c'),
    ('Кысыл-Сыр', 'd75bf02e-7823-41a5-b17b-086474ddd708', 'b5714cc8-7de9-42ac-bc56-2fff7a9a290c'),
    ('Лебединый', '2dfdbfd3-e4bb-40c0-9f63-2d32ec613b9d', 'b5714cc8-7de9-42ac-bc56-2fff7a9a290c'),
    ('Ленинский', 'c1cf4c16-ad73-46e9-8b08-9196f33ba471', 'b5714cc8-7de9-42ac-bc56-2fff7a9a290c'),
    ('Мохсоголлох', '73037fcc-8ab3-473e-b640-82bca203540d', 'b5714cc8-7de9-42ac-bc56-2fff7a9a290c'),
    ('Нижнеянск', '9008234f-58f8-489b-a715-73a1f30d946c', 'b5714cc8-7de9-42ac-bc56-2fff7a9a290c'),
    ('Нижний Бестях', 'd3f705b9-89a6-416f-b81e-9e1716370a05', 'b5714cc8-7de9-42ac-bc56-2fff7a9a290c'),
    ('Нижний Куранах', 'a3c62b82-6115-4321-a820-1585bde86774', 'b5714cc8-7de9-42ac-bc56-2fff7a9a290c'),
    ('Пеледуй', '5af45ff0-82e5-485a-bbf2-13ba81563521', 'b5714cc8-7de9-42ac-bc56-2fff7a9a290c'),
    ('Сангар', '35e8b394-801a-4593-b8f3-4da8e3113522', 'b5714cc8-7de9-42ac-bc56-2fff7a9a290c'),
    ('Светлый', '0a4ea084-3428-49ab-8cae-7cd7e984f104', 'b5714cc8-7de9-42ac-bc56-2fff7a9a290c'),
    ('Серебряный Бор', '06840f33-d626-4591-885a-e09027271a3b', 'b5714cc8-7de9-42ac-bc56-2fff7a9a290c'),
    ('Солнечный', '4acd0df5-66f6-41f9-9fb2-8cfdb2b382af', 'b5714cc8-7de9-42ac-bc56-2fff7a9a290c'),
    ('Тикси', 'eb0ab6a3-f28a-4807-81fc-c91ac66c7302', 'b5714cc8-7de9-42ac-bc56-2fff7a9a290c'),
    ('Усть-Куйга', 'c6595168-484e-484e-ae79-5c61b2b6909b', 'b5714cc8-7de9-42ac-bc56-2fff7a9a290c'),
    ('Усть-Мая', '1a831d7e-d938-44f6-91fe-e414fe23cfc9', 'b5714cc8-7de9-42ac-bc56-2fff7a9a290c'),
    ('Усть-Нера', '17fa80f1-8d34-4a7d-9dec-69dc07c73fad', 'b5714cc8-7de9-42ac-bc56-2fff7a9a290c'),
    ('Хандыга', '88ea2130-d37e-42e8-bbfb-a5def73d9d87', 'b5714cc8-7de9-42ac-bc56-2fff7a9a290c'),
    ('Хани', '57aae426-5267-4d99-97a7-28f17dffe81c', 'b5714cc8-7de9-42ac-bc56-2fff7a9a290c'),
    ('Чернышевский', 'eb77c915-e05a-49bc-9878-9d1b4cd06546', 'b5714cc8-7de9-42ac-bc56-2fff7a9a290c'),
    ('Черский', '076ac3f4-0964-4981-9bb2-a0c4d36ba054', 'b5714cc8-7de9-42ac-bc56-2fff7a9a290c'),
    ('Чокурдах', '2255ff85-5907-4dbc-a23b-91fd15644afb', 'b5714cc8-7de9-42ac-bc56-2fff7a9a290c'),
    ('Чульман', 'c58b198d-e4f5-4387-b826-259b4d866595', 'b5714cc8-7de9-42ac-bc56-2fff7a9a290c'),
    ('Эльдикан', '39b084d0-2808-47ab-bfb0-069546fd1b36', 'b5714cc8-7de9-42ac-bc56-2fff7a9a290c'),
    ('Эсэ-Хайя', '29735afd-9ec1-4f21-8c93-7bc3c8904d50', 'b5714cc8-7de9-42ac-bc56-2fff7a9a290c'),
    ('Югорёнок', '2db88779-cfe3-47ab-9557-3d657e8f3273', 'b5714cc8-7de9-42ac-bc56-2fff7a9a290c');

INSERT INTO region (id, "name", country_id)
VALUES ('043c2fb6-67e4-4ea3-a40c-d8c036218985', 'Республика Северная Осетия', 'e7156acf-b118-4a23-92e4-8b2579ed798a');

INSERT INTO populated_locality ("name", id, region_id)
VALUES ('Алагир', 'd4fbc0a9-9e0e-453f-941e-06e4d2d9ea51', '043c2fb6-67e4-4ea3-a40c-d8c036218985'),
    ('Ардон', 'c2a6d925-7c45-428b-bb19-389155cf9223', '043c2fb6-67e4-4ea3-a40c-d8c036218985'),
    ('Беслан', '618da73d-9489-4758-8eec-18f2c5db19f6', '043c2fb6-67e4-4ea3-a40c-d8c036218985'),
    ('Владикавказ', '6f27403e-4d29-4cbe-940c-a6a726686d93', '043c2fb6-67e4-4ea3-a40c-d8c036218985'),
    ('Дигора', '2fe86f4f-200c-4985-b3b2-5d2f06bac07f', '043c2fb6-67e4-4ea3-a40c-d8c036218985'),
    ('Заводской', 'e1f468fe-2521-4a4d-9460-1a96cc1f16b5', '043c2fb6-67e4-4ea3-a40c-d8c036218985'),
    ('Моздок', 'ebd9535a-1860-4733-90e5-5d262b5c8c36', '043c2fb6-67e4-4ea3-a40c-d8c036218985');

INSERT INTO region (id, "name", country_id)
VALUES ('6376ffd3-b3f3-407d-827b-92ada3c7cfb5', 'Республика Татарстан', 'e7156acf-b118-4a23-92e4-8b2579ed798a');

INSERT INTO populated_locality ("name", id, region_id)
VALUES ('Агрыз', '76d1e5e4-5fe7-40ac-93b5-c47a914089ee', '6376ffd3-b3f3-407d-827b-92ada3c7cfb5'),
    ('Азнакаево', 'f0e2de14-a175-4b12-b68b-b09ffd8b5de3', '6376ffd3-b3f3-407d-827b-92ada3c7cfb5'),
    ('Альметьевск', 'def80a58-59fe-40ad-82b5-8f0d094942f9', '6376ffd3-b3f3-407d-827b-92ada3c7cfb5'),
    ('Арск', 'cdcb71ba-c79b-40fa-a686-b1506cba4cb6', '6376ffd3-b3f3-407d-827b-92ada3c7cfb5'),
    ('Бавлы', '1f6fdd21-19b0-4783-8099-1904d0b8e24f', '6376ffd3-b3f3-407d-827b-92ada3c7cfb5'),
    ('Болгар', '933c780f-0c04-4e9e-89cf-435d8a8e763f', '6376ffd3-b3f3-407d-827b-92ada3c7cfb5'),
    ('Бугульма', '86a0e269-79c4-45ef-be1c-704fd5ca5d95', '6376ffd3-b3f3-407d-827b-92ada3c7cfb5'),
    ('Буинск', '646f6733-33a3-44b1-863a-401a5fa663b3', '6376ffd3-b3f3-407d-827b-92ada3c7cfb5'),
    ('Елабуга', 'f314bf03-4995-4fef-ae3a-8d6416ff4d6d', '6376ffd3-b3f3-407d-827b-92ada3c7cfb5'),
    ('Заинск', '4693d759-4c97-43aa-bc5d-e59b4314aba7', '6376ffd3-b3f3-407d-827b-92ada3c7cfb5'),
    ('Зеленодольск', 'c9c9c578-def2-458a-9d58-6811f18f0e30', '6376ffd3-b3f3-407d-827b-92ada3c7cfb5'),
    ('Иннополис', 'a339686d-e55e-4daa-9afe-340de63f38b8', '6376ffd3-b3f3-407d-827b-92ada3c7cfb5'),
    ('Казань ', 'c06175b1-720c-4acb-9ce8-d51e24890e11', '6376ffd3-b3f3-407d-827b-92ada3c7cfb5'),
    ('Кукмор', 'bff57fb7-784a-4964-8d65-69afb7d9e8fc', '6376ffd3-b3f3-407d-827b-92ada3c7cfb5'),
    ('Лаишево', '15f01db8-5ce1-43b0-a1b1-8843c5140d06', '6376ffd3-b3f3-407d-827b-92ada3c7cfb5'),
    ('Лениногорск', '3bbb467b-3a90-4727-89e1-b2d1b4f7f24b', '6376ffd3-b3f3-407d-827b-92ada3c7cfb5'),
    ('Мамадыш', '954da285-e370-4c51-b36c-68f0c59fc823', '6376ffd3-b3f3-407d-827b-92ada3c7cfb5'),
    ('Менделеевск', 'cfaadab9-a29e-4708-8821-2e71bb98a34f', '6376ffd3-b3f3-407d-827b-92ada3c7cfb5'),
    ('Мензелинск', '88a31b37-16af-4d46-ab00-9690591925f7', '6376ffd3-b3f3-407d-827b-92ada3c7cfb5'),
    ('Набережные Челны ', '62446533-4dd3-433c-b02f-20db409ba6cb', '6376ffd3-b3f3-407d-827b-92ada3c7cfb5'),
    ('Нижнекамск', '98bac6c3-77e8-4576-ad54-976f19427757', '6376ffd3-b3f3-407d-827b-92ada3c7cfb5'),
    ('Нурлат', 'ac60dda8-43e0-4061-8664-dd0e794df3ba', '6376ffd3-b3f3-407d-827b-92ada3c7cfb5'),
    ('Тетюши', 'b9576208-0be5-448b-80c4-923eab741ba0', '6376ffd3-b3f3-407d-827b-92ada3c7cfb5'),
    ('Чистополь ', '949d25fd-7e1f-4fe1-8e64-8fe2969f76bd', '6376ffd3-b3f3-407d-827b-92ada3c7cfb5');
INSERT INTO populated_locality ("name", id, region_id)
VALUES ('Аксубаево', 'c7389cf5-a957-4cc8-8030-aa8bf8970ce0', '6376ffd3-b3f3-407d-827b-92ada3c7cfb5'),
    ('Актюбинский', 'aad86daf-e3cf-461f-b600-8508de1c1fb0', '6376ffd3-b3f3-407d-827b-92ada3c7cfb5'),
    ('Алексеевское', 'f8e263ce-4cca-47e8-8d14-3f27f7644bfd', '6376ffd3-b3f3-407d-827b-92ada3c7cfb5'),
    ('Апастово', '99406644-c999-4c52-be0c-70c8f59f34ba', '6376ffd3-b3f3-407d-827b-92ada3c7cfb5'),
    ('Балтаси', '6b3509e2-08d5-43ec-8711-8c93db437e34', '6376ffd3-b3f3-407d-827b-92ada3c7cfb5'),
    ('Богатые Сабы', '8838b139-1d75-41d8-aa2f-0cbc7a06081b', '6376ffd3-b3f3-407d-827b-92ada3c7cfb5'),
    ('Васильево', 'f5c964e4-1865-420a-8185-b9f438c1f935', '6376ffd3-b3f3-407d-827b-92ada3c7cfb5'),
    ('Джалиль', '70028ea3-013d-4e84-b39d-f089311963e4', '6376ffd3-b3f3-407d-827b-92ada3c7cfb5'),
    ('Камские Поляны', 'd89ca4e3-d50d-4af3-ba9c-2fd05e86b79c', '6376ffd3-b3f3-407d-827b-92ada3c7cfb5'),
    ('Камское Устье', 'e8e79d02-4c14-4ab3-9634-4a249c384f23', '6376ffd3-b3f3-407d-827b-92ada3c7cfb5'),
    ('Карабаш', '180fcbe3-b9d8-4b0a-abc8-0ca41b90281b', '6376ffd3-b3f3-407d-827b-92ada3c7cfb5'),
    ('Куйбышевский Затон', '388c92ac-7fbd-4449-806e-96cb801b12fa', '6376ffd3-b3f3-407d-827b-92ada3c7cfb5'),
    ('Нижние Вязовые', '5eb3f9c6-eaae-4236-a50d-b25fa332d218', '6376ffd3-b3f3-407d-827b-92ada3c7cfb5'),
    ('Нижняя Мактама', '913907c3-8de5-4bcc-9c35-16695ba9a862', '6376ffd3-b3f3-407d-827b-92ada3c7cfb5'),
    ('Рыбная Слобода', '0c14ef15-bce6-4c9e-bf9b-34940a6092d4', '6376ffd3-b3f3-407d-827b-92ada3c7cfb5'),
    ('Тенишево', '8280aebf-0363-4d6c-89d0-bbb63b8caeb8', '6376ffd3-b3f3-407d-827b-92ada3c7cfb5'),
    ('Уруссу', '0ec0d93a-2bc4-4257-ad0e-8973a9134d17', '6376ffd3-b3f3-407d-827b-92ada3c7cfb5');

INSERT INTO region (id, "name", country_id)
VALUES ('031b12a2-9126-468d-80cf-f40bb110d289', 'Республика Тыва', 'e7156acf-b118-4a23-92e4-8b2579ed798a');

INSERT INTO populated_locality ("name", id, region_id)
VALUES ('Ак-Довурак', 'e1d46faf-0caf-453f-9a27-9fd0f0d30c48', '031b12a2-9126-468d-80cf-f40bb110d289'),
    ('Кызыл', 'f8af8bda-e397-477b-a636-b77f226ead68', '031b12a2-9126-468d-80cf-f40bb110d289'),
    ('Туран', '00ccbd4f-61ea-49ee-a420-aed70241895a', '031b12a2-9126-468d-80cf-f40bb110d289'),
    ('Чадан', '33e2e6d1-2be4-44b9-ae61-5572bb0d96be', '031b12a2-9126-468d-80cf-f40bb110d289'),
    ('Шагонар', 'd1ad4ac7-0630-4e9f-81be-f9858eb8beb3', '031b12a2-9126-468d-80cf-f40bb110d289'),
    ('Каа-Хем', '3778770a-ebd1-4b84-93e0-72458ed5dfe6', '031b12a2-9126-468d-80cf-f40bb110d289');

INSERT INTO region (id, "name", country_id)
VALUES ('3d36bea4-953b-4c4c-9a1b-30ceab94b431', 'Удмуртская Республика', 'e7156acf-b118-4a23-92e4-8b2579ed798a');

INSERT INTO populated_locality ("name", id, region_id)
VALUES ('Воткинск', '08c23d74-2371-4382-abdb-b242d96564f7', '3d36bea4-953b-4c4c-9a1b-30ceab94b431'),
    ('Глазов', '8d5ec94e-aafb-4565-a9eb-2ca496b0fbfd', '3d36bea4-953b-4c4c-9a1b-30ceab94b431'),
    ('Ижевск', '1abab20a-a171-4437-bfaf-e0162b94c2c7', '3d36bea4-953b-4c4c-9a1b-30ceab94b431'),
    ('Камбарка', 'f36f3a8a-9252-4df7-bad0-099f17126dc9', '3d36bea4-953b-4c4c-9a1b-30ceab94b431'),
    ('Можга', 'dfe883a5-73df-4f08-8ff7-7803bd1c8628', '3d36bea4-953b-4c4c-9a1b-30ceab94b431'),
    ('Сарапул', 'e5b0e718-991e-4a46-b00e-36d9e527851d', '3d36bea4-953b-4c4c-9a1b-30ceab94b431');

INSERT INTO region (id, "name", country_id)
VALUES ('3aecf44c-d71e-4425-b592-d5eb41ee7008', 'Республика Хакасия', 'e7156acf-b118-4a23-92e4-8b2579ed798a');

INSERT INTO populated_locality ("name", id, region_id)
VALUES ('Абаза', '8f0f4d43-0ccc-470e-89dc-8feaf8381659', '3aecf44c-d71e-4425-b592-d5eb41ee7008'),
    ('Абакан', '8436bc6b-c540-45ce-bf0e-60669c560582', '3aecf44c-d71e-4425-b592-d5eb41ee7008'),
    ('Саяногорск', '96cb33b6-e17c-4d43-9817-fc0bdde70f62', '3aecf44c-d71e-4425-b592-d5eb41ee7008'),
    ('Сорск', 'b20e196f-828b-474f-82ad-e4cea7e569a9', '3aecf44c-d71e-4425-b592-d5eb41ee7008'),
    ('Черногорск', 'e5cbf7e9-e85c-4157-b134-e8b2cc603169', '3aecf44c-d71e-4425-b592-d5eb41ee7008');
INSERT INTO populated_locality ("name", id, region_id)
VALUES ('Аскиз', 'ecf122e6-2be2-4e55-9fbc-b56bdfd07acd', '3aecf44c-d71e-4425-b592-d5eb41ee7008'),
    ('Бискамжа', 'f5899def-5d26-417c-bcfd-8e30f2c46b16', '3aecf44c-d71e-4425-b592-d5eb41ee7008'),
    ('Вершина Тёи', 'faf778c1-ab57-4c1e-a821-b421245c7be2', '3aecf44c-d71e-4425-b592-d5eb41ee7008'),
    ('Майна', '77e5e8b0-857b-4f78-af2e-80922a73c5e1', '3aecf44c-d71e-4425-b592-d5eb41ee7008'),
    ('Пригорск', '80dd682f-c6fb-4095-a599-35f0297b54b0', '3aecf44c-d71e-4425-b592-d5eb41ee7008'),
    ('Усть-Абакан', 'd195df90-1759-44ff-ae2f-4231027151d8', '3aecf44c-d71e-4425-b592-d5eb41ee7008'),
    ('Черёмушки', 'd8e6d9c2-dfa6-4b52-9c44-7ba9434870eb', '3aecf44c-d71e-4425-b592-d5eb41ee7008');

INSERT INTO region (id, "name", country_id)
VALUES ('a6f43af3-09c7-497c-921e-50873e7bcf96', 'Чеченская Республика', 'e7156acf-b118-4a23-92e4-8b2579ed798a');

INSERT INTO populated_locality ("name", id, region_id)
VALUES ('Аргун', 'e7ef698c-6959-4278-848f-6cdc654a33ec', 'a6f43af3-09c7-497c-921e-50873e7bcf96'),
    ('Грозный', 'b8db7ea8-f0ae-4bdf-9449-169400060b9e', 'a6f43af3-09c7-497c-921e-50873e7bcf96'),
    ('Гудермес', 'fc999b33-7ab9-4974-b3bc-4c71a89ddb6b', 'a6f43af3-09c7-497c-921e-50873e7bcf96'),
    ('Курчалой', '6039d0cc-35d6-4627-8e99-ac099ac81ebc', 'a6f43af3-09c7-497c-921e-50873e7bcf96'),
    ('Урус-Мартан', '41274db1-8286-436e-b2f5-742936201fe3', 'a6f43af3-09c7-497c-921e-50873e7bcf96'),
    ('Шали', '27bc4ba2-d2a1-4ab4-bc6f-17d071df7e0b', 'a6f43af3-09c7-497c-921e-50873e7bcf96');

INSERT INTO region (id, "name", country_id)
VALUES ('673369ac-cf28-451b-b42c-5afa6a418ebe', 'Чувашская Республика', 'e7156acf-b118-4a23-92e4-8b2579ed798a');

INSERT INTO populated_locality ("name", id, region_id)
VALUES ('Алатырь', 'e9017638-286d-49ed-86f9-67e5bc3ffbd5', '673369ac-cf28-451b-b42c-5afa6a418ebe'),
    ('Канаш', 'be2680c9-8359-46de-885f-10cea52592d6', '673369ac-cf28-451b-b42c-5afa6a418ebe'),
    ('Козловка', 'faaa4142-170d-47b2-982e-87bd7197d2f6', '673369ac-cf28-451b-b42c-5afa6a418ebe'),
    ('Мариинский Посад', 'ae4a68e8-38b2-43ac-b3cc-fb5a13a13c62', '673369ac-cf28-451b-b42c-5afa6a418ebe'),
    ('Новочебоксарск', '20dd3645-c22c-4539-a09b-cef0e618a0c7', '673369ac-cf28-451b-b42c-5afa6a418ebe'),
    ('Цивильск', '5285a7a1-7cd6-4ef2-a7f6-89dc3a45cb9b', '673369ac-cf28-451b-b42c-5afa6a418ebe'),
    ('Чебоксары', '4028dcdc-9ec1-4ae4-8b92-65ba13e37603', '673369ac-cf28-451b-b42c-5afa6a418ebe'),
    ('Шумерля', 'e74ff935-9b90-4320-8b08-4fb015e10610', '673369ac-cf28-451b-b42c-5afa6a418ebe'),
    ('Ядрин', 'a46b125d-37c6-4b2b-98f0-6a0ef69cf33a', '673369ac-cf28-451b-b42c-5afa6a418ebe');

-- Края
INSERT INTO region (id, "name", country_id)
VALUES ('f9a575c3-b0b0-47a2-b011-5a143c338049', 'Алтайский край', 'e7156acf-b118-4a23-92e4-8b2579ed798a');

INSERT INTO populated_locality ("name", id, region_id)
VALUES ('Алейск', 'e1338c39-31d3-42ed-9e72-acecc04bb482', 'f9a575c3-b0b0-47a2-b011-5a143c338049'),
    ('Барнаул', '0c50b01a-dad8-404c-9400-9560ace4e924', 'f9a575c3-b0b0-47a2-b011-5a143c338049'),
    ('Белокуриха', '6de8302e-65d5-4900-872b-b8ab09458236', 'f9a575c3-b0b0-47a2-b011-5a143c338049'),
    ('Бийск', 'd6cafe67-ed2b-41d5-9b28-6b37d614f31b', 'f9a575c3-b0b0-47a2-b011-5a143c338049'),
    ('Горняк', 'f85f6ba5-634f-4133-8d24-151d14e96c3f', 'f9a575c3-b0b0-47a2-b011-5a143c338049'),
    ('Заринск', '3de5bcc1-c060-4db2-9a44-7b31f5135a08', 'f9a575c3-b0b0-47a2-b011-5a143c338049'),
    ('Змеиногорск', '4a481855-2953-4948-abb2-432336d05ed2', 'f9a575c3-b0b0-47a2-b011-5a143c338049'),
    ('Камень-на-Оби', '0cafcaf4-0483-4b18-94b4-ba3c30636beb', 'f9a575c3-b0b0-47a2-b011-5a143c338049'),
    ('Новоалтайск', '15e1871f-079a-42f9-bbbf-89d0fd472e9e', 'f9a575c3-b0b0-47a2-b011-5a143c338049'),
    ('Рубцовск', '866b7a99-2203-4dbd-b819-9cb6d36d1a84', 'f9a575c3-b0b0-47a2-b011-5a143c338049'),
    ('Славгород', '878450e4-65b9-4800-a718-c78f94c98be0', 'f9a575c3-b0b0-47a2-b011-5a143c338049'),
    ('Яровое', '685fed7a-454f-4e9b-9721-f8e6aa31264e', 'f9a575c3-b0b0-47a2-b011-5a143c338049');
INSERT INTO populated_locality ("name", id, region_id)
VALUES ('Благовещенка', '302e00e7-1289-4fe5-8f7b-745e05016f86', 'f9a575c3-b0b0-47a2-b011-5a143c338049'),
    ('Малиновое Озеро', '057c7de2-0665-468d-be61-564177d94b07', 'f9a575c3-b0b0-47a2-b011-5a143c338049'),
    ('Сибирский', '4194449b-19a4-41d1-80ab-ba39811dd723', 'f9a575c3-b0b0-47a2-b011-5a143c338049'),
    ('Степное Озеро', '0f699237-3cb1-429f-a9e3-1290656d4fdf', 'f9a575c3-b0b0-47a2-b011-5a143c338049'),
    ('Тальменка', '2b1b4544-e7f2-472a-91ce-c538708eeef3', 'f9a575c3-b0b0-47a2-b011-5a143c338049'),
    ('Южный', '65566bdc-1b42-48ac-90c7-c9855c959d86', 'f9a575c3-b0b0-47a2-b011-5a143c338049');

INSERT INTO region (id, "name", country_id)
VALUES ('edfa24ec-f129-4c3f-be80-84d1685e656b', 'Забайкальский край', 'e7156acf-b118-4a23-92e4-8b2579ed798a');

INSERT INTO populated_locality ("name", id, region_id)
VALUES ('Балей', '23852dc4-0c76-473f-850a-6b82487bcad5', 'edfa24ec-f129-4c3f-be80-84d1685e656b'),
    ('Борзя', 'b90b2ca0-3b96-4c18-ac95-6a18a42b83d3', 'edfa24ec-f129-4c3f-be80-84d1685e656b'),
    ('Краснокаменск', '4e6bd1e3-7526-482f-b3a5-a856f8700014', 'edfa24ec-f129-4c3f-be80-84d1685e656b'),
    ('Могоча', 'bb39a399-27e1-4ad9-a034-189776344e35', 'edfa24ec-f129-4c3f-be80-84d1685e656b'),
    ('Нерчинск', '36f46ac4-83fd-4b54-a47b-80d0c80f3f0c', 'edfa24ec-f129-4c3f-be80-84d1685e656b'),
    ('Петровск-Забайкальский', 'dd35c362-6cc8-4c6d-8f70-d9c49820cf59', 'edfa24ec-f129-4c3f-be80-84d1685e656b'),
    ('Сретенск', '0d8c88dd-159f-49b1-a2d9-18a63c85ea1e', 'edfa24ec-f129-4c3f-be80-84d1685e656b'),
    ('Хилок', 'df3b5699-285a-4627-abcd-b3c41c2a883d', 'edfa24ec-f129-4c3f-be80-84d1685e656b'),
    ('Чита', 'de53ab01-e09d-45e7-94f1-df0b7f7d6890', 'edfa24ec-f129-4c3f-be80-84d1685e656b'),
    ('Шилка', 'a7476a82-2fd1-4256-983c-5b178ee1493e', 'edfa24ec-f129-4c3f-be80-84d1685e656b');
INSERT INTO populated_locality ("name", id, region_id)
VALUES ('Агинское', 'c1bcc8c7-b789-456a-b769-7d2f85277061', 'edfa24ec-f129-4c3f-be80-84d1685e656b'),
    ('Аксёново-Зиловское', 'fdeeb34a-cf61-418b-9a7a-da97152d14c2', 'edfa24ec-f129-4c3f-be80-84d1685e656b'),
    ('Амазар', 'ec8f6df5-e01c-4ca1-bfb1-4c0e13dc3506', 'edfa24ec-f129-4c3f-be80-84d1685e656b'),
    ('Атамановка', '23424b49-d408-4ad2-9d24-d25a13ceb18d', 'edfa24ec-f129-4c3f-be80-84d1685e656b'),
    ('Букачача', 'a6a9d445-99a4-46be-91b6-a161a86fe55c', 'edfa24ec-f129-4c3f-be80-84d1685e656b'),
    ('Вершино-Дарасунский', '5d940abc-d8a7-4fd7-a884-12337d04fe38', 'edfa24ec-f129-4c3f-be80-84d1685e656b'),
    ('Горный', 'ae6c598b-c484-402a-8b91-a505ae94b663', 'edfa24ec-f129-4c3f-be80-84d1685e656b'),
    ('Давенда', '1b116b23-79aa-49fc-b076-1a0bf1aa0ec2', 'edfa24ec-f129-4c3f-be80-84d1685e656b'),
    ('Дарасун', '5523e3e0-db69-479e-845b-35884c1ba001', 'edfa24ec-f129-4c3f-be80-84d1685e656b'),
    ('Дровяная', 'e803d785-8a25-4183-a049-174d6ba8963d', 'edfa24ec-f129-4c3f-be80-84d1685e656b'),
    ('Жирекен', '57611bc0-d864-434b-93f0-065a62f03f98', 'edfa24ec-f129-4c3f-be80-84d1685e656b'),
    ('Забайкальск', 'b3b76ffd-c86e-437b-9f5f-18c320f2096e', 'edfa24ec-f129-4c3f-be80-84d1685e656b'),
    ('Золотореченск', '5bc74c9d-0656-4c02-bf21-66b900fd1c4a', 'edfa24ec-f129-4c3f-be80-84d1685e656b'),
    ('Итака', 'ce3835ee-4ad8-4aa4-9072-67746458500f', 'edfa24ec-f129-4c3f-be80-84d1685e656b'),
    ('Калангуй', '993001a9-bb9c-4cdc-ba4a-032360226ef9', 'edfa24ec-f129-4c3f-be80-84d1685e656b'),
    ('Карымское', '69b92b36-dbed-48df-b3a3-3c3a7eb49410', 'edfa24ec-f129-4c3f-be80-84d1685e656b'),
    ('Кличка', '16c70575-f5e5-47bb-b881-6c9b7fccf185', 'edfa24ec-f129-4c3f-be80-84d1685e656b'),
    ('Ключевский', 'e6ff404b-4ca6-49ac-8019-1fc0ed3be637', 'edfa24ec-f129-4c3f-be80-84d1685e656b'),
    ('Кокуй', 'c8342180-2a60-4383-b541-c7877b5c3c3d', 'edfa24ec-f129-4c3f-be80-84d1685e656b'),
    ('Ксеньевка', 'e4996661-25a3-44ac-bf31-69d7fdbbeb34', 'edfa24ec-f129-4c3f-be80-84d1685e656b'),
    ('Курорт-Дарасун', 'b2e341d4-a80f-466b-8f7e-1448d143a80b', 'edfa24ec-f129-4c3f-be80-84d1685e656b'),
    ('Могзон', 'fa315399-d875-426a-b2d7-06d3c5d87537', 'edfa24ec-f129-4c3f-be80-84d1685e656b'),
    ('Могойтуй', '8638dfb7-a76a-4eb5-b8af-98b774688215', 'edfa24ec-f129-4c3f-be80-84d1685e656b'),
    ('Новая Чара', '744134d5-a068-4787-aefe-39aa9637c5fe', 'edfa24ec-f129-4c3f-be80-84d1685e656b'),
    ('Новокручининский', '36baeb92-ad7a-415c-88c0-e1b97eb484ea', 'edfa24ec-f129-4c3f-be80-84d1685e656b'),
    ('Новоорловск', '7febae9e-007e-4723-9575-9435e6965a71', 'edfa24ec-f129-4c3f-be80-84d1685e656b'),
    ('Новопавловка', '7236497d-79db-4511-8995-f3802cd0e4cf', 'edfa24ec-f129-4c3f-be80-84d1685e656b'),
    ('Оловянная', '0dee716d-0280-4524-88dd-236ff0b7a115', 'edfa24ec-f129-4c3f-be80-84d1685e656b'),
    ('Орловский', '3d90470a-d7e6-48b4-8f36-fcaa5f8066ae', 'edfa24ec-f129-4c3f-be80-84d1685e656b'),
    ('Первомайский', 'f432d8de-0c42-4221-8f1c-310387624bdd', 'edfa24ec-f129-4c3f-be80-84d1685e656b'),
    ('Приаргунск', '9a423eec-6c68-46ee-b2bc-c80423ec64d4', 'edfa24ec-f129-4c3f-be80-84d1685e656b'),
    ('Приисковый', '1b091bf5-58f5-47db-9d27-958b60ab4544', 'edfa24ec-f129-4c3f-be80-84d1685e656b'),
    ('Усть-Карск', 'c052c67e-7605-4a92-b08b-efef9a974c5f', 'edfa24ec-f129-4c3f-be80-84d1685e656b'),
    ('Холбон', '650e17b1-8fd8-4505-a2d0-3bc984ad5e3d', 'edfa24ec-f129-4c3f-be80-84d1685e656b'),
    ('Чернышевск', 'a8ce7012-bfb1-48bf-9b3e-90a9b8674a1d', 'edfa24ec-f129-4c3f-be80-84d1685e656b'),
    ('Шерловая Гора', '483a546e-299c-4ab2-aef7-05b84ed2ce36', 'edfa24ec-f129-4c3f-be80-84d1685e656b'),
    ('Ясногорск', '2d783de4-589b-4d8f-a5dd-21420e614537', 'edfa24ec-f129-4c3f-be80-84d1685e656b');

INSERT INTO region (id, "name", country_id)
VALUES ('8a52ecc8-92aa-4810-abb4-e71762bddfe1', 'Камчатский край', 'e7156acf-b118-4a23-92e4-8b2579ed798a');

INSERT INTO populated_locality ("name", id, region_id)
VALUES ('Вилючинск', 'fb45cffe-6f1b-46a7-8644-52435d83e009', '8a52ecc8-92aa-4810-abb4-e71762bddfe1'),
    ('Елизово', '5eb6a8f5-ef90-4f2a-b1b0-58bfcdbb55f2', '8a52ecc8-92aa-4810-abb4-e71762bddfe1'),
    ('Петропавловск-Камчатский ', 'd89ce3b8-416b-490b-895a-f4c7d3da29d6', '8a52ecc8-92aa-4810-abb4-e71762bddfe1');
INSERT INTO populated_locality ("name", id, region_id)
VALUES ('Вулканный', '90417178-7e0e-4085-8eed-439cd6cde52d', '8a52ecc8-92aa-4810-abb4-e71762bddfe1'),
    ('Палана', 'a74c565f-ed3d-4b9c-a3e6-3360c03dfafb', '8a52ecc8-92aa-4810-abb4-e71762bddfe1');

INSERT INTO region (id, "name", country_id)
VALUES ('c3566c5c-3275-4623-bea1-864ed2a40d5a', 'Краснодарский край', 'e7156acf-b118-4a23-92e4-8b2579ed798a');

INSERT INTO populated_locality ("name", id, region_id)
VALUES ('Абинск', '939ec69c-f5ba-4dd0-befc-847335019bcf', 'c3566c5c-3275-4623-bea1-864ed2a40d5a'),
    ('Анапа', 'e9972000-ad27-4be7-b3fa-4249cfc17329', 'c3566c5c-3275-4623-bea1-864ed2a40d5a'),
    ('Апшеронск', 'e91c5284-8c11-4b3c-a820-6f9b3427cfcb', 'c3566c5c-3275-4623-bea1-864ed2a40d5a'),
    ('Армавир', '687156e1-2392-4f7a-98d3-6bde42b3ce23', 'c3566c5c-3275-4623-bea1-864ed2a40d5a'),
    ('Белореченск', '8d63ac72-72b7-4e7a-9e08-2121d294443c', 'c3566c5c-3275-4623-bea1-864ed2a40d5a'),
    ('Геленджик', '167b54ac-d282-4b6f-88f5-1cffba2b2602', 'c3566c5c-3275-4623-bea1-864ed2a40d5a'),
    ('Горячий Ключ', '3c3e5807-b92f-4b92-87f8-ac9853be86e1', 'c3566c5c-3275-4623-bea1-864ed2a40d5a'),
    ('Гулькевичи', '83551917-84e4-4ce7-916e-092c0678c772', 'c3566c5c-3275-4623-bea1-864ed2a40d5a'),
    ('Ейск', '8c98c93b-f9ac-4bc0-8fad-839147897669', 'c3566c5c-3275-4623-bea1-864ed2a40d5a'),
    ('Кореновск', '9137568b-98bb-436e-89c7-0d41d3dcb56e', 'c3566c5c-3275-4623-bea1-864ed2a40d5a'),
    ('Краснодар', 'b4b69b17-c4ac-4aeb-ba29-89fa9dba523b', 'c3566c5c-3275-4623-bea1-864ed2a40d5a'),
    ('Кропоткин', '93d15369-04a1-4f73-a326-00e3c972bc83', 'c3566c5c-3275-4623-bea1-864ed2a40d5a'),
    ('Крымск', 'ff8c6581-867b-4076-81dc-72bb533c6264', 'c3566c5c-3275-4623-bea1-864ed2a40d5a'),
    ('Курганинск', 'a1447175-8bc6-48bb-9d2b-b6884ad6a7c7', 'c3566c5c-3275-4623-bea1-864ed2a40d5a'),
    ('Лабинск', 'e09b45d8-d19d-4219-96f1-596919abd61b', 'c3566c5c-3275-4623-bea1-864ed2a40d5a'),
    ('Новокубанск', '49fc298e-7c9a-4588-b850-166b25ced8f0', 'c3566c5c-3275-4623-bea1-864ed2a40d5a'),
    ('Новороссийск', 'f94f7280-7870-41d7-9119-3bba54c5a593', 'c3566c5c-3275-4623-bea1-864ed2a40d5a'),
    ('Приморско-Ахтарск', 'ef452f03-9966-4e9c-a41d-4305adb80eb1', 'c3566c5c-3275-4623-bea1-864ed2a40d5a'),
    ('Славянск-на-Кубани', 'ce0137fe-a9ae-483f-8a0d-eb28a8553139', 'c3566c5c-3275-4623-bea1-864ed2a40d5a'),
    ('Сочи', '54a12418-f307-4763-a893-bbb319d48ead', 'c3566c5c-3275-4623-bea1-864ed2a40d5a'),
    ('Темрюк', 'c1cbb5e8-370e-4ceb-ae4e-af68527ed138', 'c3566c5c-3275-4623-bea1-864ed2a40d5a'),
    ('Тимашёвск', '8d02dc44-c985-4113-9c5f-2ea3f080d49b', 'c3566c5c-3275-4623-bea1-864ed2a40d5a'),
    ('Тихорецк', '6e68cb89-9614-429d-a690-1dd1ee054ec7', 'c3566c5c-3275-4623-bea1-864ed2a40d5a'),
    ('Туапсе', 'c019c075-76b5-46d7-9458-ce94d15df4b4', 'c3566c5c-3275-4623-bea1-864ed2a40d5a'),
    ('Усть-Лабинск', '66e5e31f-d330-4dbf-8476-2425d44d5d72', 'c3566c5c-3275-4623-bea1-864ed2a40d5a'),
    ('Хадыженск', 'aa6aace6-519c-46a4-9337-0bdb949ca4f8', 'c3566c5c-3275-4623-bea1-864ed2a40d5a');
INSERT INTO populated_locality ("name", id, region_id)
VALUES ('Афипский', '872e9738-467c-427b-8656-0f40b63b3876', 'c3566c5c-3275-4623-bea1-864ed2a40d5a'),
    ('Ахтырский', 'b84d8b4e-5562-4eb6-8b9c-394be1712674', 'c3566c5c-3275-4623-bea1-864ed2a40d5a'),
    ('Гирей', '4e50c976-2863-4cc9-9e7a-8e7bc6e86edb', 'c3566c5c-3275-4623-bea1-864ed2a40d5a'),
    ('Дагомыс', 'a1ab1a57-0809-4557-ae9b-8764910c8973', 'c3566c5c-3275-4623-bea1-864ed2a40d5a'),
    ('Джубга', 'f8dc9b28-c091-464b-9f44-c6103c6bcd93', 'c3566c5c-3275-4623-bea1-864ed2a40d5a'),
    ('Ильский', '47fb4be3-7d16-496e-9d69-51a3995751d4', 'c3566c5c-3275-4623-bea1-864ed2a40d5a'),
    ('Красная Поляна', '2669201f-abe3-4b0f-9931-1df664cdfc7c', 'c3566c5c-3275-4623-bea1-864ed2a40d5a'),
    ('Красносельский', 'f3962f72-eff4-4662-b10c-987e8b959896', 'c3566c5c-3275-4623-bea1-864ed2a40d5a'),
    ('Мостовской', '67255695-5dd9-4487-9dbf-c6b59748b88d', 'c3566c5c-3275-4623-bea1-864ed2a40d5a'),
    ('Нефтегорск', 'efed69de-b12d-4d68-b731-4660408ab19d', 'c3566c5c-3275-4623-bea1-864ed2a40d5a'),
    ('Новомихайловский', '4d498a47-9e44-4880-a483-f728e077fe5a', 'c3566c5c-3275-4623-bea1-864ed2a40d5a'),
    ('Псебай', '73720965-428c-493d-a69e-293efd3a1ded', 'c3566c5c-3275-4623-bea1-864ed2a40d5a'),
    ('Сириус', '734bb12b-5eb1-41b0-8f49-65afc8a5e03a', 'c3566c5c-3275-4623-bea1-864ed2a40d5a'),
    ('Черноморский', '60a377e8-226c-40b1-b716-3f3ba54e233c', 'c3566c5c-3275-4623-bea1-864ed2a40d5a');

INSERT INTO region (id, "name", country_id)
VALUES ('144f9f2a-b3bc-409a-901e-867717eb231e', 'Красноярский край', 'e7156acf-b118-4a23-92e4-8b2579ed798a');

INSERT INTO populated_locality ("name", id, region_id)
VALUES ('Артёмовск', 'a807d474-ddb6-4752-8276-81c65580fb61', '144f9f2a-b3bc-409a-901e-867717eb231e'),
    ('Ачинск', '878df394-3b82-4401-86ac-02ace92c29f6', '144f9f2a-b3bc-409a-901e-867717eb231e'),
    ('Боготол', '76ef13e6-9bc0-4b53-9a75-4c79a9c9ea76', '144f9f2a-b3bc-409a-901e-867717eb231e'),
    ('Бородино', '9ddf04f4-452f-4499-b54f-60ff88bf98d4', '144f9f2a-b3bc-409a-901e-867717eb231e'),
    ('Дивногорск', 'feec369b-6b83-4ab4-aa11-8255b0291cbd', '144f9f2a-b3bc-409a-901e-867717eb231e'),
    ('Дудинка', '9ce33c26-aa72-47ca-bb1d-2c4e8346344b', '144f9f2a-b3bc-409a-901e-867717eb231e'),
    ('Енисейск', '57fcc6e7-feca-444d-bfd9-6372b3a7bf18', '144f9f2a-b3bc-409a-901e-867717eb231e'),
    ('Железногорск', '5b543ab1-d81a-496e-bc90-608c9517b368', '144f9f2a-b3bc-409a-901e-867717eb231e'),
    ('Заозёрный', '5b50b5aa-b6b1-4377-b754-a42a7c72a396', '144f9f2a-b3bc-409a-901e-867717eb231e'),
    ('Зеленогорск', '1e15a5b9-94fe-4b02-8790-6e7e7cdaf113', '144f9f2a-b3bc-409a-901e-867717eb231e'),
    ('Игарка', 'ae9e8f59-e14c-4516-b73a-c4898728ce90', '144f9f2a-b3bc-409a-901e-867717eb231e'),
    ('Иланский', '3d475403-16b7-407a-90e1-05958c36cf20', '144f9f2a-b3bc-409a-901e-867717eb231e'),
    ('Канск', 'a2631375-9d82-467c-bb7b-624731b5fe05', '144f9f2a-b3bc-409a-901e-867717eb231e'),
    ('Кодинск', 'dbc5a0b9-4539-49f1-833f-fe34be4c73e6', '144f9f2a-b3bc-409a-901e-867717eb231e'),
    ('Красноярск', 'dcf49883-a228-45d0-a34b-15d6df2790f4', '144f9f2a-b3bc-409a-901e-867717eb231e'),
    ('Лесосибирск', '4cc9e4e5-439a-44ee-bd51-90ff7e72c708', '144f9f2a-b3bc-409a-901e-867717eb231e'),
    ('Минусинск', '7d450c80-61a4-4bc9-8a03-e30b99b4a1f0', '144f9f2a-b3bc-409a-901e-867717eb231e'),
    ('Назарово', '43bf726c-2048-4919-82ea-b3747b1099a3', '144f9f2a-b3bc-409a-901e-867717eb231e'),
    ('Норильск', 'cd58594c-6180-4e20-8bb8-bc943fe18252', '144f9f2a-b3bc-409a-901e-867717eb231e'),
    ('Сосновоборск', '8a46a75a-c1cf-4171-8ced-f317040f8569', '144f9f2a-b3bc-409a-901e-867717eb231e'),
    ('Ужур', '38b02009-c589-4508-9aad-9facbeb09d1a', '144f9f2a-b3bc-409a-901e-867717eb231e'),
    ('Уяр', '49e878b6-f308-4869-8bf0-c88ca3c26d0f', '144f9f2a-b3bc-409a-901e-867717eb231e'),
    ('Шарыпово', 'e463559d-1891-40d2-967b-529b395a3540', '144f9f2a-b3bc-409a-901e-867717eb231e');
INSERT INTO populated_locality ("name", id, region_id)
VALUES ('Балахта', 'ff110c4c-4622-428d-93b7-3f50cc9fd598', '144f9f2a-b3bc-409a-901e-867717eb231e'),
    ('Берёзовка', 'cb445582-608f-4f12-90a8-78050e014cb8', '144f9f2a-b3bc-409a-901e-867717eb231e'),
    ('Большая Ирба', 'c8b93694-620c-48c9-8b8d-ab03d3a55a3b', '144f9f2a-b3bc-409a-901e-867717eb231e'),
    ('Большая Мурта', '1e62868d-be5d-444b-8bcf-6265e730e290', '144f9f2a-b3bc-409a-901e-867717eb231e'),
    ('Горячегорск', '32001a53-239a-45f6-81b4-6cd964fc880e', '144f9f2a-b3bc-409a-901e-867717eb231e'),
    ('Диксон', '155dfcee-2d46-4f6d-b207-e0c72b88db87', '144f9f2a-b3bc-409a-901e-867717eb231e'),
    ('Дубинино', '56ae4a67-2efd-4c79-b67e-576c7080fb30', '144f9f2a-b3bc-409a-901e-867717eb231e'),
    ('Емельяново', 'e5d1a243-846d-4f0e-9ab9-c2f86532fe04', '144f9f2a-b3bc-409a-901e-867717eb231e'),
    ('Зелёный Бор', 'd02988f6-f4fc-4c31-b61c-e9be962e5f8d', '144f9f2a-b3bc-409a-901e-867717eb231e'),
    ('Ирша', '281b3ce4-727c-43b8-842c-b2f96ba8f2b0', '144f9f2a-b3bc-409a-901e-867717eb231e'),
    ('Кедровый', 'e889c8c0-d8eb-4832-8151-931aabb5b612', '144f9f2a-b3bc-409a-901e-867717eb231e'),
    ('Козулька', '8f3dccab-be11-4066-8fed-a05cdff5f18a', '144f9f2a-b3bc-409a-901e-867717eb231e'),
    ('Кошурниково', '9a7a396c-398f-4d16-aad2-b375bd7ed1a7', '144f9f2a-b3bc-409a-901e-867717eb231e'),
    ('Краснокаменск', '78a1a535-f322-4845-945a-d572c287af61', '144f9f2a-b3bc-409a-901e-867717eb231e'),
    ('Курагино', '1e5e0c77-1326-48be-b80e-caefc5c26ced', '144f9f2a-b3bc-409a-901e-867717eb231e'),
    ('Мазульский', 'c90d651a-29ea-42ef-9097-3f357043a9b2', '144f9f2a-b3bc-409a-901e-867717eb231e'),
    ('Мотыгино', '4cbf40ae-3a7d-42eb-8d93-2119c16b4b78', '144f9f2a-b3bc-409a-901e-867717eb231e'),
    ('Нижний Ингаш', '29654973-2cdc-412d-8f07-6e622238224f', '144f9f2a-b3bc-409a-901e-867717eb231e'),
    ('Нижняя Пойма', 'f22a6e27-07da-4db2-acfa-a2cede358dc3', '144f9f2a-b3bc-409a-901e-867717eb231e'),
    ('Подгорный', '8df1af56-ad80-454f-8d7c-322582cb5d52', '144f9f2a-b3bc-409a-901e-867717eb231e'),
    ('Подтёсово', '8b7154e5-39aa-45ab-9393-dd3c783da672', '144f9f2a-b3bc-409a-901e-867717eb231e'),
    ('Раздолинск', 'd54c1449-8e58-47e3-95bf-0f797b9e22b5', '144f9f2a-b3bc-409a-901e-867717eb231e'),
    ('Саянский', '6f3bd44f-dbaf-4803-806f-ce7bc1211343', '144f9f2a-b3bc-409a-901e-867717eb231e'),
    ('Северо-Енисейский', 'c50026ac-2545-4166-9ba1-a44d282a4b27', '144f9f2a-b3bc-409a-901e-867717eb231e'),
    ('Снежногорск', 'ddc25817-a129-4d94-8950-0f62b916eda1', '144f9f2a-b3bc-409a-901e-867717eb231e'),
    ('Солнечный', '17293221-94f3-476c-b90f-25eab2e397c1', '144f9f2a-b3bc-409a-901e-867717eb231e'),
    ('Стрелка', '12834d82-b218-4970-a44a-f261105ccfed', '144f9f2a-b3bc-409a-901e-867717eb231e'),
    ('Шушенское', 'df9ed9f9-e6fe-4438-8608-c218b5013cd4', '144f9f2a-b3bc-409a-901e-867717eb231e');

INSERT INTO region (id, "name", country_id)
VALUES ('2fc0bca8-e04a-404e-b886-5d14a2b905bb', 'Пермский край', 'e7156acf-b118-4a23-92e4-8b2579ed798a');

INSERT INTO populated_locality ("name", id, region_id)
VALUES ('Александровск', '71b454cb-0b14-4b4e-b604-81d6b0db7055', '2fc0bca8-e04a-404e-b886-5d14a2b905bb'),
    ('Березники', '8b072355-692d-4e4f-aef7-21603ac809d1', '2fc0bca8-e04a-404e-b886-5d14a2b905bb'),
    ('Гремячинск', '65035b99-718d-4ea8-bc89-fff3d8f00857', '2fc0bca8-e04a-404e-b886-5d14a2b905bb'),
    ('Губаха', '599af9fd-4444-4ccf-abd9-9d494d733d96', '2fc0bca8-e04a-404e-b886-5d14a2b905bb'),
    ('Добрянка', '224ced27-8d86-4b06-8294-c4d61719445e', '2fc0bca8-e04a-404e-b886-5d14a2b905bb'),
    ('Кизел', 'cd1af59a-6b65-40a7-b1ff-1181559d6179', '2fc0bca8-e04a-404e-b886-5d14a2b905bb'),
    ('Краснокамск', 'c8035518-ed3d-490c-91d7-c75b236b69db', '2fc0bca8-e04a-404e-b886-5d14a2b905bb'),
    ('Кудымкар', 'fd80dcd7-31d7-4524-a832-0de6566c11d4', '2fc0bca8-e04a-404e-b886-5d14a2b905bb'),
    ('Кунгур', 'a9145ef9-13f3-422f-a252-b107be2a9fbb', '2fc0bca8-e04a-404e-b886-5d14a2b905bb'),
    ('Лысьва', 'ec937f8f-ebc1-4c05-8d78-6a1e1617c34d', '2fc0bca8-e04a-404e-b886-5d14a2b905bb'),
    ('Пермь', 'b9393da9-506e-4591-82dd-bc71884bfb5b', '2fc0bca8-e04a-404e-b886-5d14a2b905bb'),
    ('Соликамск', 'dc58b0ad-614b-4eb5-ae82-29116923016a', '2fc0bca8-e04a-404e-b886-5d14a2b905bb'),
    ('Чайковский', 'cf2c3433-053e-4e69-a522-fa56cad50f4d', '2fc0bca8-e04a-404e-b886-5d14a2b905bb'),
    ('Чусовой', '4165d3ff-cf28-4c28-b434-3c0893bac7a8', '2fc0bca8-e04a-404e-b886-5d14a2b905bb'),
    ('Верещагино', '7822205f-a2e7-4d87-a6f3-113336ebf1a5', '2fc0bca8-e04a-404e-b886-5d14a2b905bb'),
    ('Горнозаводск', '701ee36d-c529-411f-86af-7dc157dcd72e', '2fc0bca8-e04a-404e-b886-5d14a2b905bb'),
    ('Красновишерск', '244e4cb7-7b8d-48ad-96c1-320b773fdc5d', '2fc0bca8-e04a-404e-b886-5d14a2b905bb'),
    ('Нытва', 'bede3f90-a160-4afa-8ea1-526a628a058c', '2fc0bca8-e04a-404e-b886-5d14a2b905bb'),
    ('Оса', 'a97cce77-5570-4e84-942d-2b3056f3d047', '2fc0bca8-e04a-404e-b886-5d14a2b905bb'),
    ('Оханск', '2b0eb606-2ccb-4ec6-a15c-e24e0b3554d9', '2fc0bca8-e04a-404e-b886-5d14a2b905bb'),
    ('Очёр', 'fb905025-7a0a-4a4d-b521-f11de5b76c52', '2fc0bca8-e04a-404e-b886-5d14a2b905bb'),
    ('Усолье', '4e84da70-8fcd-46f7-9969-08a3b520e17d', '2fc0bca8-e04a-404e-b886-5d14a2b905bb'),
    ('Чердынь', '530078ad-543b-4aa6-b0de-2a4d2838d374', '2fc0bca8-e04a-404e-b886-5d14a2b905bb'),
    ('Чёрмоз', 'd3b1ae36-f4a8-4442-8172-b30f98d10813', '2fc0bca8-e04a-404e-b886-5d14a2b905bb'),
    ('Чернушка', 'ede86a54-7f30-403b-b560-a3498589d009', '2fc0bca8-e04a-404e-b886-5d14a2b905bb');
INSERT INTO populated_locality ("name", id, region_id)
VALUES ('Бисер', '382100ee-bad0-466f-be2b-ee7ab9e9ec55', '2fc0bca8-e04a-404e-b886-5d14a2b905bb'),
    ('Всеволодо-Вильва', '322c7c4c-8171-427e-95b3-3d79a553bef5', '2fc0bca8-e04a-404e-b886-5d14a2b905bb'),
    ('Звёздный', 'f839dc5d-ab24-4b52-90c8-02f2e74ea0ac', '2fc0bca8-e04a-404e-b886-5d14a2b905bb'),
    ('Калино', 'e1a9bff1-1241-4979-80cb-f8ab5e06d783', '2fc0bca8-e04a-404e-b886-5d14a2b905bb'),
    ('Кусье-Александровский', 'dcdf2e3a-dd7c-4a9f-97f0-9fff484485f2', '2fc0bca8-e04a-404e-b886-5d14a2b905bb'),
    ('Лямино', 'b4364027-b9aa-43a0-9b32-0965c04478bc', '2fc0bca8-e04a-404e-b886-5d14a2b905bb'),
    ('Медведка', '4304fe97-b402-445b-8738-39b2c08f7f5c', '2fc0bca8-e04a-404e-b886-5d14a2b905bb'),
    ('Нововильвенский', 'f747ec25-b360-45ae-87c7-775ca381db6e', '2fc0bca8-e04a-404e-b886-5d14a2b905bb'),
    ('Новоильинский', 'ed08a31b-fa6c-422b-988c-abe18095a3c7', '2fc0bca8-e04a-404e-b886-5d14a2b905bb'),
    ('Ныроб', 'fc14a3f6-4db2-495e-b1c1-284ac634e54d', '2fc0bca8-e04a-404e-b886-5d14a2b905bb'),
    ('Оверята', 'c7bf2a13-930f-4864-92fb-4bee4638f1cb', '2fc0bca8-e04a-404e-b886-5d14a2b905bb'),
    ('Октябрьский', '97759903-d253-4c9a-adcc-8c8bf5e0fa90', '2fc0bca8-e04a-404e-b886-5d14a2b905bb'),
    ('Павловский', '63c567ea-b2fe-42c6-844a-d86cca85b470', '2fc0bca8-e04a-404e-b886-5d14a2b905bb'),
    ('Пашия', '770189a4-2824-450e-b913-485db4325dde', '2fc0bca8-e04a-404e-b886-5d14a2b905bb'),
    ('Полазна', '142e479b-e4b0-4039-a77e-4d0a59e05a76', '2fc0bca8-e04a-404e-b886-5d14a2b905bb'),
    ('Промысла', '17fdaa7b-d383-4870-a3d4-e1571f7fea34', '2fc0bca8-e04a-404e-b886-5d14a2b905bb'),
    ('Сараны', 'e9613693-829d-4fce-9677-3463bb032c8d', '2fc0bca8-e04a-404e-b886-5d14a2b905bb'),
    ('Сарс', 'be258b48-5061-4a90-9f60-2f93ebbdf523', '2fc0bca8-e04a-404e-b886-5d14a2b905bb'),
    ('Скальный', '323db87a-bcc7-4adc-a8ea-0d5f4cfb148b', '2fc0bca8-e04a-404e-b886-5d14a2b905bb'),
    ('Старый Бисер', '5d90d8fa-c745-41ea-a939-786bbbc72eaa', '2fc0bca8-e04a-404e-b886-5d14a2b905bb'),
    ('Суксун', '05a0a3fb-e48f-4c90-aebd-60a30c69618e', '2fc0bca8-e04a-404e-b886-5d14a2b905bb'),
    ('Тёплая Гора', '3b4e96de-55d7-491b-894c-678a6c8f13bf', '2fc0bca8-e04a-404e-b886-5d14a2b905bb'),
    ('Углеуральский', '3355fc18-0dfc-48db-adbc-25519165ba87', '2fc0bca8-e04a-404e-b886-5d14a2b905bb'),
    ('Уральский', 'bb04d471-145f-4ac8-9d55-ee8db43ec742', '2fc0bca8-e04a-404e-b886-5d14a2b905bb'),
    ('Усьва', '2c0687a9-b5e7-4b42-986e-fbfb8442f2e5', '2fc0bca8-e04a-404e-b886-5d14a2b905bb'),
    ('Широковский', '8bcccf1a-3460-4ee1-9b39-bf77acbe199d', '2fc0bca8-e04a-404e-b886-5d14a2b905bb'),
    ('Яйва', '7ffa0120-8514-4310-bea3-2ccbdfdd1253', '2fc0bca8-e04a-404e-b886-5d14a2b905bb');

INSERT INTO region (id, "name", country_id)
VALUES ('e4bbeb05-66e4-470a-820d-bf698ea0b2b9', 'Приморский край', 'e7156acf-b118-4a23-92e4-8b2579ed798a');

INSERT INTO populated_locality ("name", id, region_id)
VALUES ('Арсеньев', 'b8d3074c-2d31-42c3-b2ac-bd773ec68d74', 'e4bbeb05-66e4-470a-820d-bf698ea0b2b9'),
    ('Артём', '8aab500f-e946-4331-b3bc-85f9125b6f8d', 'e4bbeb05-66e4-470a-820d-bf698ea0b2b9'),
    ('Большой Камень', '9a9e76e2-d954-4878-a166-695a08fc3d50', 'e4bbeb05-66e4-470a-820d-bf698ea0b2b9'),
    ('Владивосток', 'bddc0a2f-7360-44c6-82a5-c4c6d2b8f63f', 'e4bbeb05-66e4-470a-820d-bf698ea0b2b9'),
    ('Дальнегорск', '1dfc137b-3139-48e7-83ec-dcbbad9afa8f', 'e4bbeb05-66e4-470a-820d-bf698ea0b2b9'),
    ('Дальнереченск', 'd7a263b2-ebf1-4de0-9c89-9d2a67bd8949', 'e4bbeb05-66e4-470a-820d-bf698ea0b2b9'),
    ('Лесозаводск', '0497cc09-ec8a-4504-bd78-ce16f241322f', 'e4bbeb05-66e4-470a-820d-bf698ea0b2b9'),
    ('Находка', 'bf5e1ce1-ffa3-4389-88b0-c6181241e99e', 'e4bbeb05-66e4-470a-820d-bf698ea0b2b9'),
    ('Партизанск', 'ec221515-ae04-416d-8736-c66a3455088e', 'e4bbeb05-66e4-470a-820d-bf698ea0b2b9'),
    ('Спасск-Дальний', 'ffe75c45-5d41-4c28-bb14-028dee6d385e', 'e4bbeb05-66e4-470a-820d-bf698ea0b2b9'),
    ('Уссурийск', 'bd818fe6-e11a-485d-b059-57864d642c6b', 'e4bbeb05-66e4-470a-820d-bf698ea0b2b9'),
    ('Фокино', 'eaa7f5cf-1846-4acf-9c81-7c28f35b9abd', 'e4bbeb05-66e4-470a-820d-bf698ea0b2b9');
INSERT INTO populated_locality ("name", id, region_id)
VALUES ('Восток', 'b9dad2cc-1ece-4236-a501-2dc5adacad68', 'e4bbeb05-66e4-470a-820d-bf698ea0b2b9'),
    ('Горные Ключи', '6d4792d1-9db6-4cae-9a5a-51eee08fcee1', 'e4bbeb05-66e4-470a-820d-bf698ea0b2b9'),
    ('Дунай', '32603ca4-6e74-44fc-ace5-593d84bc753a', 'e4bbeb05-66e4-470a-820d-bf698ea0b2b9'),
    ('Зарубино', '2a705784-0fc6-4644-b5d4-51925b9303af', 'e4bbeb05-66e4-470a-820d-bf698ea0b2b9'),
    ('Кавалерово', '5a7f0eba-6bcc-4a5a-bae3-55f9936ce317', 'e4bbeb05-66e4-470a-820d-bf698ea0b2b9'),
    ('Кировский', 'b37ab154-099a-4022-b393-074e397c8eda', 'e4bbeb05-66e4-470a-820d-bf698ea0b2b9'),
    ('Краскино', '6d21c18c-f97b-4dfd-b2b2-ad932972b4c1', 'e4bbeb05-66e4-470a-820d-bf698ea0b2b9'),
    ('Липовцы', 'ec52ec97-8fe8-4c4f-b5bc-1205fb83db2f', 'e4bbeb05-66e4-470a-820d-bf698ea0b2b9'),
    ('Лучегорск', 'f1b1a560-7e1f-4127-bffd-801f329eea3c', 'e4bbeb05-66e4-470a-820d-bf698ea0b2b9'),
    ('Новошахтинский', 'f40528d8-ddb8-4272-99d2-7f1a8b327df5', 'e4bbeb05-66e4-470a-820d-bf698ea0b2b9'),
    ('Ольга', '19bc1a73-11e9-4c7a-a7e3-99910e6db6ac', 'e4bbeb05-66e4-470a-820d-bf698ea0b2b9'),
    ('Пластун', '4fc69eca-d074-4e08-a846-abcdcf884f68', 'e4bbeb05-66e4-470a-820d-bf698ea0b2b9'),
    ('Пограничный', 'd5c16918-73e4-4e30-b2d9-fc2f4cd644f7', 'e4bbeb05-66e4-470a-820d-bf698ea0b2b9'),
    ('Посьет', 'e80f84f1-06e5-4481-84dc-211340daae47', 'e4bbeb05-66e4-470a-820d-bf698ea0b2b9'),
    ('Преображение', '47b8f5a7-93b2-4d20-95d8-109765cad1da', 'e4bbeb05-66e4-470a-820d-bf698ea0b2b9'),
    ('Приморский', '6ab8bd29-5490-43e4-b622-38e0014a06e3', 'e4bbeb05-66e4-470a-820d-bf698ea0b2b9'),
    ('Путятин', 'c5384a60-1724-4c5e-9371-728aa273d0b4', 'e4bbeb05-66e4-470a-820d-bf698ea0b2b9'),
    ('Светлая', 'bb1b23f6-50c4-4ae1-8fe8-042da086c130', 'e4bbeb05-66e4-470a-820d-bf698ea0b2b9'),
    ('Сибирцево', '284237fb-90f8-434e-8d5b-fe9c5bf91038', 'e4bbeb05-66e4-470a-820d-bf698ea0b2b9'),
    ('Славянка', 'ab75c205-c389-4ba1-a26d-fa943fc070e2', 'e4bbeb05-66e4-470a-820d-bf698ea0b2b9'),
    ('Смоляниново', 'f52c6db0-9179-4b30-9a53-1bfa0fa0716c', 'e4bbeb05-66e4-470a-820d-bf698ea0b2b9'),
    ('Терней', '64e961da-273a-4dd9-9417-d02fb4fb68c3', 'e4bbeb05-66e4-470a-820d-bf698ea0b2b9'),
    ('Хасан', '79758e2f-fd58-4db8-80ea-a839482ebad0', 'e4bbeb05-66e4-470a-820d-bf698ea0b2b9'),
    ('Хрустальный', '99ffde1c-26fa-4543-9a24-3a987f1a2ca5', 'e4bbeb05-66e4-470a-820d-bf698ea0b2b9'),
    ('Шкотово', '853ca972-f21f-4830-80e6-1ee728ac040e', 'e4bbeb05-66e4-470a-820d-bf698ea0b2b9'),
    ('Ярославский', '44caa435-e463-4e95-8e1a-da4e9adc315b', 'e4bbeb05-66e4-470a-820d-bf698ea0b2b9');

INSERT INTO region (id, "name", country_id)
VALUES ('1050365e-843a-4e99-a68a-33712deec07c', 'Ставропольский край', 'e7156acf-b118-4a23-92e4-8b2579ed798a');

INSERT INTO populated_locality ("name", id, region_id)
VALUES ('Благодарный', '3a2de2f6-b39c-4579-a39a-7ae18022168d', '1050365e-843a-4e99-a68a-33712deec07c'),
    ('Будённовск', 'd8073f4f-79d4-476b-a9b8-8c0488e19493', '1050365e-843a-4e99-a68a-33712deec07c'),
    ('Георгиевск', '0744d8b6-3f0f-4a57-a5f2-1fc1c4fa4fc4', '1050365e-843a-4e99-a68a-33712deec07c'),
    ('Ессентуки', '7b6fec7f-022e-477c-8664-37a0ab05305e', '1050365e-843a-4e99-a68a-33712deec07c'),
    ('Железноводск', '2736b06e-ee27-40ce-8e48-60a393daa28d', '1050365e-843a-4e99-a68a-33712deec07c'),
    ('Зеленокумск', '08b6ed86-c496-4a12-9829-ac20f8165c72', '1050365e-843a-4e99-a68a-33712deec07c'),
    ('Изобильный', '3d809c3a-3b59-4614-b924-2c5354177aa8', '1050365e-843a-4e99-a68a-33712deec07c'),
    ('Ипатово', '6b81e958-3070-45f9-9c2e-9b58c4bf26c7', '1050365e-843a-4e99-a68a-33712deec07c'),
    ('Кисловодск', 'f4deb196-d2f9-4702-b3de-e56b1c2997d5', '1050365e-843a-4e99-a68a-33712deec07c'),
    ('Лермонтов', '47605967-8257-4519-8a51-fda642b53744', '1050365e-843a-4e99-a68a-33712deec07c'),
    ('Минеральные Воды', '626a815e-3f90-4816-9efc-43e34a5a5c9d', '1050365e-843a-4e99-a68a-33712deec07c'),
    ('Михайловск', '0766f9b1-b032-45f8-9bd3-cdcbab92be74', '1050365e-843a-4e99-a68a-33712deec07c'),
    ('Невинномысск', '9fc3bfa1-b578-4887-b097-e9fd0b64436c', '1050365e-843a-4e99-a68a-33712deec07c'),
    ('Нефтекумск', '869aa7ef-e8f6-4478-aecc-63a9b5fc911d', '1050365e-843a-4e99-a68a-33712deec07c'),
    ('Новоалександровск', 'cbd304e4-0278-4706-8456-66dd7e83beeb', '1050365e-843a-4e99-a68a-33712deec07c'),
    ('Новопавловск', '2922a183-4233-411c-a7bb-93f0e17903cf', '1050365e-843a-4e99-a68a-33712deec07c'),
    ('Пятигорск', '3ade042f-84d0-4ce0-913b-73e9a584163d', '1050365e-843a-4e99-a68a-33712deec07c'),
    ('Светлоград', 'f393d770-d880-4f5a-acbf-fa1fcaf38760', '1050365e-843a-4e99-a68a-33712deec07c'),
    ('Ставрополь', '1b825f99-260f-486d-bc1e-7928bd9b796e', '1050365e-843a-4e99-a68a-33712deec07c');
INSERT INTO populated_locality ("name", id, region_id)
VALUES ('Анджиевский', '7c5e40f6-5740-4034-88e3-94eca80e91eb', '1050365e-843a-4e99-a68a-33712deec07c'),
    ('Горячеводский', '1772da78-c866-41f3-8e4a-4fbb157c739b', '1050365e-843a-4e99-a68a-33712deec07c'),
    ('Затеречный', '5cee9e0f-e850-47c7-9e71-f652922436ef', '1050365e-843a-4e99-a68a-33712deec07c'),
    ('Иноземцево', '5a38e504-9930-4d4f-9bef-eabef2e50e40', '1050365e-843a-4e99-a68a-33712deec07c'),
    ('Свободы', '885c3611-1908-4553-9275-e99740c11518', '1050365e-843a-4e99-a68a-33712deec07c'),
    ('Рыздвяный', 'c6c53e03-1610-4dc7-9702-abc5b75a9c5c', '1050365e-843a-4e99-a68a-33712deec07c'),
    ('Солнечнодольск', '5b320edb-3526-424e-b527-79aff95ddf3d', '1050365e-843a-4e99-a68a-33712deec07c');

INSERT INTO region (id, "name", country_id)
VALUES ('858bc2b4-3129-4374-b34a-5c3622d2fe47', 'Хабаровский край', 'e7156acf-b118-4a23-92e4-8b2579ed798a');

INSERT INTO populated_locality ("name", id, region_id)
VALUES ('Амурск', '1eeda663-02de-4328-9aa0-4b270a4fccae', '858bc2b4-3129-4374-b34a-5c3622d2fe47'),
    ('Бикин', '7f0ccd31-b8ad-42c7-8771-e58fa813ea4d', '858bc2b4-3129-4374-b34a-5c3622d2fe47'),
    ('Вяземский', '776031ac-841a-40dc-8ea5-e55ee8b19ee3', '858bc2b4-3129-4374-b34a-5c3622d2fe47'),
    ('Комсомольск-на-Амуре', '5762cf6f-78aa-4a26-b337-b4256124a797', '858bc2b4-3129-4374-b34a-5c3622d2fe47'),
    ('Николаевск-на-Амуре', '189e26f3-a05c-424b-bed2-cf3ab3fc2d97', '858bc2b4-3129-4374-b34a-5c3622d2fe47'),
    ('Советская Гавань', '1ba669e0-2459-4ab3-aeb7-84a609df199c', '858bc2b4-3129-4374-b34a-5c3622d2fe47'),
    ('Хабаровск', '8fbd9866-e74b-46a6-ae08-455bd13c8b08', '858bc2b4-3129-4374-b34a-5c3622d2fe47');
INSERT INTO populated_locality ("name", id, region_id)
VALUES ('Ванино', '6c385a70-ea02-4bf0-b25b-93f7fb22ea8d', '858bc2b4-3129-4374-b34a-5c3622d2fe47'),
    ('Высокогорный', 'd813837d-9a8a-4d9a-ba48-e75858dd0cdd', '858bc2b4-3129-4374-b34a-5c3622d2fe47'),
    ('Заветы Ильича', 'f3312c9d-0eab-4d65-b537-2819783e9796', '858bc2b4-3129-4374-b34a-5c3622d2fe47'),
    ('Корфовский', 'f796cff0-f019-45b4-85f5-55b81b760799', '858bc2b4-3129-4374-b34a-5c3622d2fe47'),
    ('Лазарев', '4cd88a6e-de5e-4232-bff3-c1f4795e1824', '858bc2b4-3129-4374-b34a-5c3622d2fe47'),
    ('Лососина', '08dfe171-cdba-4353-b8c4-1cdb19808ce9', '858bc2b4-3129-4374-b34a-5c3622d2fe47'),
    ('Майский', 'cd39802c-ab0e-49c9-a1e4-70e4b6e71283', '858bc2b4-3129-4374-b34a-5c3622d2fe47'),
    ('Многовершинный', 'a33c9b77-504d-490c-8de9-f2681b5088be', '858bc2b4-3129-4374-b34a-5c3622d2fe47'),
    ('Мухен', '115024dc-179f-4153-ab18-e5d80c17f729', '858bc2b4-3129-4374-b34a-5c3622d2fe47'),
    ('Новый Ургал', 'c346597b-1c5b-42ea-a113-8fb5457a3b6e', '858bc2b4-3129-4374-b34a-5c3622d2fe47'),
    ('Октябрьский', '8dcfc303-0ee0-4b76-bfae-2e9c758ad4e1', '858bc2b4-3129-4374-b34a-5c3622d2fe47'),
    ('Охотск', '4f0552a3-2889-4acf-9f02-f80d0a12cef8', '858bc2b4-3129-4374-b34a-5c3622d2fe47'),
    ('Переяславка', '781963a8-881f-400c-8e88-75cef61696d8', '858bc2b4-3129-4374-b34a-5c3622d2fe47'),
    ('Солнечный', 'dbd361ff-0819-42a8-974f-df8bf014b403', '858bc2b4-3129-4374-b34a-5c3622d2fe47'),
    ('Хор', '18489c61-97f3-4e66-9ef3-9647e564cd01', '858bc2b4-3129-4374-b34a-5c3622d2fe47'),
    ('Чегдомын', 'b6b48f19-702b-4ce1-8bb9-0b7fc5f6add3', '858bc2b4-3129-4374-b34a-5c3622d2fe47'),
    ('Эльбан', '5da05802-ff8d-4e31-9b03-84449a74e84e', '858bc2b4-3129-4374-b34a-5c3622d2fe47');

INSERT INTO region (id, "name", country_id)
VALUES ('a9d6df83-1076-4888-9a9f-480cacd57cda', 'Амурская область', 'e7156acf-b118-4a23-92e4-8b2579ed798a');

INSERT INTO populated_locality ("name", id, region_id)
VALUES ('Белогорск', '7330ae32-ecc8-4dca-a319-c3d7d2ec3564', 'a9d6df83-1076-4888-9a9f-480cacd57cda'),
    ('Благовещенск', 'c1c9b37f-dbb4-4100-9d10-0b004c30c78c', 'a9d6df83-1076-4888-9a9f-480cacd57cda'),
    ('Завитинск', '6289d928-2a8b-4e13-a9f7-6852fb511885', 'a9d6df83-1076-4888-9a9f-480cacd57cda'),
    ('Зея', '6b87d004-162a-46bc-9fa1-3bbab2946b87', 'a9d6df83-1076-4888-9a9f-480cacd57cda'),
    ('Райчихинск', 'b4de329e-2e1f-4682-aead-d0f5407081bd', 'a9d6df83-1076-4888-9a9f-480cacd57cda'),
    ('Свободный', 'ba67633f-764d-4b66-94df-8db6bec3f335', 'a9d6df83-1076-4888-9a9f-480cacd57cda'),
    ('Сковородино', '544b67e6-2e3d-482c-82d9-b4e2e345a094', 'a9d6df83-1076-4888-9a9f-480cacd57cda'),
    ('Тында', 'adebefcc-990c-44d2-97de-fbe6777e9b64', 'a9d6df83-1076-4888-9a9f-480cacd57cda'),
    ('Шимановск', 'ad46746a-18d5-47cf-9253-81f3a5e64281', 'a9d6df83-1076-4888-9a9f-480cacd57cda'),
    ('Циолковский', '12c911f4-9aa8-4888-9038-eba3cd040403', 'a9d6df83-1076-4888-9a9f-480cacd57cda');
INSERT INTO populated_locality ("name", id, region_id)
VALUES ('Архара', 'a35a6e7e-fdba-438f-89e8-8f8ac416d9ab', 'a9d6df83-1076-4888-9a9f-480cacd57cda'),
    ('Бурея', 'fa1932bd-240d-4024-ad4a-1ed7d214c667', 'a9d6df83-1076-4888-9a9f-480cacd57cda'),
    ('Ерофей Павлович', 'b6a9810a-962e-48b7-b70d-3e638e0c3c7a', 'a9d6df83-1076-4888-9a9f-480cacd57cda'),
    ('Магдагачи', 'b2633dfa-f02c-485f-8db8-2fc16752e899', 'a9d6df83-1076-4888-9a9f-480cacd57cda'),
    ('Новобурейский', '63a3879f-6c13-4c00-a018-01d30e3b833e', 'a9d6df83-1076-4888-9a9f-480cacd57cda'),
    ('Новорайчихинск', 'b625e4be-a4bc-4c70-abf3-28a0a00503fd', 'a9d6df83-1076-4888-9a9f-480cacd57cda'),
    ('Прогресс', '13bdbce2-e3cc-48e8-ba16-d8556cc0ebf8', 'a9d6df83-1076-4888-9a9f-480cacd57cda'),
    ('Серышево', '8fa67eee-4777-47a6-b0dd-ed21ce531741', 'a9d6df83-1076-4888-9a9f-480cacd57cda'),
    ('Сиваки', 'ca5d6d01-b8ae-4862-9b9c-46fe3e28aa4d', 'a9d6df83-1076-4888-9a9f-480cacd57cda'),
    ('Талакан', '7e224142-61b9-455c-9a64-d2fb9b6c723c', 'a9d6df83-1076-4888-9a9f-480cacd57cda'),
    ('Токур', '1eeefb0b-8185-4a5d-a0dc-b16777e0d81c', 'a9d6df83-1076-4888-9a9f-480cacd57cda'),
    ('Уруша', 'a79151b2-c055-4253-8f2f-82f49d5cb2d6', 'a9d6df83-1076-4888-9a9f-480cacd57cda'),
    ('Ушумун', 'e22a40ea-4a58-466b-a92d-edb5d265a38a', 'a9d6df83-1076-4888-9a9f-480cacd57cda'),
    ('Февральск', '7ac31fba-f430-403a-a4ec-951bba469ff4', 'a9d6df83-1076-4888-9a9f-480cacd57cda'),
    ('Экимчан', '39569e02-cc72-4088-b368-ca82822f9fd1', 'a9d6df83-1076-4888-9a9f-480cacd57cda');

INSERT INTO region (id, "name", country_id)
VALUES ('c46e1943-c560-4f15-ba27-176bedaf9e75', 'Архангельская область', 'e7156acf-b118-4a23-92e4-8b2579ed798a');

INSERT INTO populated_locality ("name", id, region_id)
VALUES ('Архангельск', '0c5e4ff1-a9e6-44a9-9003-f4158cce2647', 'c46e1943-c560-4f15-ba27-176bedaf9e75'),
    ('Вельск', '05101cfd-8867-432f-a728-e58cf211d8dc', 'c46e1943-c560-4f15-ba27-176bedaf9e75'),
    ('Каргополь', '48f0d3b4-8870-4724-b0ca-fbef33ec5e07', 'c46e1943-c560-4f15-ba27-176bedaf9e75'),
    ('Коряжма', '3b3de560-c876-41ca-a3d6-bc7de3d28093', 'c46e1943-c560-4f15-ba27-176bedaf9e75'),
    ('Котлас', '7aec672a-f4c4-4ee2-92c3-e11bb7a2b9d5', 'c46e1943-c560-4f15-ba27-176bedaf9e75'),
    ('Мезень', '303b88c5-9e1f-47b5-a2bf-2aa6c37da277', 'c46e1943-c560-4f15-ba27-176bedaf9e75'),
    ('Мирный', '590358bd-09b7-41bf-b5c8-be4773724cb6', 'c46e1943-c560-4f15-ba27-176bedaf9e75'),
    ('Новодвинск', '83701660-5d81-4aa2-8b5f-f7a5f3b4ff9f', 'c46e1943-c560-4f15-ba27-176bedaf9e75'),
    ('Няндома', 'd3fb164c-6d9d-4d53-acae-64fa42c48909', 'c46e1943-c560-4f15-ba27-176bedaf9e75'),
    ('Онега', 'f4cc3b3d-8a99-4db1-a464-9af0b5e4b57d', 'c46e1943-c560-4f15-ba27-176bedaf9e75'),
    ('Северодвинск', '8e6c1bd5-f723-411f-916f-1555f8962529', 'c46e1943-c560-4f15-ba27-176bedaf9e75'),
    ('Сольвычегодск', '6a4dd50e-01da-4715-917e-12802d36faca', 'c46e1943-c560-4f15-ba27-176bedaf9e75'),
    ('Шенкурск', '935939b3-8579-4c16-9ddb-8df141571821', 'c46e1943-c560-4f15-ba27-176bedaf9e75');
INSERT INTO populated_locality ("name", id, region_id)
VALUES ('Белушья Губа', 'a6045c4f-c0dc-44e6-b636-9471989c92b2', 'c46e1943-c560-4f15-ba27-176bedaf9e75'),
    ('Березник', 'cb73c3da-d4e8-490b-a16a-fa5ab0fb1ca3', 'c46e1943-c560-4f15-ba27-176bedaf9e75'),
    ('Вычегодский', '8b0abd58-d344-4ab6-b70d-25d9327d4e78', 'c46e1943-c560-4f15-ba27-176bedaf9e75'),
    ('Каменка', '5781567f-7464-49f0-ab2c-6483e06e3a47', 'c46e1943-c560-4f15-ba27-176bedaf9e75'),
    ('Коноша', '460350aa-5bbd-4696-aa15-63048f30f2e0', 'c46e1943-c560-4f15-ba27-176bedaf9e75'),
    ('Кулой', 'c651359c-878f-42f2-a83f-1e44325cad5f', 'c46e1943-c560-4f15-ba27-176bedaf9e75'),
    ('Малошуйка', 'b581ff7e-dbdf-4ec1-aa9a-513912d6d62b', 'c46e1943-c560-4f15-ba27-176bedaf9e75'),
    ('Обозерский', 'b548f1e0-6f43-4c8e-87ea-b09768a9a039', 'c46e1943-c560-4f15-ba27-176bedaf9e75'),
    ('Октябрьский', '7905ef87-6775-46ea-9f17-f03a64344663', 'c46e1943-c560-4f15-ba27-176bedaf9e75'),
    ('Плесецк', '332fc285-3327-449d-9186-943ccde28542', 'c46e1943-c560-4f15-ba27-176bedaf9e75'),
    ('Приводино', '61b8ed41-65ad-4e6e-984d-23e1dd126521', 'c46e1943-c560-4f15-ba27-176bedaf9e75'),
    ('Савинский', '744827c0-5706-442b-b86a-55bccb572872', 'c46e1943-c560-4f15-ba27-176bedaf9e75'),
    ('Североонежск', '6735fff5-7e20-4fed-8de0-222acad823c8', 'c46e1943-c560-4f15-ba27-176bedaf9e75'),
    ('Урдома', 'fd9de64e-b11f-4e08-a9a8-099c2bfc9752', 'c46e1943-c560-4f15-ba27-176bedaf9e75'),
    ('Шипицыно', '011fb3bc-d3f9-4f22-bef0-cf61d039a965', 'c46e1943-c560-4f15-ba27-176bedaf9e75');

INSERT INTO region (id, "name", country_id)
VALUES ('833a9d0f-f0cd-481b-a2ff-8239d145f842', 'Астраханская область', 'e7156acf-b118-4a23-92e4-8b2579ed798a');

INSERT INTO populated_locality ("name", id, region_id)
VALUES ('Астрахань', 'c3a0be51-2315-483c-baca-b486a92de1d3', '833a9d0f-f0cd-481b-a2ff-8239d145f842'),
    ('Ахтубинск', '47118a50-24fe-4995-87df-0e39aea105ad', '833a9d0f-f0cd-481b-a2ff-8239d145f842'),
    ('Знаменск', '054bc7c1-0854-4d89-8bba-4a7accfb775f', '833a9d0f-f0cd-481b-a2ff-8239d145f842'),
    ('Камызяк', 'c62cb310-80ba-435b-9e88-33a532cc2407', '833a9d0f-f0cd-481b-a2ff-8239d145f842'),
    ('Нариманов', 'b5a21883-869d-4969-bfe5-cd9dd25372e4', '833a9d0f-f0cd-481b-a2ff-8239d145f842'),
    ('Харабали', '66214dea-7fb3-4582-a5f5-39c5d87f3e64', '833a9d0f-f0cd-481b-a2ff-8239d145f842');
INSERT INTO populated_locality ("name", id, region_id)
VALUES ('Верхний Баскунчак', '0b0af5e6-15b1-4a9b-97a2-ff9ec175245f', '833a9d0f-f0cd-481b-a2ff-8239d145f842'),
    ('Волго-Каспийский', '29dc7df1-bc42-4ecc-95b1-9aaefc932d09', '833a9d0f-f0cd-481b-a2ff-8239d145f842'),
    ('Ильинка', '74878cf1-7ff8-4661-877b-0d1394346aeb', '833a9d0f-f0cd-481b-a2ff-8239d145f842'),
    ('Кировский', '83ea9875-2853-4d20-96f4-5bb1c1847156', '833a9d0f-f0cd-481b-a2ff-8239d145f842'),
    ('Красные Баррикады', '0e7df03f-fb2c-4abe-bd06-a44e33703b5b', '833a9d0f-f0cd-481b-a2ff-8239d145f842'),
    ('Лиман', 'eb5758b8-1350-43a2-902d-e0bfc12bcad8', '833a9d0f-f0cd-481b-a2ff-8239d145f842'),
    ('Нижний Баскунчак', '4c8eb914-ed7c-44f1-b533-d1e82a147a31', '833a9d0f-f0cd-481b-a2ff-8239d145f842');

INSERT INTO region (id, "name", country_id)
VALUES ('9a3b0aa4-4b57-4573-a130-4322357cd79a', 'Белгородская область', 'e7156acf-b118-4a23-92e4-8b2579ed798a');

INSERT INTO populated_locality ("name", id, region_id)
VALUES ('Алексеевка', '9ebede8a-2ce7-4b87-86e0-6fbc09557dce', '9a3b0aa4-4b57-4573-a130-4322357cd79a'),
    ('Белгород', 'eecaf8a3-ed68-4103-b2a3-c23500add2c8', '9a3b0aa4-4b57-4573-a130-4322357cd79a'),
    ('Бирюч', '1f5bd731-54e5-4f03-aac0-c7627f8cf8dd', '9a3b0aa4-4b57-4573-a130-4322357cd79a'),
    ('Валуйки', '6faa5ff5-dfb2-48ab-8c42-36f63874d252', '9a3b0aa4-4b57-4573-a130-4322357cd79a'),
    ('Грайворон', '1c7eefd0-96f2-4d55-af0a-c4b0f13a53f6', '9a3b0aa4-4b57-4573-a130-4322357cd79a'),
    ('Губкин', 'caae4279-8e14-4d54-bbcf-58f6bb2f4eae', '9a3b0aa4-4b57-4573-a130-4322357cd79a'),
    ('Короча', '72492a08-f59b-4dd9-a8c3-b1eb2e1a1042', '9a3b0aa4-4b57-4573-a130-4322357cd79a'),
    ('Новый Оскол', '2092c3e0-7f12-4d2c-944f-420b5db11f72', '9a3b0aa4-4b57-4573-a130-4322357cd79a'),
    ('Старый Оскол', 'efa33b6a-72d1-45a0-a9b2-513089f215d2', '9a3b0aa4-4b57-4573-a130-4322357cd79a'),
    ('Строитель', '5776129f-b7e1-4fa8-a0b7-4d431ab3cbc4', '9a3b0aa4-4b57-4573-a130-4322357cd79a'),
    ('Шебекино', '60eca26e-2baa-4b72-84ef-9eff4295486f', '9a3b0aa4-4b57-4573-a130-4322357cd79a');
INSERT INTO populated_locality ("name", id, region_id)
VALUES ('Борисовка', 'b011146a-761b-4afc-ac47-0c9111a0d530', '9a3b0aa4-4b57-4573-a130-4322357cd79a'),
    ('Вейделевка', '83800fc7-a7ab-40e7-b5ab-75712528f0c8', '9a3b0aa4-4b57-4573-a130-4322357cd79a'),
    ('Волоконовка', '025405ce-e06f-42bb-b7ee-c082b07a09ed', '9a3b0aa4-4b57-4573-a130-4322357cd79a'),
    ('Ивня', 'bdf950fd-6ba6-4385-bc93-4cba4b22b62e', '9a3b0aa4-4b57-4573-a130-4322357cd79a'),
    ('Красная Яруга', '9be015ea-dd44-41bc-a0b0-43625a7c4c99', '9a3b0aa4-4b57-4573-a130-4322357cd79a'),
    ('Маслова Пристань', '295eddac-1e6a-4da4-a47b-41b0ab177dc3', '9a3b0aa4-4b57-4573-a130-4322357cd79a'),
    ('Октябрьский', 'a35fe4b7-48a8-4d0c-b017-dc09ca1c44f3', '9a3b0aa4-4b57-4573-a130-4322357cd79a'),
    ('Пролетарский', 'b3ec7847-0cda-44fe-ba46-9f4aff5c9001', '9a3b0aa4-4b57-4573-a130-4322357cd79a'),
    ('Прохоровка', '94197735-90d7-4a33-9147-40653165136e', '9a3b0aa4-4b57-4573-a130-4322357cd79a'),
    ('Пятницкое', 'caf53af7-25ac-4eba-8e50-240960c1ad0c', '9a3b0aa4-4b57-4573-a130-4322357cd79a'),
    ('Разумное', '91571b5f-d0f2-4d49-b5f2-78792821dad7', '9a3b0aa4-4b57-4573-a130-4322357cd79a'),
    ('Ракитное', '30ded3f6-1050-4893-a8bf-2e4ef8fb4c4c', '9a3b0aa4-4b57-4573-a130-4322357cd79a'),
    ('Ровеньки', '1b60652c-1f4c-4e2f-a307-d68a44976509', '9a3b0aa4-4b57-4573-a130-4322357cd79a'),
    ('Северный', 'c6cdac8d-a3a9-40b9-9e3b-62e0aa749456', '9a3b0aa4-4b57-4573-a130-4322357cd79a'),
    ('Томаровка', 'ff568331-496e-419a-865d-f0559aa17faf', '9a3b0aa4-4b57-4573-a130-4322357cd79a'),
    ('Уразово', 'ab3c0132-ea6e-4915-8b69-eafe7e8d807a', '9a3b0aa4-4b57-4573-a130-4322357cd79a'),
    ('Чернянка', '8acdf9e5-17a5-4167-811a-a3ae39a24399', '9a3b0aa4-4b57-4573-a130-4322357cd79a'),
    ('Яковлево', 'ac768a99-447d-41ea-85c9-e7962d799213', '9a3b0aa4-4b57-4573-a130-4322357cd79a');

INSERT INTO region (id, "name", country_id)
VALUES ('c50ae1e7-c746-4d77-818b-a9cb46c34f2d', 'Брянская область', 'e7156acf-b118-4a23-92e4-8b2579ed798a');

INSERT INTO populated_locality ("name", id, region_id)
VALUES ('Брянск', '05bc2bb7-0913-4815-a03b-d84260a449d2', 'c50ae1e7-c746-4d77-818b-a9cb46c34f2d'),
    ('Дятьково', '346e4f7d-4053-4f93-bda7-97358af71dba', 'c50ae1e7-c746-4d77-818b-a9cb46c34f2d'),
    ('Жуковка', 'c1d19d30-b783-4f14-9c2a-d63ccf774119', 'c50ae1e7-c746-4d77-818b-a9cb46c34f2d'),
    ('Злынка', '6987ecc7-bbe9-41f8-a3b8-c150c1488c81', 'c50ae1e7-c746-4d77-818b-a9cb46c34f2d'),
    ('Карачев', '717e63dc-2365-457f-9512-ecdd72e34b2a', 'c50ae1e7-c746-4d77-818b-a9cb46c34f2d'),
    ('Клинцы', '87e5db13-3970-433e-99a3-5a3a10e3c727', 'c50ae1e7-c746-4d77-818b-a9cb46c34f2d'),
    ('Мглин', '6aa71507-98b8-4be9-9d62-e3bb24a428bb', 'c50ae1e7-c746-4d77-818b-a9cb46c34f2d'),
    ('Новозыбков', '5fcce8ac-edaa-4baf-a044-a6e9cb23b045', 'c50ae1e7-c746-4d77-818b-a9cb46c34f2d'),
    ('Почеп', 'af6f10d4-4787-4dfa-a899-b7f36f1e28f7', 'c50ae1e7-c746-4d77-818b-a9cb46c34f2d'),
    ('Севск', 'cd6a2618-7dd7-4046-8f54-f792ca994e9f', 'c50ae1e7-c746-4d77-818b-a9cb46c34f2d'),
    ('Сельцо', 'd1fb4f10-1005-475e-90b0-89c0f30064ab', 'c50ae1e7-c746-4d77-818b-a9cb46c34f2d'),
    ('Стародуб', 'a4807a0f-8f1b-4b15-8632-ed30309a4607', 'c50ae1e7-c746-4d77-818b-a9cb46c34f2d'),
    ('Сураж', '5d55d432-30c9-4a8e-8ce3-55d17239a8bd', 'c50ae1e7-c746-4d77-818b-a9cb46c34f2d'),
    ('Трубчевск', '79e38d04-9c29-4c15-b679-47576a888f64', 'c50ae1e7-c746-4d77-818b-a9cb46c34f2d'),
    ('Унеча', '74b6b7fd-145a-4d40-9e59-1358d3ad0094', 'c50ae1e7-c746-4d77-818b-a9cb46c34f2d'),
    ('Фокино', '4c59456c-65db-44cf-b7f4-7c347a2acddf', 'c50ae1e7-c746-4d77-818b-a9cb46c34f2d');
INSERT INTO populated_locality ("name", id, region_id)
VALUES ('Алтухово', 'ec91a8fa-1245-472d-8c7c-7d2becf39ea9', 'c50ae1e7-c746-4d77-818b-a9cb46c34f2d'),
    ('Белая Берёзка', 'ccf4483e-b6c2-491a-a931-b5a6d134e56c', 'c50ae1e7-c746-4d77-818b-a9cb46c34f2d'),
    ('Белые Берега', 'b4f24319-e980-4d7c-bda9-9fda7571b634', 'c50ae1e7-c746-4d77-818b-a9cb46c34f2d'),
    ('Большое Полпино', 'eee944f6-9db5-4b88-83f4-9a0d1a2830f0', 'c50ae1e7-c746-4d77-818b-a9cb46c34f2d'),
    ('Бытошь', 'c21ec6ca-f9a1-4033-bd89-ef13f56f0114', 'c50ae1e7-c746-4d77-818b-a9cb46c34f2d'),
    ('Выгоничи', 'ecc2cf99-57e8-4c31-8e79-fb3727e9252a', 'c50ae1e7-c746-4d77-818b-a9cb46c34f2d'),
    ('Вышков', 'd925144a-bcd5-4ead-a6a1-545d2c8e0341', 'c50ae1e7-c746-4d77-818b-a9cb46c34f2d'),
    ('Дубровка', '1bc554d1-ab0b-45b5-a355-81523593a97f', 'c50ae1e7-c746-4d77-818b-a9cb46c34f2d'),
    ('Ивот', '4b151f7e-33ad-49fd-afa2-41fec0b4bc6d', 'c50ae1e7-c746-4d77-818b-a9cb46c34f2d'),
    ('Клетня', '89c1c778-a853-4648-85c1-ff5ce122873f', 'c50ae1e7-c746-4d77-818b-a9cb46c34f2d'),
    ('Климово', '727af6e4-33f9-4260-aebc-b5bbf58d7f6a', 'c50ae1e7-c746-4d77-818b-a9cb46c34f2d'),
    ('Кокоревка', '70986918-a331-4400-b07b-a859c8abddbe', 'c50ae1e7-c746-4d77-818b-a9cb46c34f2d'),
    ('Комаричи', '120c1579-535d-48ee-86bc-55574687a5ed', 'c50ae1e7-c746-4d77-818b-a9cb46c34f2d'),
    ('Красная Гора', 'aeceb69f-d12a-4b1e-ae3e-e0a7f0e534cc', 'c50ae1e7-c746-4d77-818b-a9cb46c34f2d'),
    ('Локоть', '204889ea-ad82-4db3-9395-9c4f3f7a3013', 'c50ae1e7-c746-4d77-818b-a9cb46c34f2d'),
    ('Любохна', 'da076fce-ae93-440c-8d7f-cb3cbf3bf2d4', 'c50ae1e7-c746-4d77-818b-a9cb46c34f2d'),
    ('Навля', '543fde45-f351-4bbf-8ddd-b5d070191a63', 'c50ae1e7-c746-4d77-818b-a9cb46c34f2d'),
    ('Погар', '592fc9f2-3f94-4cec-89a1-9797c32dd929', 'c50ae1e7-c746-4d77-818b-a9cb46c34f2d'),
    ('Радица-Крыловка', '4ca25d3c-89de-4be0-8373-eb37f33a0d7d', 'c50ae1e7-c746-4d77-818b-a9cb46c34f2d'),
    ('Рамасуха', 'a48f2f8c-d3f4-4c1a-a6c3-9cd66079c770', 'c50ae1e7-c746-4d77-818b-a9cb46c34f2d'),
    ('Рогнедино', '2811981a-e696-4ec6-a9da-6e7840bff0ee', 'c50ae1e7-c746-4d77-818b-a9cb46c34f2d'),
    ('Старь', 'ef2b1c95-7797-4970-b463-f4b50f4bcf04', 'c50ae1e7-c746-4d77-818b-a9cb46c34f2d'),
    ('Суземка', '3507f551-8207-4092-aff3-e59c5ffbc581', 'c50ae1e7-c746-4d77-818b-a9cb46c34f2d');

INSERT INTO region (id, "name", country_id)
VALUES ('4e7f3c3c-1385-413f-be42-91e950b2fbba', 'Владимирская область', 'e7156acf-b118-4a23-92e4-8b2579ed798a');

INSERT INTO populated_locality ("name", id, region_id)
VALUES ('Александров', '815a9f97-1dac-47fd-9801-5e629e8f6600', '4e7f3c3c-1385-413f-be42-91e950b2fbba'),
    ('Владимир', '05e8482c-6e16-47ab-bad0-e6a08c3ec50d', '4e7f3c3c-1385-413f-be42-91e950b2fbba'),
    ('Вязники', '610913ba-788c-4161-9687-498e1d7dd0fa', '4e7f3c3c-1385-413f-be42-91e950b2fbba'),
    ('Гороховец', '3546af1a-d768-4ff4-8b86-b2148fd79f45', '4e7f3c3c-1385-413f-be42-91e950b2fbba'),
    ('Гусь-Хрустальный', 'd0738bfd-69ea-428a-9627-31cff95a1365', '4e7f3c3c-1385-413f-be42-91e950b2fbba'),
    ('Камешково', '56e9bf50-bca9-4934-8b26-a3c78c87c803', '4e7f3c3c-1385-413f-be42-91e950b2fbba'),
    ('Карабаново', '2c9fd9f1-e4dd-4710-a1c5-b3f2fa1ed4fa', '4e7f3c3c-1385-413f-be42-91e950b2fbba'),
    ('Киржач', 'bdd53e90-ee94-41db-b446-24a72b0cfc9f', '4e7f3c3c-1385-413f-be42-91e950b2fbba'),
    ('Ковров', '9cdf0de2-f310-41f9-816d-9f6bb77c5ec7', '4e7f3c3c-1385-413f-be42-91e950b2fbba'),
    ('Кольчугино', '9f9d7850-7ac6-4e34-842a-35fc0ba38dfb', '4e7f3c3c-1385-413f-be42-91e950b2fbba'),
    ('Костерёво', 'cde49f1d-749a-436e-906c-4ad7d00e6c73', '4e7f3c3c-1385-413f-be42-91e950b2fbba'),
    ('Курлово', '6a1d8c13-359a-4ff3-909a-c94f2cdda8ed', '4e7f3c3c-1385-413f-be42-91e950b2fbba'),
    ('Лакинск', 'f33e8745-3b64-4b18-bae1-73b2a06bb6fd', '4e7f3c3c-1385-413f-be42-91e950b2fbba'),
    ('Меленки', 'a79f290d-539e-46d7-8cee-8901572cb742', '4e7f3c3c-1385-413f-be42-91e950b2fbba'),
    ('Муром', '52e47a61-4756-43ac-b04a-5805e302e77a', '4e7f3c3c-1385-413f-be42-91e950b2fbba'),
    ('Петушки', '3db1adb0-515c-4482-ba79-c8008b588b0c', '4e7f3c3c-1385-413f-be42-91e950b2fbba'),
    ('Покров', '9a487075-4c94-4499-b35e-9a8e9bcd2270', '4e7f3c3c-1385-413f-be42-91e950b2fbba'),
    ('Радужный', 'c74c168a-2e77-4240-9931-46e0a9d7d6e8', '4e7f3c3c-1385-413f-be42-91e950b2fbba'),
    ('Собинка', '98e050ef-9d67-4070-9866-1dfa721c0724', '4e7f3c3c-1385-413f-be42-91e950b2fbba'),
    ('Струнино', '860fb2f6-aace-4b1f-821c-2754aad1ebda', '4e7f3c3c-1385-413f-be42-91e950b2fbba'),
    ('Судогда', '33bbeaca-7128-44e3-a736-3a23422d129b', '4e7f3c3c-1385-413f-be42-91e950b2fbba'),
    ('Суздаль', 'ec0582b2-3eb8-41d8-a34d-90c51eeb499c', '4e7f3c3c-1385-413f-be42-91e950b2fbba'),
    ('Юрьев-Польский', 'e33f3656-45d8-4b6a-a506-8bfc07956190', '4e7f3c3c-1385-413f-be42-91e950b2fbba');
INSERT INTO populated_locality ("name", id, region_id)
VALUES ('Балакирево', 'b9ffd7ea-f546-408e-8eae-ace543b25131', '4e7f3c3c-1385-413f-be42-91e950b2fbba'),
    ('Вольгинский', 'c0869729-8814-4531-83e9-f40be4569672', '4e7f3c3c-1385-413f-be42-91e950b2fbba'),
    ('Городищи', '1e29e846-b3ed-4a81-92df-7e7426909b3f', '4e7f3c3c-1385-413f-be42-91e950b2fbba'),
    ('Гусевский', 'e00915df-5d82-414e-b3d5-2d2aaaa73523', '4e7f3c3c-1385-413f-be42-91e950b2fbba'),
    ('Красная Горбатка', '1618cb07-981f-42c1-8802-cdfc52d854b0', '4e7f3c3c-1385-413f-be42-91e950b2fbba'),
    ('Мелехово', '1269f7ad-5a76-4680-b375-fbf7a22fb014', '4e7f3c3c-1385-413f-be42-91e950b2fbba'),
    ('Мстёра', 'b5feb397-ef59-4edc-927d-9c383af21d99', '4e7f3c3c-1385-413f-be42-91e950b2fbba'),
    ('Никологоры', 'ed34d1e2-6674-44dc-a7b2-be7e1443c535', '4e7f3c3c-1385-413f-be42-91e950b2fbba'),
    ('Ставрово', 'b059b27f-76d5-4716-ace7-a667c640db4c', '4e7f3c3c-1385-413f-be42-91e950b2fbba');

INSERT INTO region (id, "name", country_id)
VALUES ('2e7e7fec-3b46-43e0-bb79-149bd7241870', 'Волгоградская область', 'e7156acf-b118-4a23-92e4-8b2579ed798a');

INSERT INTO populated_locality ("name", id, region_id)
VALUES ('Волгоград', '8c044fe9-5efa-458a-a10e-25b068863b8a', '2e7e7fec-3b46-43e0-bb79-149bd7241870'),
    ('Волжский', 'd3e9ea24-cd5a-4ebf-88e6-e768b963e6eb', '2e7e7fec-3b46-43e0-bb79-149bd7241870'),
    ('Дубовка', '1a8f7278-6d5c-43fa-a748-7fa8e8bf4c56', '2e7e7fec-3b46-43e0-bb79-149bd7241870'),
    ('Жирновск', '3b549bf4-528c-47ce-82cb-9c5d3a8e62e0', '2e7e7fec-3b46-43e0-bb79-149bd7241870'),
    ('Калач-на-Дону', '22c12a02-7510-442b-8ca5-5463ff920976', '2e7e7fec-3b46-43e0-bb79-149bd7241870'),
    ('Камышин', 'a5e345a8-4852-4e1a-9b2f-7c5831d2be7e', '2e7e7fec-3b46-43e0-bb79-149bd7241870'),
    ('Котельниково', '71d4c92e-8f7f-4d0e-8c14-7da844193d40', '2e7e7fec-3b46-43e0-bb79-149bd7241870'),
    ('Котово', '34eac2e6-3bff-4510-8666-f042888a7f59', '2e7e7fec-3b46-43e0-bb79-149bd7241870'),
    ('Краснослободск', 'edbe674e-b8cf-485b-8173-528f51b42ae5', '2e7e7fec-3b46-43e0-bb79-149bd7241870'),
    ('Ленинск', 'c8c99365-523b-480a-86e0-343506fec154', '2e7e7fec-3b46-43e0-bb79-149bd7241870'),
    ('Михайловка', 'd754008b-d525-4ac0-9368-d73ad7eaf576', '2e7e7fec-3b46-43e0-bb79-149bd7241870'),
    ('Николаевск', '4e0cfe20-8313-42f0-b97e-e47d021be746', '2e7e7fec-3b46-43e0-bb79-149bd7241870'),
    ('Новоаннинский', 'f767db60-82de-486b-86a8-5aeb208bd652', '2e7e7fec-3b46-43e0-bb79-149bd7241870'),
    ('Палласовка', '7cb620e6-d52a-42d9-b110-16247fc7d501', '2e7e7fec-3b46-43e0-bb79-149bd7241870'),
    ('Петров Вал', '0daf1cde-6db7-4b70-b9c1-04c4293c98ee', '2e7e7fec-3b46-43e0-bb79-149bd7241870'),
    ('Серафимович', 'd059cf31-d9b8-4c81-a16e-0a879c6d2fec', '2e7e7fec-3b46-43e0-bb79-149bd7241870'),
    ('Суровикино', '1b0e43da-e53e-420b-9041-88b8e1003f3a', '2e7e7fec-3b46-43e0-bb79-149bd7241870'),
    ('Урюпинск', '2604e75b-17e7-4c1f-a22b-3024e5d63152', '2e7e7fec-3b46-43e0-bb79-149bd7241870'),
    ('Фролово', '8634a6f8-5f98-48d9-bf5c-099a2187e7ac', '2e7e7fec-3b46-43e0-bb79-149bd7241870');

INSERT INTO region (id, "name", country_id)
VALUES ('fc022776-35cb-43ce-8f40-b01bdb996950', 'Вологодская область', 'e7156acf-b118-4a23-92e4-8b2579ed798a');

INSERT INTO populated_locality ("name", id, region_id)
VALUES ('Бабаево', 'bdbcb29b-e07e-4de9-afec-660fcd85983a', 'fc022776-35cb-43ce-8f40-b01bdb996950'),
    ('Белозерск', 'a1af278f-74b6-4131-93e4-b32223e50cd7', 'fc022776-35cb-43ce-8f40-b01bdb996950'),
    ('Великий Устюг', '7023c34c-e634-4c1e-86cf-d6945f6ca1f2', 'fc022776-35cb-43ce-8f40-b01bdb996950'),
    ('Вологда', '91e75012-ce7e-4fc1-8879-37f71c7408f9', 'fc022776-35cb-43ce-8f40-b01bdb996950'),
    ('Вытегра', '1c396291-e3de-4eb8-9061-7c5b561f598b', 'fc022776-35cb-43ce-8f40-b01bdb996950'),
    ('Грязовец', '974a85cc-fae6-4ea9-8ba2-1ed62686e43f', 'fc022776-35cb-43ce-8f40-b01bdb996950'),
    ('Кадников', 'ca33a84c-2848-414c-a81a-1e1940c274ea', 'fc022776-35cb-43ce-8f40-b01bdb996950'),
    ('Кириллов', 'c126fe3c-b38c-404e-86f0-0b22b5c52d58', 'fc022776-35cb-43ce-8f40-b01bdb996950'),
    ('Красавино', 'b11d48d8-b624-4427-a7e8-e7ccfa34cbff', 'fc022776-35cb-43ce-8f40-b01bdb996950'),
    ('Никольск', 'e7048edf-02c0-482c-84a9-f5436f4efcd2', 'fc022776-35cb-43ce-8f40-b01bdb996950'),
    ('Сокол', '472861ce-d1a3-4e6b-9f0e-267ac504f044', 'fc022776-35cb-43ce-8f40-b01bdb996950'),
    ('Тотьма', 'afd905db-06fe-4a83-bdbf-473fff1b084c', 'fc022776-35cb-43ce-8f40-b01bdb996950'),
    ('Устюжна', '92bec4d1-0d3e-4332-9bd1-6b78828efaa6', 'fc022776-35cb-43ce-8f40-b01bdb996950'),
    ('Харовск', '6a2cb75d-d128-4f09-9407-a6d093e8ad18', 'fc022776-35cb-43ce-8f40-b01bdb996950'),
    ('Череповец', '5bc4f919-a2c7-48f3-a45c-252f05490590', 'fc022776-35cb-43ce-8f40-b01bdb996950');
INSERT INTO populated_locality ("name", id, region_id)
VALUES ('Вожега', '9ce74608-d906-4f5b-9652-7f1ab445a350', 'fc022776-35cb-43ce-8f40-b01bdb996950'),
    ('Вохтога', '022fb339-c0be-49c2-824b-d11e3b13b0d5', 'fc022776-35cb-43ce-8f40-b01bdb996950'),
    ('Кадуй', 'ff5573be-5f11-4bf0-9c57-e559f5560a67', 'fc022776-35cb-43ce-8f40-b01bdb996950'),
    ('Кузино', '126b7ef8-bd03-493f-b73e-2aea96e45801', 'fc022776-35cb-43ce-8f40-b01bdb996950'),
    ('Сазоново', '4f5da05c-7b91-498c-95a9-e933719011ac', 'fc022776-35cb-43ce-8f40-b01bdb996950'),
    ('Хохлово', '9dfaf9a2-fcda-497d-8496-ff5fdfca2591', 'fc022776-35cb-43ce-8f40-b01bdb996950'),
    ('Чагода', '657a7388-7c76-4036-b8b0-dcd1167b00c1', 'fc022776-35cb-43ce-8f40-b01bdb996950'),
    ('Шексна', 'dd73282d-a19e-445a-8b33-6c23464b97dc', 'fc022776-35cb-43ce-8f40-b01bdb996950');

INSERT INTO region (id, "name", country_id)
VALUES ('f203f44a-701f-415c-ae62-4230566e3380', 'Воронежская область', 'e7156acf-b118-4a23-92e4-8b2579ed798a');

INSERT INTO populated_locality ("name", id, region_id)
VALUES ('Бобров', '8dd00e58-dbe5-42f2-a62e-4c1eb92c9f70', 'f203f44a-701f-415c-ae62-4230566e3380'),
    ('Борисоглебск', '8e519660-4f3e-4daa-8475-70c755612f3d', 'f203f44a-701f-415c-ae62-4230566e3380'),
    ('Богучар', '38999d46-c155-461e-8d57-e56c026841b6', 'f203f44a-701f-415c-ae62-4230566e3380'),
    ('Бутурлиновка', 'd9c0e81f-8c8a-49d9-b5ee-f7d2a0e2a52c', 'f203f44a-701f-415c-ae62-4230566e3380'),
    ('Воронеж', '09bb6727-6c59-4424-a250-7af9a3ea2193', 'f203f44a-701f-415c-ae62-4230566e3380'),
    ('Калач', '5323f049-2930-4a4d-9f42-feb5ad2923dd', 'f203f44a-701f-415c-ae62-4230566e3380'),
    ('Лиски', 'cf1aa6cb-1c11-49cc-bc31-bd3d6702d1cf', 'f203f44a-701f-415c-ae62-4230566e3380'),
    ('Нововоронеж', '0d022fd0-f4f1-4dc4-bec0-cff61e6c1597', 'f203f44a-701f-415c-ae62-4230566e3380'),
    ('Новохопёрск', 'ba4bef3e-931f-4a94-8bb9-cb0967e5bd58', 'f203f44a-701f-415c-ae62-4230566e3380'),
    ('Острогожск', 'b8d907da-185d-40f2-b012-4e44fcb5f669', 'f203f44a-701f-415c-ae62-4230566e3380'),
    ('Павловск', '7b08ee30-68f2-44d2-9478-d99e9b555b0f', 'f203f44a-701f-415c-ae62-4230566e3380'),
    ('Поворино', 'fa338a7d-66ac-4269-bc11-649db9608881', 'f203f44a-701f-415c-ae62-4230566e3380'),
    ('Россошь', 'ede1c275-62e4-4715-a810-44e8d2bc4fbb', 'f203f44a-701f-415c-ae62-4230566e3380'),
    ('Семилуки', '8fb16ec2-c1b0-46d5-a4df-4537a50a8140', 'f203f44a-701f-415c-ae62-4230566e3380'),
    ('Эртиль', 'd1d7fa3d-dd16-43b5-9059-7d185c387f43', 'f203f44a-701f-415c-ae62-4230566e3380');
INSERT INTO populated_locality ("name", id, region_id)
VALUES ('Анна', '9518b35c-2ef2-4313-9c05-00aa10f7a082', 'f203f44a-701f-415c-ae62-4230566e3380'),
    ('Грибановский', '701b9b82-02cb-4a79-b0b2-a8514b5fcb21', 'f203f44a-701f-415c-ae62-4230566e3380'),
    ('Давыдовка', 'fe866625-ca47-4249-a214-e951c7968962', 'f203f44a-701f-415c-ae62-4230566e3380'),
    ('Елань-Коленовский', 'e9febd42-dd43-4411-be0b-7bbdc776612a', 'f203f44a-701f-415c-ae62-4230566e3380'),
    ('Каменка', '2abba191-0c2d-47fb-b2dd-387e5749bb1c', 'f203f44a-701f-415c-ae62-4230566e3380'),
    ('Кантемировка', 'f7011c0c-0618-46a9-8454-c616bb1ca5f8', 'f203f44a-701f-415c-ae62-4230566e3380'),
    ('Латная', '362af473-bc18-4dfb-b2fc-a5561863b46d', 'f203f44a-701f-415c-ae62-4230566e3380'),
    ('Нижний Кисляй', '1edd4ca8-c03e-45a1-8520-102992a24510', 'f203f44a-701f-415c-ae62-4230566e3380'),
    ('Новохопёрский', '64b4910e-6b28-4eb5-b99c-c1917c02f990', 'f203f44a-701f-415c-ae62-4230566e3380'),
    ('Ольховатка', 'f09d95a5-60d3-41ac-92ac-d05cbb619058', 'f203f44a-701f-415c-ae62-4230566e3380'),
    ('Панино', 'bd9e9a41-99d7-4028-bb03-45d3cf221b08', 'f203f44a-701f-415c-ae62-4230566e3380'),
    ('Перелёшинский', '6036ea24-434c-4609-9a29-5a4a25a8b284', 'f203f44a-701f-415c-ae62-4230566e3380'),
    ('Подгоренский', '08578f5e-55d9-426c-a97f-f7b7c38adde4', 'f203f44a-701f-415c-ae62-4230566e3380'),
    ('Рамонь', 'd4688eee-dc9b-4a2e-aa36-a8b72b884a25', 'f203f44a-701f-415c-ae62-4230566e3380'),
    ('Стрелица', 'c3e33b76-c996-4a2a-ad31-1f0099376a5b', 'f203f44a-701f-415c-ae62-4230566e3380'),
    ('Таловая', '4a5d7e31-b4ee-4a76-a83d-731fd04bd4dc', 'f203f44a-701f-415c-ae62-4230566e3380'),
    ('Хохольский', '8416897f-ea47-4037-8167-57509de7bb82', 'f203f44a-701f-415c-ae62-4230566e3380');

INSERT INTO region (id, "name", country_id)
VALUES ('dfce2f74-b105-45ec-ad5a-827d5d5fe280', 'Ивановская область', 'e7156acf-b118-4a23-92e4-8b2579ed798a');

INSERT INTO populated_locality ("name", id, region_id)
VALUES ('Вичуга', '6c7f3e31-211f-48ce-8543-5ab1e8d21d1e', 'dfce2f74-b105-45ec-ad5a-827d5d5fe280'),
    ('Гаврилов Посад', 'd836956f-1a46-4dee-a884-8b52c3e2b432', 'dfce2f74-b105-45ec-ad5a-827d5d5fe280'),
    ('Заволжск', '962faed9-2814-4b1f-a28f-6344a143d1e3', 'dfce2f74-b105-45ec-ad5a-827d5d5fe280'),
    ('Иваново', '9a227a00-2e36-4e9a-88f2-7aa86506dd32', 'dfce2f74-b105-45ec-ad5a-827d5d5fe280'),
    ('Кинешма', '564bc115-a40f-42db-a6a4-c83d3efc4f0e', 'dfce2f74-b105-45ec-ad5a-827d5d5fe280'),
    ('Комсомольск', '10086451-446b-4647-aa4b-082b5145a1e2', 'dfce2f74-b105-45ec-ad5a-827d5d5fe280'),
    ('Кохма', '6cff7f4d-11f9-49cb-b178-84332d9df5e2', 'dfce2f74-b105-45ec-ad5a-827d5d5fe280'),
    ('Наволоки', 'fa819379-8414-4111-8d53-895d2a56b0c4', 'dfce2f74-b105-45ec-ad5a-827d5d5fe280'),
    ('Плёс', '252460d7-735a-4ee2-a702-86ef6390a6ba', 'dfce2f74-b105-45ec-ad5a-827d5d5fe280'),
    ('Приволжск', '88267981-74d9-4d85-a352-c0617cd2b037', 'dfce2f74-b105-45ec-ad5a-827d5d5fe280'),
    ('Пучеж', '49579554-c797-4caf-93cd-027169bfcfd0', 'dfce2f74-b105-45ec-ad5a-827d5d5fe280'),
    ('Родники', 'a157d7f8-839c-4664-912c-ea31f0459b36', 'dfce2f74-b105-45ec-ad5a-827d5d5fe280'),
    ('Тейково', 'a697fdf4-f366-4395-823c-5042c88c9e6d', 'dfce2f74-b105-45ec-ad5a-827d5d5fe280'),
    ('Фурманов', '9076cf46-e332-4c73-b141-f1c1b8c52e50', 'dfce2f74-b105-45ec-ad5a-827d5d5fe280'),
    ('Шуя', '69647314-c3c0-4035-9560-9b3d192107ef', 'dfce2f74-b105-45ec-ad5a-827d5d5fe280'),
    ('Южа', '7dc03e91-685a-402c-9dfd-261b153395bb', 'dfce2f74-b105-45ec-ad5a-827d5d5fe280'),
    ('Юрьевец', 'db311633-2c70-4816-99a5-0f4a06647adf', 'dfce2f74-b105-45ec-ad5a-827d5d5fe280');
INSERT INTO populated_locality ("name", id, region_id)
VALUES ('Верхний Ландех', '2a263cb6-2634-4f1b-8be2-ca6118d65d82', 'dfce2f74-b105-45ec-ad5a-827d5d5fe280'),
    ('Ильинское-Хованское', '368ba377-16d1-47db-b4d4-886603a73373', 'dfce2f74-b105-45ec-ad5a-827d5d5fe280'),
    ('Каменка', '2aa04654-3a78-473c-a7b1-404a3ff0a560', 'dfce2f74-b105-45ec-ad5a-827d5d5fe280'),
    ('Колобово', 'ec46b53a-c485-49e2-8a97-018a552b72c2', 'dfce2f74-b105-45ec-ad5a-827d5d5fe280'),
    ('Лежнево', '0ab9ea04-d1f4-45b9-a5f5-087d83351500', 'dfce2f74-b105-45ec-ad5a-827d5d5fe280'),
    ('Лух', '073e5b4d-4795-458d-a080-419f8f3bc8b4', 'dfce2f74-b105-45ec-ad5a-827d5d5fe280'),
    ('Нерль', 'c0c0658c-8277-43fa-8d20-e8fa4416014b', 'dfce2f74-b105-45ec-ad5a-827d5d5fe280'),
    ('Новописцово', '9b2a46cd-8fe2-4f18-8f38-0cf0813aa1e4', 'dfce2f74-b105-45ec-ad5a-827d5d5fe280'),
    ('Палех', 'b642202b-7fc4-4567-a510-a8677f5a3861', 'dfce2f74-b105-45ec-ad5a-827d5d5fe280'),
    ('Пестяки', '91d452ff-7390-4986-9580-06cce684d2c2', 'dfce2f74-b105-45ec-ad5a-827d5d5fe280'),
    ('Петровский', '3b94e264-f820-4222-8be1-79d5e3ca3c86', 'dfce2f74-b105-45ec-ad5a-827d5d5fe280'),
    ('Савино', 'e4bbc702-cad0-41f7-8829-e1e8b120836e', 'dfce2f74-b105-45ec-ad5a-827d5d5fe280'),
    ('Старая Вичуга', '6da4bad9-0743-4e84-bb2b-6fa5c35df3eb', 'dfce2f74-b105-45ec-ad5a-827d5d5fe280');

INSERT INTO region (id, "name", country_id)
VALUES ('91a5cf83-6381-4c4f-81af-e978a2b024a1', 'Иркутская область', 'e7156acf-b118-4a23-92e4-8b2579ed798a');

INSERT INTO populated_locality ("name", id, region_id)
VALUES ('Алзамай', 'd81d4b1c-ad3b-40f5-9aa0-c7910581de86', '91a5cf83-6381-4c4f-81af-e978a2b024a1'),
    ('Ангарск', 'cb830e6a-d738-4789-932c-7cf059945342', '91a5cf83-6381-4c4f-81af-e978a2b024a1'),
    ('Байкальск', '2a3f02be-e1f8-45ef-a088-2480ad550d7e', '91a5cf83-6381-4c4f-81af-e978a2b024a1'),
    ('Бирюсинск', '4764cede-8137-4db0-a42d-1331d83fbe63', '91a5cf83-6381-4c4f-81af-e978a2b024a1'),
    ('Бодайбо', 'e5615057-9a2b-4109-b7cc-b5d688bf580e', '91a5cf83-6381-4c4f-81af-e978a2b024a1'),
    ('Братск', '8b99a819-f34d-4d2c-a24b-54c97b9ad460', '91a5cf83-6381-4c4f-81af-e978a2b024a1'),
    ('Вихоревка', 'de0e08f8-6cff-4cac-af3c-d847d1c7109a', '91a5cf83-6381-4c4f-81af-e978a2b024a1'),
    ('Железногорск-Илимский', '66186e5f-7259-46c6-a395-8f3f35d4fd2b', '91a5cf83-6381-4c4f-81af-e978a2b024a1'),
    ('Зима', 'df9828f6-b0cb-41e4-9839-70ba00d66fa3', '91a5cf83-6381-4c4f-81af-e978a2b024a1'),
    ('Иркутск', '7b46030c-43c4-480e-ae52-a55814113043', '91a5cf83-6381-4c4f-81af-e978a2b024a1'),
    ('Киренск', 'a0e5f72e-47be-417c-bf51-a215a98a2d5d', '91a5cf83-6381-4c4f-81af-e978a2b024a1'),
    ('Нижнеудинск', '29484499-3c61-403f-9d5b-f949adf58dd6', '91a5cf83-6381-4c4f-81af-e978a2b024a1'),
    ('Саянск', 'c3e76082-9e75-4c98-aba2-a761f892b143', '91a5cf83-6381-4c4f-81af-e978a2b024a1'),
    ('Свирск', '16539651-b33e-44e5-b0d7-84d4894d48a6', '91a5cf83-6381-4c4f-81af-e978a2b024a1'),
    ('Слюдянка', '981c3086-d530-4b65-b9c7-b23e372dd626', '91a5cf83-6381-4c4f-81af-e978a2b024a1'),
    ('Тайшет', '457ce2e5-ae65-4f6c-8e4a-f9d71e54a4f9', '91a5cf83-6381-4c4f-81af-e978a2b024a1'),
    ('Тулун', '57e965c1-0fcc-41fe-b164-5702b8fdc953', '91a5cf83-6381-4c4f-81af-e978a2b024a1'),
    ('Усолье-Сибирское', 'ab9b718e-01c6-4544-9683-b1d3e108e1c9', '91a5cf83-6381-4c4f-81af-e978a2b024a1'),
    ('Усть-Илимск', '055061de-157f-47a2-8933-ba270063cca6', '91a5cf83-6381-4c4f-81af-e978a2b024a1'),
    ('Усть-Кут', '2956348f-af74-422b-9185-0aabc0b63e71', '91a5cf83-6381-4c4f-81af-e978a2b024a1'),
    ('Черемхово', '16d627b9-9b18-4304-952c-8a2b7b6f2e47', '91a5cf83-6381-4c4f-81af-e978a2b024a1'),
    ('Шелехов', 'a8efe5f3-43a6-4210-ad02-fa29fac41ded', '91a5cf83-6381-4c4f-81af-e978a2b024a1');
INSERT INTO populated_locality ("name", id, region_id)
VALUES ('Алексеевск', '6ca2a547-0849-4a48-94a1-e0b04dc97a10', '91a5cf83-6381-4c4f-81af-e978a2b024a1'),
    ('Артёмовский', 'c44a791b-970c-4a7f-b611-57a86e2b88ab', '91a5cf83-6381-4c4f-81af-e978a2b024a1'),
    ('Атагай', '5b20c998-671e-4d50-a605-972d7dfbd86d', '91a5cf83-6381-4c4f-81af-e978a2b024a1'),
    ('Балахнинский', 'b464247c-c5d3-49fd-a8a4-f6ec71823e12', '91a5cf83-6381-4c4f-81af-e978a2b024a1'),
    ('Белореченский', '10d7e492-79a0-4fa0-8491-452d34103792', '91a5cf83-6381-4c4f-81af-e978a2b024a1'),
    ('Большая Речка', 'be504478-4737-43ed-baa8-b18fed03c0f0', '91a5cf83-6381-4c4f-81af-e978a2b024a1'),
    ('Видим', 'fd985124-7703-49a1-9fa5-434914c260d0', '91a5cf83-6381-4c4f-81af-e978a2b024a1'),
    ('Витимский', 'c5973b2f-ddca-4adb-95c1-bf34d553729f', '91a5cf83-6381-4c4f-81af-e978a2b024a1'),
    ('Железнодорожный', '143243fd-23e0-44f2-b2e2-1fdbeaa13587', '91a5cf83-6381-4c4f-81af-e978a2b024a1'),
    ('Жигалово', '5b3a6eba-6fdb-4673-a717-c12cb3823ce5', '91a5cf83-6381-4c4f-81af-e978a2b024a1'),
    ('Залари', 'c8dc0204-786b-42c9-b620-ea6df654df58', '91a5cf83-6381-4c4f-81af-e978a2b024a1'),
    ('Звёздный', '58b51019-d065-4a85-9245-46cecf225cf8', '91a5cf83-6381-4c4f-81af-e978a2b024a1'),
    ('Качук', 'd1114b25-7fe6-4a0a-b4df-87469d250cb1', '91a5cf83-6381-4c4f-81af-e978a2b024a1'),
    ('Квиток', '03f95762-9f49-45b8-8f38-ca14b223e4cc', '91a5cf83-6381-4c4f-81af-e978a2b024a1'),
    ('Кропоткин', 'b70e7d24-cfcf-456d-83ed-2cceda08ed34', '91a5cf83-6381-4c4f-81af-e978a2b024a1'),
    ('Куйтун', '350dd71f-ce0c-4fb4-953d-5d83a10a7257', '91a5cf83-6381-4c4f-81af-e978a2b024a1'),
    ('Култук', '1fa8b328-c0c8-4e32-bb35-e532e1a00fe8', '91a5cf83-6381-4c4f-81af-e978a2b024a1'),
    ('Кунерма', 'de0cb477-d412-4654-90a9-6927b0450a99', '91a5cf83-6381-4c4f-81af-e978a2b024a1'),
    ('Лесогорск', '9c8d2cbb-e69d-4855-8acd-7ae599dc6d36', '91a5cf83-6381-4c4f-81af-e978a2b024a1'),
    ('Листвянка', '8e4c0896-196b-45a4-9bfa-11a679548dac', '91a5cf83-6381-4c4f-81af-e978a2b024a1'),
    ('Луговский', 'b4500e68-4a41-494f-8df2-cae326015f01', '91a5cf83-6381-4c4f-81af-e978a2b024a1'),
    ('Магистральный', 'e95495ac-4033-422d-8871-51f93017cfd9', '91a5cf83-6381-4c4f-81af-e978a2b024a1'),
    ('Мама', '59b78816-4640-4f97-bca8-5acd14c3f1e2', '91a5cf83-6381-4c4f-81af-e978a2b024a1'),
    ('Мамакан', '12c4f7f2-67c6-492b-8380-fa1fbed26762', '91a5cf83-6381-4c4f-81af-e978a2b024a1'),
    ('Маркова', 'f2026cc5-0d8d-4d9f-a531-3c63f1fcf081', '91a5cf83-6381-4c4f-81af-e978a2b024a1'),
    ('Михайловка', '53bc7a89-045e-45e7-bcb5-ae5770855fab', '91a5cf83-6381-4c4f-81af-e978a2b024a1'),
    ('Мишелёвка', 'f01b0f37-be9a-4c64-89a4-fe46b64d9c84', '91a5cf83-6381-4c4f-81af-e978a2b024a1'),
    ('Новая Игирма', '60d34225-3114-4d98-a54d-e9ea96d78744', '91a5cf83-6381-4c4f-81af-e978a2b024a1'),
    ('Новобирюсинский', '25a9bade-ab88-4c6e-a0b9-9c64c098c06c', '91a5cf83-6381-4c4f-81af-e978a2b024a1'),
    ('Октябрьский', 'ed38deb4-a2df-424a-aee5-cd3e0b771e22', '91a5cf83-6381-4c4f-81af-e978a2b024a1'),
    ('Радищев', '37a516bd-261b-4103-80c5-6047e99ac001', '91a5cf83-6381-4c4f-81af-e978a2b024a1'),
    ('Рудногорск', '1760f573-b296-4e5d-9f7f-c8f56489e317', '91a5cf83-6381-4c4f-81af-e978a2b024a1'),
    ('Средний', '1912f398-4d6c-497c-9afa-905d42482312', '91a5cf83-6381-4c4f-81af-e978a2b024a1'),
    ('Тайтурка', '1c2c388a-22cb-44ab-b6c4-13b74fbeda28', '91a5cf83-6381-4c4f-81af-e978a2b024a1'),
    ('Тельма', '7d3ee8c6-3112-4c12-8774-f857368f0d2b', '91a5cf83-6381-4c4f-81af-e978a2b024a1'),
    ('Тыреть 1-я', '2b96d29c-b6dc-479a-8c13-5ecbdd48b53d', '91a5cf83-6381-4c4f-81af-e978a2b024a1'),
    ('Ук', '0eaf9558-f583-4ab8-8844-03e19409841b', '91a5cf83-6381-4c4f-81af-e978a2b024a1'),
    ('Улькан', 'b2c55da8-567b-4107-8ba9-c94b1d9fce01', '91a5cf83-6381-4c4f-81af-e978a2b024a1'),
    ('Хребтовая', '96fbfd11-4705-4a28-9c97-52bcc5406e25', '91a5cf83-6381-4c4f-81af-e978a2b024a1'),
    ('Чунский', '9eeb66c1-e0d6-4d02-9936-4663cb349249', '91a5cf83-6381-4c4f-81af-e978a2b024a1'),
    ('Шестаково', 'edafefc3-6317-45e7-8c14-fad71a3aeee2', '91a5cf83-6381-4c4f-81af-e978a2b024a1'),
    ('Шиткино', '2c150b8a-5819-48d5-9ec3-9ffe91402e7c', '91a5cf83-6381-4c4f-81af-e978a2b024a1'),
    ('Шумский', '5d50dd5b-2fb6-40c3-91d3-39397e4e7e19', '91a5cf83-6381-4c4f-81af-e978a2b024a1'),
    ('Юрты', '39e00dcb-0a30-418c-9bbd-9c9d5632a12d', '91a5cf83-6381-4c4f-81af-e978a2b024a1'),
    ('Янгель', 'bc175e66-7f85-4c66-a2fa-2cee4264dd2b', '91a5cf83-6381-4c4f-81af-e978a2b024a1'),
    ('Янталь', '92c08797-477c-4b28-b3f5-250eb50d8f2e', '91a5cf83-6381-4c4f-81af-e978a2b024a1');

INSERT INTO region (id, "name", country_id)
VALUES ('ebefc399-bcbd-4afd-871c-f5986e145478', 'Калининградская область', 'e7156acf-b118-4a23-92e4-8b2579ed798a');

INSERT INTO populated_locality ("name", id, region_id)
VALUES ('Багратионовск', '619594f4-fc4a-486a-ac62-f934df6a6ed4', 'ebefc399-bcbd-4afd-871c-f5986e145478'),
    ('Балтийск', '53efedf1-3b64-4c97-a7a1-8f053a11b3e6', 'ebefc399-bcbd-4afd-871c-f5986e145478'),
    ('Гвардейск', '7cbf9304-8a71-4183-9705-b2c3d831ce53', 'ebefc399-bcbd-4afd-871c-f5986e145478'),
    ('Гурьевск', '2432a948-d127-4804-8934-86db13850440', 'ebefc399-bcbd-4afd-871c-f5986e145478'),
    ('Гусев', '0b6c7533-7f56-433e-b26f-c43a254ab7d7', 'ebefc399-bcbd-4afd-871c-f5986e145478'),
    ('Зеленоградск', 'd5d15c52-7cd4-4e4a-862d-3ac61afbd210', 'ebefc399-bcbd-4afd-871c-f5986e145478'),
    ('Калининград', '53f80a55-0671-4aa1-8b95-f3f37194eb1a', 'ebefc399-bcbd-4afd-871c-f5986e145478'),
    ('Краснознаменск', '84fda834-8d41-48fb-9277-77badb7f6089', 'ebefc399-bcbd-4afd-871c-f5986e145478'),
    ('Ладушкин', 'a1e39051-cae8-4dd3-80b4-0c955567f92a', 'ebefc399-bcbd-4afd-871c-f5986e145478'),
    ('Мамоново', '7622d144-ca62-4199-95c9-7c5accd5dfb6', 'ebefc399-bcbd-4afd-871c-f5986e145478'),
    ('Неман', '97ddad35-5c68-449a-baef-51d9631bd0fe', 'ebefc399-bcbd-4afd-871c-f5986e145478'),
    ('Нестеров', '926c279b-bb91-4227-85cc-c62ed4d2bd4f', 'ebefc399-bcbd-4afd-871c-f5986e145478'),
    ('Озёрск', '06c8a77c-bb8c-49ea-b847-f2535dc4668a', 'ebefc399-bcbd-4afd-871c-f5986e145478'),
    ('Пионерский', 'b005097d-c2fb-4a6f-b4ec-9c21b51395a0', 'ebefc399-bcbd-4afd-871c-f5986e145478'),
    ('Полесск', '580bd917-4ad1-4d4c-8af7-14d128b453e2', 'ebefc399-bcbd-4afd-871c-f5986e145478'),
    ('Правдинск', '65debf16-64d4-4216-99f3-04eac557bc88', 'ebefc399-bcbd-4afd-871c-f5986e145478'),
    ('Приморск', '34873359-9b61-48d8-9f49-0b37dd84fe67', 'ebefc399-bcbd-4afd-871c-f5986e145478'),
    ('Светлогорск', '533562de-5d95-417d-870d-2783222bea2a', 'ebefc399-bcbd-4afd-871c-f5986e145478'),
    ('Светлый', '91372cfd-a9e1-481e-8a9e-ff89aeb6c811', 'ebefc399-bcbd-4afd-871c-f5986e145478'),
    ('Славск', 'b44285a5-5116-4b30-bf73-aadf99b5abc4', 'ebefc399-bcbd-4afd-871c-f5986e145478'),
    ('Советск', 'e416182f-47ca-4428-8295-37a5eac6e8c8', 'ebefc399-bcbd-4afd-871c-f5986e145478'),
    ('Черняховск', '9adccaa6-c311-4500-9657-9bd4b36bea45', 'ebefc399-bcbd-4afd-871c-f5986e145478');
INSERT INTO populated_locality ("name", id, region_id)
VALUES ('Донское', 'd3d5c163-d4e0-4302-9c10-cb3804c05940', 'ebefc399-bcbd-4afd-871c-f5986e145478'),
    ('Приморье', '14886fbd-fc88-4f8f-ba77-7859351f7cd6', 'ebefc399-bcbd-4afd-871c-f5986e145478'),
    ('Янтарный', '759177ed-b0c1-434a-b1c0-02b47cd25f76', 'ebefc399-bcbd-4afd-871c-f5986e145478');

INSERT INTO region (id, "name", country_id)
VALUES ('979df1fc-e9a2-4459-95d9-cc3a37c30d5f', 'Калужская область', 'e7156acf-b118-4a23-92e4-8b2579ed798a');

INSERT INTO populated_locality ("name", id, region_id)
VALUES ('Балабаново', '49e54846-8ebf-46bc-994b-172674e7e9e5', '979df1fc-e9a2-4459-95d9-cc3a37c30d5f'),
    ('Белоусово', '047ecea7-fb0e-4a8f-820f-3725e5f0c948', '979df1fc-e9a2-4459-95d9-cc3a37c30d5f'),
    ('Боровск', 'df961ad4-5635-4b4c-be34-21c0675db015', '979df1fc-e9a2-4459-95d9-cc3a37c30d5f'),
    ('Ермолино', '886701a1-15f5-4d9f-a0f9-02ad6bf0ee56', '979df1fc-e9a2-4459-95d9-cc3a37c30d5f'),
    ('Жиздра', '620b277d-0f8d-4c10-8168-47a4e8fa82d0', '979df1fc-e9a2-4459-95d9-cc3a37c30d5f'),
    ('Жуков', '4e641c86-91a8-4bef-baef-f202fa59903c', '979df1fc-e9a2-4459-95d9-cc3a37c30d5f'),
    ('Калуга', '2f26a5ba-980b-4768-8d18-f96b3b39f0f3', '979df1fc-e9a2-4459-95d9-cc3a37c30d5f'),
    ('Киров', '144dccb3-526e-40a6-b9ce-7c7944da1e9a', '979df1fc-e9a2-4459-95d9-cc3a37c30d5f'),
    ('Козельск', '340e0efb-b1f6-41ad-88bd-61128ca71c80', '979df1fc-e9a2-4459-95d9-cc3a37c30d5f'),
    ('Кондрово', '3c3b81b7-ca67-4d43-aff4-443acb7f6518', '979df1fc-e9a2-4459-95d9-cc3a37c30d5f'),
    ('Кремёнки', '25470fe5-1934-4df0-831a-dbc744014255', '979df1fc-e9a2-4459-95d9-cc3a37c30d5f'),
    ('Людиново', 'b5754816-3523-49d3-8763-fa804965b722', '979df1fc-e9a2-4459-95d9-cc3a37c30d5f'),
    ('Малоярославец', 'ffeb70b1-aefe-4762-992f-0b1493fd7002', '979df1fc-e9a2-4459-95d9-cc3a37c30d5f'),
    ('Медынь', '99b9d0fd-724b-4b07-89d8-cf9aa008837b', '979df1fc-e9a2-4459-95d9-cc3a37c30d5f'),
    ('Мещовск', 'e35e2fb3-2f85-47bb-ad29-c39fa02c1894', '979df1fc-e9a2-4459-95d9-cc3a37c30d5f'),
    ('Мосальск', 'df519292-bc33-4c18-ab99-7753ab89e50b', '979df1fc-e9a2-4459-95d9-cc3a37c30d5f'),
    ('Обнинск', 'cb5d40b5-a66d-4edc-a363-525b6df96905', '979df1fc-e9a2-4459-95d9-cc3a37c30d5f'),
    ('Сосенский', 'd7625e2e-b741-420e-9930-1e5900894a67', '979df1fc-e9a2-4459-95d9-cc3a37c30d5f'),
    ('Спас-Деменск', 'a64f1be9-b823-4ce3-9b28-b45c1bd0b8c3', '979df1fc-e9a2-4459-95d9-cc3a37c30d5f'),
    ('Сухиничи', '29d93f69-fea2-40e2-bdbe-bc53f8da59bd', '979df1fc-e9a2-4459-95d9-cc3a37c30d5f'),
    ('Таруса', '1cf169ef-81ad-4c18-b4bf-9065db99b840', '979df1fc-e9a2-4459-95d9-cc3a37c30d5f'),
    ('Юхнов', '7b397989-45a9-41e0-a78a-c537af0b73cd', '979df1fc-e9a2-4459-95d9-cc3a37c30d5f');
INSERT INTO populated_locality ("name", id, region_id)
VALUES ('Воротынск', '5a4209db-f396-4823-9ad4-224a6e0f08ce', '979df1fc-e9a2-4459-95d9-cc3a37c30d5f'),
    ('Городок', 'd057ac21-1eed-466d-83d7-e92596c2eab3', '979df1fc-e9a2-4459-95d9-cc3a37c30d5f'),
    ('Думиничи', 'db48156b-89b5-4bc3-b5af-ea21666d7b04', '979df1fc-e9a2-4459-95d9-cc3a37c30d5f'),
    ('Полотняный Завод', 'e59a161a-1ff8-42d7-be73-8e5d62e928fe', '979df1fc-e9a2-4459-95d9-cc3a37c30d5f'),
    ('Пятовский', '7ce4da5b-415b-4824-8e2a-e6cfe12f9b0a', '979df1fc-e9a2-4459-95d9-cc3a37c30d5f'),
    ('Середейский', 'e4090beb-509a-47a5-bc11-b546af0883a9', '979df1fc-e9a2-4459-95d9-cc3a37c30d5f'),
    ('Товарково', '3a1193c8-c2e8-4e6b-a592-a7b7c5ee87b8', '979df1fc-e9a2-4459-95d9-cc3a37c30d5f');

INSERT INTO region (id, "name", country_id)
VALUES ('539349da-afd4-48d3-9960-e8245e6ad2bb', 'Кемеровская область', 'e7156acf-b118-4a23-92e4-8b2579ed798a');

INSERT INTO populated_locality ("name", id, region_id)
VALUES ('Анжеро-Судженск', 'bdd6b07e-ab66-4bfe-a250-5e8aea2e0602', '539349da-afd4-48d3-9960-e8245e6ad2bb'),
    ('Белово', '97043396-07d8-4905-a2ad-be4a3acadae5', '539349da-afd4-48d3-9960-e8245e6ad2bb'),
    ('Берёзовский', '13ffeb74-d9bc-4a8b-9fa4-cba4e79c300b', '539349da-afd4-48d3-9960-e8245e6ad2bb'),
    ('Гурьевск', '19fb771e-4c9f-4a6a-8df2-69e66a13cc4f', '539349da-afd4-48d3-9960-e8245e6ad2bb'),
    ('Калтан', '55399bec-95b4-44a0-8494-b3172ddfe142', '539349da-afd4-48d3-9960-e8245e6ad2bb'),
    ('Кемерово', 'b7f6270d-2c03-43b0-809c-72f21fc77499', '539349da-afd4-48d3-9960-e8245e6ad2bb'),
    ('Киселёвск', '1b904d1c-432a-441c-bebb-e692eaf4e05d', '539349da-afd4-48d3-9960-e8245e6ad2bb'),
    ('Ленинск-Кузнецкий', 'b254971e-e837-41c3-9b6a-e0cefa11ef5c', '539349da-afd4-48d3-9960-e8245e6ad2bb'),
    ('Мариинск', '623ac092-ceb2-4d29-a884-28ec060f3ecf', '539349da-afd4-48d3-9960-e8245e6ad2bb'),
    ('Междуреченск', '8cbd6041-6c84-4ed3-9f8d-9193db940f01', '539349da-afd4-48d3-9960-e8245e6ad2bb'),
    ('Мыски', '7867cbcb-dd5b-4481-9463-d48b8eb90802', '539349da-afd4-48d3-9960-e8245e6ad2bb'),
    ('Новокузнецк', 'b4ee267a-0658-403a-a0fb-ec8784e6d1ee', '539349da-afd4-48d3-9960-e8245e6ad2bb'),
    ('Осинники', '98cc8ec8-feea-4f4e-b152-0b12f35d0dd6', '539349da-afd4-48d3-9960-e8245e6ad2bb'),
    ('Полысаево', '418455fa-fd33-4a49-9c95-7c1b350c7f40', '539349da-afd4-48d3-9960-e8245e6ad2bb'),
    ('Прокопьевск', '13602583-fe41-4e89-afdf-883b405ba196', '539349da-afd4-48d3-9960-e8245e6ad2bb'),
    ('Салаир', '6f33240a-9b78-47b3-8f5a-996e64d7e4f7', '539349da-afd4-48d3-9960-e8245e6ad2bb'),
    ('Тайга', '2d8e6c12-6f5f-48c0-b4c2-ea344879dd55', '539349da-afd4-48d3-9960-e8245e6ad2bb'),
    ('Топки', 'beaf61ee-5e52-44f4-983c-1614e60103c3', '539349da-afd4-48d3-9960-e8245e6ad2bb'),
    ('Юрга', '610dc369-1865-42b4-b54c-e0feced3fb42', '539349da-afd4-48d3-9960-e8245e6ad2bb'),
    ('Таштагол', '2d7b2af3-0267-4f8e-b03a-10ef5025abf3', '539349da-afd4-48d3-9960-e8245e6ad2bb');
INSERT INTO populated_locality ("name", id, region_id)
VALUES ('Бачатский', '56fbf91f-5278-4b10-9dae-71fba534697a', '539349da-afd4-48d3-9960-e8245e6ad2bb'),
    ('Белогорск', '766d97b5-4879-48cf-9b8b-c5a29d1d3183', '539349da-afd4-48d3-9960-e8245e6ad2bb'),
    ('Верх-Чебула', 'b895e42b-bb2f-4c23-a99b-c17364dece7b', '539349da-afd4-48d3-9960-e8245e6ad2bb'),
    ('Грамотеино', 'f6aaa195-a722-4987-84dd-1195c7844d98', '539349da-afd4-48d3-9960-e8245e6ad2bb'),
    ('Зеленогорский', '61a96bb7-06b5-4362-8deb-fb89c7ec8800', '539349da-afd4-48d3-9960-e8245e6ad2bb'),
    ('Ижморский', '0c52f25a-84c6-466c-b345-c35044fe64a9', '539349da-afd4-48d3-9960-e8245e6ad2bb'),
    ('Инской', 'af761525-c058-4a99-84ce-40150217669d', '539349da-afd4-48d3-9960-e8245e6ad2bb'),
    ('Итатский', '78564cf9-1e81-4245-9ccd-48f6b4d80bc1', '539349da-afd4-48d3-9960-e8245e6ad2bb'),
    ('Каз', '2d2ec05b-72c9-4edd-b553-653a561af638', '539349da-afd4-48d3-9960-e8245e6ad2bb'),
    ('Комсомольск', '321384df-73e9-4453-ac62-b4498a0805fe', '539349da-afd4-48d3-9960-e8245e6ad2bb'),
    ('Крапивинский', '3bbf6329-9f59-47c0-ae5d-e9536e7f1982', '539349da-afd4-48d3-9960-e8245e6ad2bb'),
    ('Краснобродский', 'd7d1f3be-2def-47bc-bb2e-0851e9c833f0', '539349da-afd4-48d3-9960-e8245e6ad2bb'),
    ('Мундыбаш', '48e96298-848b-40eb-afb1-f39e5a3cc649', '539349da-afd4-48d3-9960-e8245e6ad2bb'),
    ('Новый Городок', '745b7bdb-6fae-45f7-8a43-d666e2594601', '539349da-afd4-48d3-9960-e8245e6ad2bb'),
    ('Промышленная', 'a65f9807-1da8-4df8-a82e-0df03a0ff185', '539349da-afd4-48d3-9960-e8245e6ad2bb'),
    ('Рудничный', 'a6e8bda9-7165-4185-a4db-85f68cfc2b20', '539349da-afd4-48d3-9960-e8245e6ad2bb'),
    ('Спасск', 'a360435c-8968-45d8-b466-7001fa34f2d0', '539349da-afd4-48d3-9960-e8245e6ad2bb'),
    ('Темиртау', '2e6233d1-16f2-43ff-9d5d-016aeed1c26e', '539349da-afd4-48d3-9960-e8245e6ad2bb'),
    ('Тисуль', '7d38aee5-bc4c-4346-8085-441e3b3c820f', '539349da-afd4-48d3-9960-e8245e6ad2bb'),
    ('Тяжинский', '7b440813-88c6-42c8-87b9-cc1a6d8e0bf1', '539349da-afd4-48d3-9960-e8245e6ad2bb'),
    ('Шерегеш', '96b89909-04a9-4b87-a582-bae2541581bc', '539349da-afd4-48d3-9960-e8245e6ad2bb'),
    ('Яшкино', '999c8873-c57b-4f02-9f59-d3d115961659', '539349da-afd4-48d3-9960-e8245e6ad2bb'),
    ('Яя', '7be799b1-55ba-4b51-b432-1989c67c2572', '539349da-afd4-48d3-9960-e8245e6ad2bb');

INSERT INTO region (id, "name", country_id)
VALUES ('9845dd08-5285-4026-a0ba-369b8df32ca4', 'Кировская область', 'e7156acf-b118-4a23-92e4-8b2579ed798a');

INSERT INTO populated_locality ("name", id, region_id)
VALUES ('Белая Холуница', 'e2da58a2-ca10-4073-8fe2-70af69aae76c', '9845dd08-5285-4026-a0ba-369b8df32ca4'),
    ('Вятские Поляны', '8af0dacc-b8db-4476-9e4f-157af6a69603', '9845dd08-5285-4026-a0ba-369b8df32ca4'),
    ('Зуевка', 'e396c8e3-b590-48f2-b101-10c6ac919a97', '9845dd08-5285-4026-a0ba-369b8df32ca4'),
    ('Киров', '43c54e4d-80d1-49b9-904e-f76d281ed140', '9845dd08-5285-4026-a0ba-369b8df32ca4'),
    ('Кирово-Чепецк', 'a30cb80a-bbe7-43b9-9e46-49c32a48c414', '9845dd08-5285-4026-a0ba-369b8df32ca4'),
    ('Кирс', 'a4a84e38-87a8-4172-b747-3888c4d5967b', '9845dd08-5285-4026-a0ba-369b8df32ca4'),
    ('Котельнич', 'c7fc071a-ce95-435a-8daf-c2d3a2a3f1ec', '9845dd08-5285-4026-a0ba-369b8df32ca4'),
    ('Луза', 'c0a966cf-d8d5-4f1c-9ec0-e4f6ccb89d22', '9845dd08-5285-4026-a0ba-369b8df32ca4'),
    ('Малмыж', '6922e453-265b-45a7-a90c-54bcc618cf99', '9845dd08-5285-4026-a0ba-369b8df32ca4'),
    ('Мураши', 'e57bc35b-0657-4ae6-b2f7-8a967037381c', '9845dd08-5285-4026-a0ba-369b8df32ca4'),
    ('Нолинск', '932f4ecb-f0e9-43db-b7c6-4ac7f7cf9e5c', '9845dd08-5285-4026-a0ba-369b8df32ca4'),
    ('Омутнинск', '07427459-289f-4a3c-9266-5c8ec40ca8d0', '9845dd08-5285-4026-a0ba-369b8df32ca4'),
    ('Орлов', 'ff035578-7b16-4c23-89bc-6cef694b2716', '9845dd08-5285-4026-a0ba-369b8df32ca4'),
    ('Слободской', '705bc346-0166-47f5-8ffd-11f29510f4a1', '9845dd08-5285-4026-a0ba-369b8df32ca4'),
    ('Советск', 'e14c8ad1-6f1d-471c-a3f4-70b6af1d3e54', '9845dd08-5285-4026-a0ba-369b8df32ca4'),
    ('Сосновка', 'ff0ce128-1e6c-47f2-9939-2369d60230ee', '9845dd08-5285-4026-a0ba-369b8df32ca4'),
    ('Уржум', '35025fb4-0f5f-436f-b915-f82ce804e854', '9845dd08-5285-4026-a0ba-369b8df32ca4'),
    ('Яранск', '94f73a15-6b4c-4844-a2b3-edd5e08a0db8', '9845dd08-5285-4026-a0ba-369b8df32ca4');
INSERT INTO populated_locality ("name", id, region_id)
VALUES ('Арбаж', '8e728455-10ce-4c14-8157-21781772334c', '9845dd08-5285-4026-a0ba-369b8df32ca4'),
    ('Аркуль', '8538f0be-984e-4786-939b-e1cef5ba17cd', '9845dd08-5285-4026-a0ba-369b8df32ca4'),
    ('Афанасьево', '76c5f055-1437-4eb1-b7b9-80667b86be4c', '9845dd08-5285-4026-a0ba-369b8df32ca4'),
    ('Богородское', 'fd404d99-3f91-46d8-be5a-cb399fae44ef', '9845dd08-5285-4026-a0ba-369b8df32ca4'),
    ('Вахруши', '2e053f1b-f6f5-4938-963d-9288b3c1a70d', '9845dd08-5285-4026-a0ba-369b8df32ca4'),
    ('Верхошижемье', '0df2f3c5-66be-48bb-aefb-21172fed879e', '9845dd08-5285-4026-a0ba-369b8df32ca4'),
    ('Восточный', '50a43bdb-9adf-416e-80e2-f61c01da18e2', '9845dd08-5285-4026-a0ba-369b8df32ca4'),
    ('Даровской', 'e9b917b3-4f2a-446f-900d-6235c6b60cdd', '9845dd08-5285-4026-a0ba-369b8df32ca4'),
    ('Демьяново', 'ab49c26c-11ff-43df-a945-fde3872a462a', '9845dd08-5285-4026-a0ba-369b8df32ca4'),
    ('Кикнур', 'c40c545f-ee1e-430e-a567-9c7e5866a14d', '9845dd08-5285-4026-a0ba-369b8df32ca4'),
    ('Кильмезь', '0b47437c-e476-4f52-a64f-3c82fe4701f3', '9845dd08-5285-4026-a0ba-369b8df32ca4'),
    ('Красная Поляна', 'f6a39f19-e6b6-45dc-b7ff-99f1cff1b292', '9845dd08-5285-4026-a0ba-369b8df32ca4'),
    ('Кумёны', '016b511b-2ded-4ab4-a0af-023393d7a6f3', '9845dd08-5285-4026-a0ba-369b8df32ca4'),
    ('Лальск', 'c16d39f4-7d3e-4e5f-8ffa-206c90a7b2ac', '9845dd08-5285-4026-a0ba-369b8df32ca4'),
    ('Лебяжье', 'ba3337b3-e88d-4299-9a5f-e87da544c08c', '9845dd08-5285-4026-a0ba-369b8df32ca4'),
    ('Лёвинцы', '5d36338a-d783-4ca5-84e7-e9b0854870a5', '9845dd08-5285-4026-a0ba-369b8df32ca4'),
    ('Ленинское', 'adaa57b6-288b-46bf-bb75-ee656e3f7653', '9845dd08-5285-4026-a0ba-369b8df32ca4'),
    ('Лесной', 'a0c5b1a7-0328-4d9c-acac-eb0d82cbe312', '9845dd08-5285-4026-a0ba-369b8df32ca4'),
    ('Мирный', 'c79eb6d2-5225-4aab-96d1-73d032210acb', '9845dd08-5285-4026-a0ba-369b8df32ca4'),
    ('Мурыгино', '4de53189-12db-4567-a534-0cb824716bb0', '9845dd08-5285-4026-a0ba-369b8df32ca4'),
    ('Нагорск', '3e8eb320-011d-487f-8803-53a56d2cae53', '9845dd08-5285-4026-a0ba-369b8df32ca4'),
    ('Нема', '93ef866e-7ee8-4582-9319-13a87792f944', '9845dd08-5285-4026-a0ba-369b8df32ca4'),
    ('Нижнеивкино', '09e6fa61-bf12-45db-90c7-c58b93a8b8ae', '9845dd08-5285-4026-a0ba-369b8df32ca4'),
    ('Опарино', 'f3a11f0e-70f0-4ec1-9d75-1169abca50e7', '9845dd08-5285-4026-a0ba-369b8df32ca4'),
    ('Оричи', 'f3cd621e-db41-4555-87fa-c0bc350dcb40', '9845dd08-5285-4026-a0ba-369b8df32ca4'),
    ('Первомайский', '60c4a7b9-6cc5-4481-8b7f-b68b78721380', '9845dd08-5285-4026-a0ba-369b8df32ca4'),
    ('Песковка', '02030d01-0d60-4b99-babc-d996a7b88725', '9845dd08-5285-4026-a0ba-369b8df32ca4'),
    ('Пижанка', '1f45c728-80b4-4197-b96d-a3e1812e03c4', '9845dd08-5285-4026-a0ba-369b8df32ca4'),
    ('Пинюг', '785e471d-aa26-4f6a-a307-6af83c0ab577', '9845dd08-5285-4026-a0ba-369b8df32ca4'),
    ('Подосиновец', 'f55fe954-ed8e-4dbc-b7fd-af9e20dda028', '9845dd08-5285-4026-a0ba-369b8df32ca4'),
    ('Рудничный', '1ff31165-9177-4252-b896-db232a53fd47', '9845dd08-5285-4026-a0ba-369b8df32ca4'),
    ('Санчурск', 'd6db1070-5839-4e03-a74c-64fadae2cd30', '9845dd08-5285-4026-a0ba-369b8df32ca4'),
    ('Светлополянск', 'b28033a9-1870-490e-a376-5bf9872bb2d5', '9845dd08-5285-4026-a0ba-369b8df32ca4'),
    ('Свеча', '570cb934-90b5-43ea-aa32-7ecfae22e222', '9845dd08-5285-4026-a0ba-369b8df32ca4'),
    ('Стрижи', '7cf481a5-e196-490c-b21a-b6c034826727', '9845dd08-5285-4026-a0ba-369b8df32ca4'),
    ('Суна', '13d6dfac-d45c-4bb9-a598-b79b8ab1a34e', '9845dd08-5285-4026-a0ba-369b8df32ca4'),
    ('Тужа', '0f4d5f2b-b4ac-4930-a2f2-b0a085e9aeb0', '9845dd08-5285-4026-a0ba-369b8df32ca4'),
    ('Уни', '89638ca1-0a6b-4598-b319-92065d507f88', '9845dd08-5285-4026-a0ba-369b8df32ca4'),
    ('Фалёнки', '759a7781-f5ae-4f5c-80f8-d465319259ff', '9845dd08-5285-4026-a0ba-369b8df32ca4'),
    ('Юрья', '41ae745c-a482-4419-8b4e-0d0f9dad8c80', '9845dd08-5285-4026-a0ba-369b8df32ca4');

INSERT INTO region (id, "name", country_id)
VALUES ('28005cf2-9576-46ed-b87d-e05f3355769e', 'Костромская область', 'e7156acf-b118-4a23-92e4-8b2579ed798a');

INSERT INTO populated_locality ("name", id, region_id)
VALUES ('Буй', 'bdcd8754-2c5c-4ccf-8071-166240f029ee', '28005cf2-9576-46ed-b87d-e05f3355769e'),
    ('Волгореченск', '9d1b6068-d76f-4186-bb8b-e762735d44cc', '28005cf2-9576-46ed-b87d-e05f3355769e'),
    ('Галич', '28c17169-3640-4dc4-8f5c-46836c933e17', '28005cf2-9576-46ed-b87d-e05f3355769e'),
    ('Кострома', '93941101-e6fd-4a40-9ebb-757bd18beb0a', '28005cf2-9576-46ed-b87d-e05f3355769e'),
    ('Мантурово', 'e9d4c444-dbd7-4cb1-b8bc-00df9eee6151', '28005cf2-9576-46ed-b87d-e05f3355769e'),
    ('Нерехта', '3753c993-32cf-4ad5-8f7a-57a01e33c21b', '28005cf2-9576-46ed-b87d-e05f3355769e'),
    ('Нея', 'e5e70d00-f5b5-477c-8ddd-0f4d0c68b0b5', '28005cf2-9576-46ed-b87d-e05f3355769e'),
    ('Шарья', 'c57b1b63-9aca-436a-94e5-731559726671', '28005cf2-9576-46ed-b87d-e05f3355769e'),
    ('Кологрив', '8e04e4d1-ea3c-4730-991b-58bf44adc4ca', '28005cf2-9576-46ed-b87d-e05f3355769e'),
    ('Макарьев', '3e5226f1-7e3f-4f97-93fe-ce0c365f4bef', '28005cf2-9576-46ed-b87d-e05f3355769e'),
    ('Солигалич', 'abfb8dae-22e1-4c0d-bde3-4d20abef81c8', '28005cf2-9576-46ed-b87d-e05f3355769e'),
    ('Чухлома', '3c3bc79d-799e-4987-8677-173fcc9454f2', '28005cf2-9576-46ed-b87d-e05f3355769e');
INSERT INTO populated_locality ("name", id, region_id)
VALUES ('Ветлужский', '78d00fca-8925-4656-8fff-927a963cd3dc', '28005cf2-9576-46ed-b87d-e05f3355769e'),
    ('Кадый', '15e4c114-077b-40e8-bd67-c8d42c2a0eeb', '28005cf2-9576-46ed-b87d-e05f3355769e'),
    ('Красное-на-Волге', '33bfe43c-5aed-4d19-8bb7-57ae2d9d9889', '28005cf2-9576-46ed-b87d-e05f3355769e'),
    ('Поназырево', '5c71dcf9-aa6e-4e96-a44a-f3ed72469098', '28005cf2-9576-46ed-b87d-e05f3355769e'),
    ('Судиславль', 'a5f06699-dcae-4dac-a9d5-d4e9f7862cba', '28005cf2-9576-46ed-b87d-e05f3355769e'),
    ('Сусанино', 'b5d15d47-092b-44d7-bb3b-3061873853c0', '28005cf2-9576-46ed-b87d-e05f3355769e'),
    ('Чистые Боры', 'dfa7009d-5f10-499d-ab85-e00d966bd029', '28005cf2-9576-46ed-b87d-e05f3355769e');

INSERT INTO region (id, "name", country_id)
VALUES ('6e61823b-d0e5-46c0-baa4-2566b2695bac', 'Курганская область', 'e7156acf-b118-4a23-92e4-8b2579ed798a');

INSERT INTO populated_locality ("name", id, region_id)
VALUES ('Далматово', 'c1573f89-3532-4d75-89e7-5612a646ef2d', '6e61823b-d0e5-46c0-baa4-2566b2695bac'),
    ('Катайск', 'f18d097d-4459-45ea-b40d-a872fafcc665', '6e61823b-d0e5-46c0-baa4-2566b2695bac'),
    ('Курган', 'd0720dd2-d57f-4396-b62e-56ecf83d2ba4', '6e61823b-d0e5-46c0-baa4-2566b2695bac'),
    ('Куртамыш', '475b23c1-282f-4c05-be2e-589589981f80', '6e61823b-d0e5-46c0-baa4-2566b2695bac'),
    ('Макушино', 'e156b9b6-25c9-4270-9a03-3de6f05f397b', '6e61823b-d0e5-46c0-baa4-2566b2695bac'),
    ('Петухово', '1a71c291-8047-4e7f-9bf5-e99bb5a91687', '6e61823b-d0e5-46c0-baa4-2566b2695bac'),
    ('Шадринск', 'da5890db-00f9-46cb-a91c-8d432c24d01c', '6e61823b-d0e5-46c0-baa4-2566b2695bac'),
    ('Шумиха', '42806dc8-30bb-485a-bb48-b4f843519a50', '6e61823b-d0e5-46c0-baa4-2566b2695bac'),
    ('Щучье', '55641253-a067-42a8-91ac-f46a7d379333', '6e61823b-d0e5-46c0-baa4-2566b2695bac');
INSERT INTO populated_locality ("name", id, region_id)
VALUES ('Варгаши', '750ca40f-f9b9-4926-b67b-b37b01f30d5c', '6e61823b-d0e5-46c0-baa4-2566b2695bac'),
    ('Каргаполье', '598d9d2a-8a02-4718-acac-deb56dd5724b', '6e61823b-d0e5-46c0-baa4-2566b2695bac'),
    ('Красный Октябрь', '4f6c84e2-1e8a-4605-a168-53cbe8cff835', '6e61823b-d0e5-46c0-baa4-2566b2695bac'),
    ('Лебяжье', 'a195b57a-8294-4300-a402-c1a1f83fc4b8', '6e61823b-d0e5-46c0-baa4-2566b2695bac'),
    ('Мишкино', '1cae3b19-c17f-45fa-b48d-b3c6f50f5c54', '6e61823b-d0e5-46c0-baa4-2566b2695bac'),
    ('Юргамыш', 'e41ad8ed-bcfd-4a85-be6d-8bbda7a2e7c9', '6e61823b-d0e5-46c0-baa4-2566b2695bac');

INSERT INTO region (id, "name", country_id)
VALUES ('8981f433-d5a7-4624-abe9-b3f02eabfc20', 'Курская область', 'e7156acf-b118-4a23-92e4-8b2579ed798a');

INSERT INTO populated_locality ("name", id, region_id)
VALUES ('Дмитриев', '03bf339b-bbde-48f5-adc1-dc44f3ac9f57', '8981f433-d5a7-4624-abe9-b3f02eabfc20'),
    ('Железногорск', 'b13e3e23-1387-49ed-9414-8838750c5e37', '8981f433-d5a7-4624-abe9-b3f02eabfc20'),
    ('Курск', '5b0d5347-6968-47a6-a863-3dc096254714', '8981f433-d5a7-4624-abe9-b3f02eabfc20'),
    ('Курчатов', '5c5ef2c4-a8a3-4349-a0ac-4ff4584b8193', '8981f433-d5a7-4624-abe9-b3f02eabfc20'),
    ('Льгов', '706a546d-a4a3-4508-a336-c0ab96764566', '8981f433-d5a7-4624-abe9-b3f02eabfc20'),
    ('Обоянь', 'd1af5ffb-5cce-4ff2-a2ef-5dae70572bde', '8981f433-d5a7-4624-abe9-b3f02eabfc20'),
    ('Рыльск', 'fb9aa40c-62b2-4422-b43a-65dc2f0ed059', '8981f433-d5a7-4624-abe9-b3f02eabfc20'),
    ('Суджа', '1ee9b606-2b14-4f8d-941b-e02e087d782d', '8981f433-d5a7-4624-abe9-b3f02eabfc20'),
    ('Фатеж', '10ed9a54-ca83-4e85-b122-029e94b4315c', '8981f433-d5a7-4624-abe9-b3f02eabfc20'),
    ('Щигры', 'a0b850ff-85b1-4f63-b196-40b51fb4b200', '8981f433-d5a7-4624-abe9-b3f02eabfc20');
INSERT INTO populated_locality ("name", id, region_id)
VALUES ('Глушково', '6757fd96-1a6c-45b2-acb6-f58845f62d33', '8981f433-d5a7-4624-abe9-b3f02eabfc20'),
    ('Горшечное', 'd5341cde-df8b-494d-9a48-267f91933846', '8981f433-d5a7-4624-abe9-b3f02eabfc20'),
    ('Золотухино', 'f4423fa2-2f58-4250-b58b-3bac32c5f950', '8981f433-d5a7-4624-abe9-b3f02eabfc20'),
    ('Иванино', '104c8999-9864-4911-93ee-7454e8520548', '8981f433-d5a7-4624-abe9-b3f02eabfc20'),
    ('имени Карла Либкнехта', '04fb94af-1d32-48c9-873c-bf73275004e5', '8981f433-d5a7-4624-abe9-b3f02eabfc20'),
    ('Касторное', '8a4460d1-420f-47ad-a39c-765bf2615a41', '8981f433-d5a7-4624-abe9-b3f02eabfc20'),
    ('Кировский', '19bdca37-1bfc-4738-813c-a9952a2da1ca', '8981f433-d5a7-4624-abe9-b3f02eabfc20'),
    ('Конышёвка', 'b8bfad2d-07b8-4822-a988-624fa99b1090', '8981f433-d5a7-4624-abe9-b3f02eabfc20'),
    ('Коренево', '95178bb8-2f62-4849-a6ae-19d095f02d8d', '8981f433-d5a7-4624-abe9-b3f02eabfc20'),
    ('Кшенский', '58686a37-0c47-4c17-b473-3043538795f7', '8981f433-d5a7-4624-abe9-b3f02eabfc20'),
    ('Магнитный', '98255fe8-4772-43bb-bc66-f08d845990e1', '8981f433-d5a7-4624-abe9-b3f02eabfc20'),
    ('Медвенка', '28b709f4-c33c-469e-8f56-5a18a60131e2', '8981f433-d5a7-4624-abe9-b3f02eabfc20'),
    ('Новокасторное', 'cb276b5e-dfec-4605-aea5-f6dee2ca186b', '8981f433-d5a7-4624-abe9-b3f02eabfc20'),
    ('Олымский', '3ab38984-7fb2-44c0-ab71-9420e0128a76', '8981f433-d5a7-4624-abe9-b3f02eabfc20'),
    ('Поныри', 'a759cc63-a902-40e3-bb76-9358fcdccd05', '8981f433-d5a7-4624-abe9-b3f02eabfc20'),
    ('Пристень', '418aed0b-8ff0-4778-abdf-881ac1e8729b', '8981f433-d5a7-4624-abe9-b3f02eabfc20'),
    ('Прямицыно', '4358402d-277d-4f53-9321-ad7305877472', '8981f433-d5a7-4624-abe9-b3f02eabfc20'),
    ('Солнцево', 'f8f2f887-bf20-4685-9286-9d111e4bfbaa', '8981f433-d5a7-4624-abe9-b3f02eabfc20'),
    ('Тёткино', 'e5984d2e-d59c-41b5-abbb-4c67ec9141dc', '8981f433-d5a7-4624-abe9-b3f02eabfc20'),
    ('Тим', 'c3a304dc-d8ff-4c7b-896c-6324f3cbb287', '8981f433-d5a7-4624-abe9-b3f02eabfc20'),
    ('Хомутовка', 'ead532b5-58e1-4461-9bc1-4ecf9c6fb492', '8981f433-d5a7-4624-abe9-b3f02eabfc20'),
    ('Черемисиново', '3c35a89d-4682-4f5c-bedd-0b0c81b0da04', '8981f433-d5a7-4624-abe9-b3f02eabfc20');

INSERT INTO region (id, "name", country_id)
VALUES ('f92b3822-72f9-4355-86a2-5f720bae3cfd', 'Ленинградская область', 'e7156acf-b118-4a23-92e4-8b2579ed798a');

INSERT INTO populated_locality ("name", id, region_id)
VALUES ('Бокситогорск', '7141cc71-8feb-4cf5-860d-87e02856f4aa', 'f92b3822-72f9-4355-86a2-5f720bae3cfd'),
    ('Волосово', '08c31094-002c-4602-ad52-18eaf0797a28', 'f92b3822-72f9-4355-86a2-5f720bae3cfd'),
    ('Волхов', '78ec0962-e1aa-4130-9d1d-8de760152164', 'f92b3822-72f9-4355-86a2-5f720bae3cfd'),
    ('Всеволожск', '73fdf84f-2f6b-461c-a9eb-5992ae0793a8', 'f92b3822-72f9-4355-86a2-5f720bae3cfd'),
    ('Выборг', 'b7805a1c-ff86-406e-aa68-c3446e468bc5', 'f92b3822-72f9-4355-86a2-5f720bae3cfd'),
    ('Высоцк', 'ff099268-f8ba-44e1-9812-e09a255befd0', 'f92b3822-72f9-4355-86a2-5f720bae3cfd'),
    ('Гатчина', 'b9c45ece-3864-449c-b736-1ee5ecd2c60d', 'f92b3822-72f9-4355-86a2-5f720bae3cfd'),
    ('Ивангород', '6235cd83-71c7-47cd-aa9e-cea5e1a2d0f2', 'f92b3822-72f9-4355-86a2-5f720bae3cfd'),
    ('Каменногорск', 'ab01588c-128f-4f81-ac87-021379526fe1', 'f92b3822-72f9-4355-86a2-5f720bae3cfd'),
    ('Кингисепп', '0be2608c-27b5-4aeb-a325-0d1bc0cf0be2', 'f92b3822-72f9-4355-86a2-5f720bae3cfd'),
    ('Кириши', '7641f7cf-0b7a-4de8-b212-1fa1745963aa', 'f92b3822-72f9-4355-86a2-5f720bae3cfd'),
    ('Кировск', '528177a5-b3dd-4a99-b100-d27598787e22', 'f92b3822-72f9-4355-86a2-5f720bae3cfd'),
    ('Коммунар', '4f304b00-993a-44ef-b6a4-5c1e008ebf67', 'f92b3822-72f9-4355-86a2-5f720bae3cfd'),
    ('Кудрово', 'feb1c671-e212-4813-b094-652b0d442c29', 'f92b3822-72f9-4355-86a2-5f720bae3cfd'),
    ('Лодейное Поле', '72cc7bdb-2fc4-4f74-a0c4-cbc8ff74ff9e', 'f92b3822-72f9-4355-86a2-5f720bae3cfd'),
    ('Луга', '96dc2c3c-db0d-4526-9c0b-def863337841', 'f92b3822-72f9-4355-86a2-5f720bae3cfd'),
    ('Любань', '112b1507-b0d1-4026-a8c8-a98585a1b12f', 'f92b3822-72f9-4355-86a2-5f720bae3cfd'),
    ('Мурино', '911854c5-0abb-43d7-9b62-59da7552c557', 'f92b3822-72f9-4355-86a2-5f720bae3cfd'),
    ('Никольское', '1d929431-c0c7-4fe8-bf39-755621f711e5', 'f92b3822-72f9-4355-86a2-5f720bae3cfd'),
    ('Новая Ладога', '9e042406-53b3-4a35-91a3-1613d86b7ee3', 'f92b3822-72f9-4355-86a2-5f720bae3cfd'),
    ('Отрадное', '37c51fae-f3be-49c9-9525-681a28be204c', 'f92b3822-72f9-4355-86a2-5f720bae3cfd'),
    ('Пикалёво', '607521f4-84d4-4826-830c-de4ffa4dac8c', 'f92b3822-72f9-4355-86a2-5f720bae3cfd'),
    ('Подпорожье', '52488ff2-328a-4652-a8c0-c0e381de3aa9', 'f92b3822-72f9-4355-86a2-5f720bae3cfd'),
    ('Приморск', 'b5cbf253-4c77-4fc0-a4ed-8fff2e9a9796', 'f92b3822-72f9-4355-86a2-5f720bae3cfd'),
    ('Приозерск', '68acf39f-bdb5-48e9-bd57-905e62565f74', 'f92b3822-72f9-4355-86a2-5f720bae3cfd'),
    ('Санкт-Петербург', '6ca76918-fc2b-41a7-bcaa-7362d468c5e6', 'f92b3822-72f9-4355-86a2-5f720bae3cfd'),
    ('Светогорск', 'a2211b57-e517-4abf-94cf-52a8175e44e7', 'f92b3822-72f9-4355-86a2-5f720bae3cfd'),
    ('Сертолово', '579771bb-c353-49b4-b9fb-6473b7693190', 'f92b3822-72f9-4355-86a2-5f720bae3cfd'),
    ('Сланцы', 'fcd20dfc-63b9-4751-bc70-35f2f20fc94e', 'f92b3822-72f9-4355-86a2-5f720bae3cfd'),
    ('Сосновый Бор', '06a158b9-5413-45ad-9ed0-ebcd7ecc6389', 'f92b3822-72f9-4355-86a2-5f720bae3cfd'),
    ('Сясьстрой', 'd81cb0af-f1b4-418a-bca0-a99f50e1ca00', 'f92b3822-72f9-4355-86a2-5f720bae3cfd'),
    ('Тихвин', '1551a7c8-b82e-4bab-bd57-9e668f3f1607', 'f92b3822-72f9-4355-86a2-5f720bae3cfd'),
    ('Тосно', 'be3e5e31-8b48-4333-a919-471c36d08781', 'f92b3822-72f9-4355-86a2-5f720bae3cfd'),
    ('Шлиссельбург', '215b22cd-3aaa-41dc-99bd-de7d3dfd8064', 'f92b3822-72f9-4355-86a2-5f720bae3cfd');
INSERT INTO populated_locality ("name", id, region_id)
VALUES ('Большая Ижора', 'c7966e99-b85b-48a7-8027-37f0c7b0877a', 'f92b3822-72f9-4355-86a2-5f720bae3cfd'),
    ('Будогощь', 'f9e6a355-f80e-4d35-ac0f-c667d0ea3201', 'f92b3822-72f9-4355-86a2-5f720bae3cfd'),
    ('Важины', '13269fb1-a824-4515-8c9e-f4bae98984c6', 'f92b3822-72f9-4355-86a2-5f720bae3cfd'),
    ('Виллози', '2a012ead-5e17-4bef-ade3-2d858871740d', 'f92b3822-72f9-4355-86a2-5f720bae3cfd'),
    ('Вознесенье', '7c9f5350-9335-41d4-ba3c-634ef7fd1546', 'f92b3822-72f9-4355-86a2-5f720bae3cfd'),
    ('Вырица', 'f3003b43-9c49-49e8-801e-7d1be0ec3d49', 'f92b3822-72f9-4355-86a2-5f720bae3cfd'),
    ('Дружная Горка', 'da1fcbb0-a83b-486e-ac56-e699ceab0bd8', 'f92b3822-72f9-4355-86a2-5f720bae3cfd'),
    ('Дубровка', '05bbbab0-acf3-4020-b3e1-1581035bd162', 'f92b3822-72f9-4355-86a2-5f720bae3cfd'),
    ('Ефимовский', '61857811-e997-47b8-9260-d3a9ebda400d', 'f92b3822-72f9-4355-86a2-5f720bae3cfd'),
    ('имени Морозова', 'b70ab013-1a4b-44e9-ae13-37091dec724c', 'f92b3822-72f9-4355-86a2-5f720bae3cfd'),
    ('имени Свердлова', 'f6bd75e7-8386-4fd6-97d6-52a51fd81ef7', 'f92b3822-72f9-4355-86a2-5f720bae3cfd'),
    ('Красный Бор', '33bafa12-461a-4b4d-91f1-9a33f19c5faf', 'f92b3822-72f9-4355-86a2-5f720bae3cfd'),
    ('Кузнечное', 'c8c4c4a4-b60f-47b9-b1a4-37326228abe8', 'f92b3822-72f9-4355-86a2-5f720bae3cfd'),
    ('Кузьмоловский', 'f77ad6a8-8ccb-4f44-9c21-85e46b918359', 'f92b3822-72f9-4355-86a2-5f720bae3cfd'),
    ('Лебяжье', '1937c57c-1c07-4c03-88cb-675145f48fef', 'f92b3822-72f9-4355-86a2-5f720bae3cfd'),
    ('Лесогорский', 'e97afc0e-4a22-42a7-9379-0d531644f747', 'f92b3822-72f9-4355-86a2-5f720bae3cfd'),
    ('Мга', '1d7f1cce-c01c-440a-87b9-ff9cad164305', 'f92b3822-72f9-4355-86a2-5f720bae3cfd'),
    ('Назия', '479560e8-659d-4a5e-8bdd-45ea31957584', 'f92b3822-72f9-4355-86a2-5f720bae3cfd'),
    ('Никольский', '5cadea0f-935f-4556-bd9e-6412db682bba', 'f92b3822-72f9-4355-86a2-5f720bae3cfd'),
    ('Новоселье', 'ccc1bd70-3c93-4fe5-9244-9f9e90a6ab7c', 'f92b3822-72f9-4355-86a2-5f720bae3cfd'),
    ('Павлово', '1551b3c9-df3e-4fd2-866d-db7085fb2369', 'f92b3822-72f9-4355-86a2-5f720bae3cfd'),
    ('Приладожский', '3579d83e-fa93-4b12-8d03-36bf4cae7a29', 'f92b3822-72f9-4355-86a2-5f720bae3cfd'),
    ('Рахья', '96a76f78-67c2-4246-8bbb-7b19695cf112', 'f92b3822-72f9-4355-86a2-5f720bae3cfd'),
    ('Рощино', 'e663eec8-5337-45d8-99ea-1551f54e7910', 'f92b3822-72f9-4355-86a2-5f720bae3cfd'),
    ('Рябово', '6799764e-751b-4696-b705-7f7fb8c4bb12', 'f92b3822-72f9-4355-86a2-5f720bae3cfd'),
    ('Свирьстрой', '5be026d1-21d7-46ce-b15d-adf51aca88b1', 'f92b3822-72f9-4355-86a2-5f720bae3cfd'),
    ('Сиверский', '702fb06d-3310-4a59-9de5-55b59ddede22', 'f92b3822-72f9-4355-86a2-5f720bae3cfd'),
    ('Синявино', '161f22f6-301d-4c02-a8bb-52a8371c833e', 'f92b3822-72f9-4355-86a2-5f720bae3cfd'),
    ('Советский', '7f79bd97-83f2-4fe3-b933-fca153bf7672', 'f92b3822-72f9-4355-86a2-5f720bae3cfd'),
    ('Тайцы', 'ddb93f5c-325f-4d18-89b6-8a3e9b4c9dc5', 'f92b3822-72f9-4355-86a2-5f720bae3cfd'),
    ('Токсово', '0a609b30-f786-4f9c-9feb-f1b52da37f83', 'f92b3822-72f9-4355-86a2-5f720bae3cfd'),
    ('Толмачёво', '24d86397-08da-4789-8d0a-f20b3262a6ed', 'f92b3822-72f9-4355-86a2-5f720bae3cfd'),
    ('Ульяновка', '9f35c055-99e8-4229-8195-644d08388730', 'f92b3822-72f9-4355-86a2-5f720bae3cfd'),
    ('Фёдоровское', '123b0bc0-a630-4d63-bfa4-57a7274ea8f5', 'f92b3822-72f9-4355-86a2-5f720bae3cfd'),
    ('Форносово', 'e6b375da-83e2-410b-aa2f-41f65f846673', 'f92b3822-72f9-4355-86a2-5f720bae3cfd'),
    ('Янино-1', '485691cc-95ac-4d93-bc40-a97b57503734', 'f92b3822-72f9-4355-86a2-5f720bae3cfd');

INSERT INTO region (id, "name", country_id)
VALUES ('70f71397-d50b-4421-90cb-ba615b28d1a0', 'Липецкая область', 'e7156acf-b118-4a23-92e4-8b2579ed798a');

INSERT INTO populated_locality ("name", id, region_id)
VALUES ('Грязи', '318e37d5-835a-4c4a-9d98-7ac46efcdcc9', '70f71397-d50b-4421-90cb-ba615b28d1a0'),
    ('Данков', '04f41cfa-588b-4b90-b769-7cf6e066561a', '70f71397-d50b-4421-90cb-ba615b28d1a0'),
    ('Елец', '0780733f-4bef-4e5c-aac0-11d8cf831c39', '70f71397-d50b-4421-90cb-ba615b28d1a0'),
    ('Задонск', '25f3d127-4216-476d-83f7-9e1fd1a3e6ac', '70f71397-d50b-4421-90cb-ba615b28d1a0'),
    ('Лебедянь', '24526746-3e73-44ce-9e00-2a94eb330ffa', '70f71397-d50b-4421-90cb-ba615b28d1a0'),
    ('Липецк', '603ec69e-cc4f-49ed-aebf-8ce9c1d4477d', '70f71397-d50b-4421-90cb-ba615b28d1a0'),
    ('Усмань', '29ec4547-d3a6-4a4d-ab29-bb80d8661dfe', '70f71397-d50b-4421-90cb-ba615b28d1a0'),
    ('Чаплыгин', 'a6a7b090-3d16-4d0a-8198-308ac3ae9ff3', '70f71397-d50b-4421-90cb-ba615b28d1a0');

INSERT INTO region (id, "name", country_id)
VALUES ('9d72aa00-45d8-475a-bed8-eb1e5d43fa29', 'Магаданская область', 'e7156acf-b118-4a23-92e4-8b2579ed798a');

INSERT INTO populated_locality ("name", id, region_id)
VALUES ('Магадан', '6b29b47b-69e1-4d77-9009-6ef468904271', '9d72aa00-45d8-475a-bed8-eb1e5d43fa29'),
    ('Сусуман', '89222bb8-699f-4272-a8c1-db1dbcaaefe3', '9d72aa00-45d8-475a-bed8-eb1e5d43fa29');
INSERT INTO populated_locality ("name", id, region_id)
VALUES ('Атка', '02b7c9c1-1236-46d3-8392-603636d20637', '9d72aa00-45d8-475a-bed8-eb1e5d43fa29'),
    ('Беличан', '933b479e-d111-4d54-af6d-86864c8c00e6', '9d72aa00-45d8-475a-bed8-eb1e5d43fa29'),
    ('Большевик', '23a93991-ed26-46e1-ae49-82c3443f65f6', '9d72aa00-45d8-475a-bed8-eb1e5d43fa29'),
    ('Бурхала', 'c7860845-abd7-4561-8655-942e5845da43', '9d72aa00-45d8-475a-bed8-eb1e5d43fa29'),
    ('Верхний Ат-Урях', '671d37ab-e3a2-4996-b75a-11f3af3854c7', '9d72aa00-45d8-475a-bed8-eb1e5d43fa29'),
    ('Галимый', '1736644f-8c52-4be7-bd5d-4828222c4227', '9d72aa00-45d8-475a-bed8-eb1e5d43fa29'),
    ('Дебин', 'e3cbe27e-6412-4f8e-b519-3bec20366439', '9d72aa00-45d8-475a-bed8-eb1e5d43fa29'),
    ('Дукат', 'df1664cf-d097-4c42-bb59-f338544dc067', '9d72aa00-45d8-475a-bed8-eb1e5d43fa29'),
    ('Кадыкчан', 'f2091d4b-20eb-4ad4-8f54-4db781242547', '9d72aa00-45d8-475a-bed8-eb1e5d43fa29'),
    ('Мяунджа', '6c0a9b21-20dc-42ce-baf3-24c22b27e69c', '9d72aa00-45d8-475a-bed8-eb1e5d43fa29'),
    ('Ола', '343c9ee5-acf6-4551-bdd1-fbd8a7f0496c', '9d72aa00-45d8-475a-bed8-eb1e5d43fa29'),
    ('Омсукчан', '65f35a76-b7d3-4ac0-9f28-6f57082542f6', '9d72aa00-45d8-475a-bed8-eb1e5d43fa29'),
    ('Оротукан', '02847927-5962-4b43-ab98-575e69dfdb49', '9d72aa00-45d8-475a-bed8-eb1e5d43fa29'),
    ('Палатка', '344add70-488a-46eb-9349-0eee9e5f978b', '9d72aa00-45d8-475a-bed8-eb1e5d43fa29'),
    ('Сеймчан', '9655d372-026f-4de2-a3d8-a601b69cb628', '9d72aa00-45d8-475a-bed8-eb1e5d43fa29'),
    ('Синегорье', 'b827b6ff-a536-41c3-a33f-3cf7f414ccbc', '9d72aa00-45d8-475a-bed8-eb1e5d43fa29'),
    ('Сокол', '2d3d13ee-6b12-49a7-8a99-6dc4e56238cf', '9d72aa00-45d8-475a-bed8-eb1e5d43fa29'),
    ('Стекольный', 'f9cc33c8-e7c7-40d2-a62c-4fe2a32e4b3b', '9d72aa00-45d8-475a-bed8-eb1e5d43fa29'),
    ('Уптар', '5687fe85-927d-4d10-ab67-8b0818d548ec', '9d72aa00-45d8-475a-bed8-eb1e5d43fa29'),
    ('Усть-Омчуг', '55f8ac63-c226-4562-bd75-39fbb5d9d987', '9d72aa00-45d8-475a-bed8-eb1e5d43fa29'),
    ('Холодный', '4612e49a-3e25-4318-b18b-9e96200b8bda', '9d72aa00-45d8-475a-bed8-eb1e5d43fa29'),
    ('Эвенск', '19e85385-60f1-4acb-bd5e-1640f234be24', '9d72aa00-45d8-475a-bed8-eb1e5d43fa29'),
    ('Ягодное', '0c108da7-3667-455d-8748-83411b9886b3', '9d72aa00-45d8-475a-bed8-eb1e5d43fa29');

INSERT INTO region (id, "name", country_id)
VALUES ('6ae52dd8-8614-436b-bb4b-f6fbc7931cac', 'Московская область', 'e7156acf-b118-4a23-92e4-8b2579ed798a');

INSERT INTO populated_locality ("name", id, region_id)
VALUES ('Апрелевка', '0a80809e-9611-4602-aa5f-6aa38da35afe', '6ae52dd8-8614-436b-bb4b-f6fbc7931cac'),
    ('Балашиха', '4f1ef7b8-5553-45ec-ad95-97178d6c3e01', '6ae52dd8-8614-436b-bb4b-f6fbc7931cac'),
    ('Белоозёрский', 'e43f7076-049e-4907-9527-88ed645fad7a', '6ae52dd8-8614-436b-bb4b-f6fbc7931cac'),
    ('Бронницы', 'b3f7a896-c244-43d7-a268-757da86e20fc', '6ae52dd8-8614-436b-bb4b-f6fbc7931cac'),
    ('Верея', '93bb62e3-33e4-48ce-bff4-bd5a60f0bb4e', '6ae52dd8-8614-436b-bb4b-f6fbc7931cac'),
    ('Видное', 'a7abd698-7770-498c-b6be-bd2b17c02eff', '6ae52dd8-8614-436b-bb4b-f6fbc7931cac'),
    ('Волоколамск', '9dc4bbcd-5675-4436-accf-254f3c7d7b81', '6ae52dd8-8614-436b-bb4b-f6fbc7931cac'),
    ('Воскресенск', '4b1762d2-842c-4b01-ac81-17341a871731', '6ae52dd8-8614-436b-bb4b-f6fbc7931cac'),
    ('Высоковск', 'bf5b9099-b992-4c9c-bd80-5d42ad5c7801', '6ae52dd8-8614-436b-bb4b-f6fbc7931cac'),
    ('Голицыно', '3e12fa98-59cc-48c3-b922-39cff3882197', '6ae52dd8-8614-436b-bb4b-f6fbc7931cac'),
    ('Дедовск', 'ee5b40fc-1524-47a0-8e95-58be09f48e7f', '6ae52dd8-8614-436b-bb4b-f6fbc7931cac'),
    ('Дзержинский', 'c1f2e382-1d73-4caf-a184-ce213f8b096a', '6ae52dd8-8614-436b-bb4b-f6fbc7931cac'),
    ('Дмитров', 'aa978912-1d7f-4b18-bbbe-63552f478e7e', '6ae52dd8-8614-436b-bb4b-f6fbc7931cac'),
    ('Долгопрудный', '63bad976-3cfc-4fc9-aedd-2514784480e0', '6ae52dd8-8614-436b-bb4b-f6fbc7931cac'),
    ('Домодедово', '4cef28d4-ed0f-4e44-8ffd-71c3d7bb73fe', '6ae52dd8-8614-436b-bb4b-f6fbc7931cac'),
    ('Дрезна', '888e9fe0-a98b-47cb-8e22-fc25873fa633', '6ae52dd8-8614-436b-bb4b-f6fbc7931cac'),
    ('Дубна', '068dd8d4-7f37-46f9-a71e-22d8b7e3921d', '6ae52dd8-8614-436b-bb4b-f6fbc7931cac'),
    ('Егорьевск', '40b775a5-c669-4924-b0a9-06e763b40030', '6ae52dd8-8614-436b-bb4b-f6fbc7931cac'),
    ('Жуковский', '8d95c750-f69b-4ffa-b397-ad8e6aec154f', '6ae52dd8-8614-436b-bb4b-f6fbc7931cac'),
    ('Зарайск', 'c0627e17-0b4b-4748-b5e4-39100d2e27c7', '6ae52dd8-8614-436b-bb4b-f6fbc7931cac'),
    ('Звенигород', 'be773026-fe53-48c8-98c4-47db2963846d', '6ae52dd8-8614-436b-bb4b-f6fbc7931cac'),
    ('Ивантеевка', '62aafc86-ca65-4560-8550-7dcc0a778f9f', '6ae52dd8-8614-436b-bb4b-f6fbc7931cac'),
    ('Истра', '2c770f8c-9735-4499-a5bf-529a2f97bdff', '6ae52dd8-8614-436b-bb4b-f6fbc7931cac'),
    ('Кашира', 'a2c1e60e-d629-408d-812c-709788f64eb1', '6ae52dd8-8614-436b-bb4b-f6fbc7931cac'),
    ('Клин', 'ac72097e-8f88-4b0c-8761-96eaaf5381c2', '6ae52dd8-8614-436b-bb4b-f6fbc7931cac'),
    ('Коломна', '47887d3a-ce24-49f9-851d-ffa753f4d4dc', '6ae52dd8-8614-436b-bb4b-f6fbc7931cac'),
    ('Королёв', 'c73a9409-ad56-44d0-b80d-b59696261831', '6ae52dd8-8614-436b-bb4b-f6fbc7931cac'),
    ('Котельники', '71e4404e-22e8-4ef0-af5d-2cb76c22eec2', '6ae52dd8-8614-436b-bb4b-f6fbc7931cac'),
    ('Красноармейск', '540f7aa4-881a-465b-ae2a-c59e95b33c78', '6ae52dd8-8614-436b-bb4b-f6fbc7931cac'),
    ('Красногорск', '6d1c14e5-4891-434f-8d45-e6b66b7e3980', '6ae52dd8-8614-436b-bb4b-f6fbc7931cac'),
    ('Краснозаводск', '80e65d7f-8e52-4c97-87c3-2d8ed451d6e9', '6ae52dd8-8614-436b-bb4b-f6fbc7931cac'),
    ('Краснознаменск', 'e1540d9e-945e-42b9-8f5a-90c94bca86f5', '6ae52dd8-8614-436b-bb4b-f6fbc7931cac'),
    ('Кубинка', '62c24996-1d42-4eeb-9c32-aced9f50dc28', '6ae52dd8-8614-436b-bb4b-f6fbc7931cac'),
    ('Куровское', '61cbf4fa-d84b-498f-910c-c9d0c672c8ec', '6ae52dd8-8614-436b-bb4b-f6fbc7931cac'),
    ('Ликино-Дулёво', 'b407c41d-44f9-493f-a2db-0a1fc4671f04', '6ae52dd8-8614-436b-bb4b-f6fbc7931cac'),
    ('Лобня', 'a845e487-8047-4c99-99cd-eaf64068b45f', '6ae52dd8-8614-436b-bb4b-f6fbc7931cac'),
    ('Лосино-Петровский', '76eeb43b-865b-46db-bf7c-e64fd8c572d4', '6ae52dd8-8614-436b-bb4b-f6fbc7931cac'),
    ('Луховицы', '1c08fdd3-2161-4991-89ee-f4c1c2e7849f', '6ae52dd8-8614-436b-bb4b-f6fbc7931cac'),
    ('Лыткарино', 'b8f7a792-c797-466d-87ad-a1c9273fd721', '6ae52dd8-8614-436b-bb4b-f6fbc7931cac'),
    ('Люберцы', 'ce0bc171-9cd3-4ffc-bf1d-9b44eee22c00', '6ae52dd8-8614-436b-bb4b-f6fbc7931cac'),
    ('Можайск', '97ecc6f1-df15-4418-bb40-44fe174359c5', '6ae52dd8-8614-436b-bb4b-f6fbc7931cac'),
    ('Москва', 'c67d17e2-ed21-4e2c-8d26-219ba500a2b7', '6ae52dd8-8614-436b-bb4b-f6fbc7931cac'),
    ('Мытищи', '2ee7c973-e35d-4784-9546-fd2e09b27e1f', '6ae52dd8-8614-436b-bb4b-f6fbc7931cac'),
    ('Наро-Фоминск', '92d8cea9-1c8e-4d2d-a313-ee6d3a10ed06', '6ae52dd8-8614-436b-bb4b-f6fbc7931cac'),
    ('Ногинск', '129a3e86-656f-476a-881d-635d7cac7afb', '6ae52dd8-8614-436b-bb4b-f6fbc7931cac'),
    ('Одинцово', 'f915a069-7ec9-46c1-8d62-e4bd56829767', '6ae52dd8-8614-436b-bb4b-f6fbc7931cac'),
    ('Озёры', 'c6e747fd-79e2-46eb-8a6e-0cf5f8da4fcd', '6ae52dd8-8614-436b-bb4b-f6fbc7931cac'),
    ('Орехово-Зуево', '848454c2-e83f-43a5-8cf1-02a60a57b181', '6ae52dd8-8614-436b-bb4b-f6fbc7931cac'),
    ('Павловский Посад', '1aaac227-a0de-4b6c-9e0c-ba47f8e492ae', '6ae52dd8-8614-436b-bb4b-f6fbc7931cac'),
    ('Пересвет', '2575d696-89fa-47a7-8c52-0758db5e8ad7', '6ae52dd8-8614-436b-bb4b-f6fbc7931cac'),
    ('Подольск', '163d2c46-fd22-4ae5-9077-67e30a954077', '6ae52dd8-8614-436b-bb4b-f6fbc7931cac'),
    ('Протвино', '5acc9fc3-9063-4a7d-823a-86c2c3193c01', '6ae52dd8-8614-436b-bb4b-f6fbc7931cac'),
    ('Пушкино', 'fa77f1ee-de8e-4cc1-b2a1-fc2e82af55e8', '6ae52dd8-8614-436b-bb4b-f6fbc7931cac'),
    ('Пущино', '50fd006d-e099-4348-8d87-e25a2733eb87', '6ae52dd8-8614-436b-bb4b-f6fbc7931cac'),
    ('Раменское', '8eb84aba-fa53-4c79-b2a0-1efebbf84bf1', '6ae52dd8-8614-436b-bb4b-f6fbc7931cac'),
    ('Реутов', '0558de8a-f3e7-4d0d-87c3-f22d3b19b77b', '6ae52dd8-8614-436b-bb4b-f6fbc7931cac'),
    ('Рошаль', '5f9ce326-1ade-400e-9643-8b3d80c35e09', '6ae52dd8-8614-436b-bb4b-f6fbc7931cac'),
    ('Руза', 'dfe26fd8-7182-411c-b4b1-6ab7604e7cf5', '6ae52dd8-8614-436b-bb4b-f6fbc7931cac'),
    ('Сергиев Посад', 'c79a027b-5d8a-4eeb-955c-84be4207def0', '6ae52dd8-8614-436b-bb4b-f6fbc7931cac'),
    ('Серпухов', '1d6e67a0-6587-45c8-adeb-ef6194d0dfdc', '6ae52dd8-8614-436b-bb4b-f6fbc7931cac'),
    ('Солнечногорск', '17ef8141-f746-4252-a05a-f64af896fc8d', '6ae52dd8-8614-436b-bb4b-f6fbc7931cac'),
    ('Старая Купавна', '1ce2f736-1261-4036-9752-138210f50be8', '6ae52dd8-8614-436b-bb4b-f6fbc7931cac'),
    ('Ступино', '6b339a48-9428-442b-ab64-042a44a3357c', '6ae52dd8-8614-436b-bb4b-f6fbc7931cac'),
    ('Талдом', '7e51053e-0226-4c22-8304-7da9e21fe6c1', '6ae52dd8-8614-436b-bb4b-f6fbc7931cac'),
    ('Фрязино', '75500b03-bf36-425c-b592-b70089e4fd0f', '6ae52dd8-8614-436b-bb4b-f6fbc7931cac'),
    ('Химки', 'ff7cd93a-7fa1-4a80-b7f3-897fb5f05d30', '6ae52dd8-8614-436b-bb4b-f6fbc7931cac'),
    ('Хотьково', '70a61c4a-8e07-4d4c-a011-2efdeaf60126', '6ae52dd8-8614-436b-bb4b-f6fbc7931cac'),
    ('Черноголовка', '8351af97-5e38-4339-9827-ede8c3cceefc', '6ae52dd8-8614-436b-bb4b-f6fbc7931cac'),
    ('Чехов', '0413d3c6-4edd-4df2-8f23-86a275c7bbe4', '6ae52dd8-8614-436b-bb4b-f6fbc7931cac'),
    ('Шатура', 'cf14a703-bbe8-4645-a5a5-f5291b7ef44a', '6ae52dd8-8614-436b-bb4b-f6fbc7931cac'),
    ('Щёлково', '43b0d97a-0216-4de4-8aaa-314215d1e2c7', '6ae52dd8-8614-436b-bb4b-f6fbc7931cac'),
    ('Электрогорск', '39e88d52-3be4-4ce1-8a68-07015e0f4692', '6ae52dd8-8614-436b-bb4b-f6fbc7931cac'),
    ('Электросталь', 'b1ecf206-5332-44c1-bdf9-04c97302e043', '6ae52dd8-8614-436b-bb4b-f6fbc7931cac'),
    ('Электроугли', '1495b4ad-94e9-4a4b-9e2b-58e01833f9bb', '6ae52dd8-8614-436b-bb4b-f6fbc7931cac'),
    ('Яхрома', '716e43bf-fab3-47f3-bea4-0aa5e14ef86f', '6ae52dd8-8614-436b-bb4b-f6fbc7931cac');
INSERT INTO populated_locality ("name", id, region_id)
VALUES ('Андреевка', '1b811957-dfda-469a-810c-1d68f42e0f2e', '6ae52dd8-8614-436b-bb4b-f6fbc7931cac'),
    ('Ашукино', 'e6352772-2250-476d-8f18-573fd062f9dd', '6ae52dd8-8614-436b-bb4b-f6fbc7931cac'),
    ('Белоомут', '9a761da7-5da1-4596-a6d2-02c40d439e6e', '6ae52dd8-8614-436b-bb4b-f6fbc7931cac'),
    ('Боброво', 'c35a2723-356f-4f2f-a4a8-8b6634683f40', '6ae52dd8-8614-436b-bb4b-f6fbc7931cac'),
    ('Богородское', 'fb356a36-e5af-43b6-9480-48ce835e046e', '6ae52dd8-8614-436b-bb4b-f6fbc7931cac'),
    ('Большие Вязёмы', '662ec422-d2c5-4711-8eb6-e3ec7b1e0c8f', '6ae52dd8-8614-436b-bb4b-f6fbc7931cac'),
    ('Большие Дворы', '1d2b9877-576f-4783-9571-f917893053a3', '6ae52dd8-8614-436b-bb4b-f6fbc7931cac'),
    ('Бутово', '1b024895-8c13-4e6b-8225-f7c4e94c1b20', '6ae52dd8-8614-436b-bb4b-f6fbc7931cac'),
    ('Быково', '41ab675e-dc30-4bd4-86ac-a05d6c9bf6b7', '6ae52dd8-8614-436b-bb4b-f6fbc7931cac'),
    ('Вербилки', 'e654a817-98f9-45dc-898a-aff5c4101c8e', '6ae52dd8-8614-436b-bb4b-f6fbc7931cac'),
    ('Власиха', 'c02adfc5-e524-499b-98f4-aef06323d68b', '6ae52dd8-8614-436b-bb4b-f6fbc7931cac'),
    ('Восход', 'c4453705-2735-4b55-a50e-8e3c57d72379', '6ae52dd8-8614-436b-bb4b-f6fbc7931cac'),
    ('Горки Ленинские', '3818471e-a920-4ead-af4d-2da3450a4668', '6ae52dd8-8614-436b-bb4b-f6fbc7931cac'),
    ('Деденёво', '74f44cfd-5a4b-49f2-b4c7-96e2a2edf00e', '6ae52dd8-8614-436b-bb4b-f6fbc7931cac'),
    ('Дрожжино', 'e1ff3145-4b4f-4ca2-9661-a9452294426a', '6ae52dd8-8614-436b-bb4b-f6fbc7931cac'),
    ('Жилёво', '68e22857-c952-43f1-9f4b-216fd8c4594c', '6ae52dd8-8614-436b-bb4b-f6fbc7931cac'),
    ('Загорянский', '3425be5c-c546-4589-9ea5-49c419202554', '6ae52dd8-8614-436b-bb4b-f6fbc7931cac'),
    ('Запрудня', 'f8ad75ac-fe0e-46f1-8923-8061bc128efc', '6ae52dd8-8614-436b-bb4b-f6fbc7931cac'),
    ('Заречье', 'b07250e0-3755-4c61-81e0-c2af98d22f01', '6ae52dd8-8614-436b-bb4b-f6fbc7931cac'),
    ('Звёздный городок', '83b1c7bd-a49e-417c-9501-7e610833c4cb', '6ae52dd8-8614-436b-bb4b-f6fbc7931cac'),
    ('Зеленоградский', 'fd19b7fe-6820-4fbe-ad0d-dad89529e8c1', '6ae52dd8-8614-436b-bb4b-f6fbc7931cac'),
    ('Измайлово', 'c663072c-cb76-47f6-8193-044c3dd5b85c', '6ae52dd8-8614-436b-bb4b-f6fbc7931cac'),
    ('Икша', 'd5f76afb-e6ce-4302-b524-703634663479', '6ae52dd8-8614-436b-bb4b-f6fbc7931cac'),
    ('Ильинский', '8816829b-efb0-4d87-95da-3687ea60c800', '6ae52dd8-8614-436b-bb4b-f6fbc7931cac'),
    ('имени Воровского', '6ef17d46-556b-49f6-a26e-14ecb3c319c0', '6ae52dd8-8614-436b-bb4b-f6fbc7931cac'),
    ('имени Цюрупы', '9e9c6208-2db8-46f0-a5ca-813d9c1ec79c', '6ae52dd8-8614-436b-bb4b-f6fbc7931cac'),
    ('Калининец', 'fc687c50-2b84-4711-a27b-ed7d59c1c3f8', '6ae52dd8-8614-436b-bb4b-f6fbc7931cac'),
    ('Красково', '8db01501-a394-457b-8de1-c75404349279', '6ae52dd8-8614-436b-bb4b-f6fbc7931cac'),
    ('Кратово', 'd532a85b-d9fd-4712-aa02-abb70f13fc89', '6ae52dd8-8614-436b-bb4b-f6fbc7931cac'),
    ('Лесной', '7d796c91-1d72-4020-bf1f-6157c9942f5c', '6ae52dd8-8614-436b-bb4b-f6fbc7931cac'),
    ('Лесной Городок', '9100b509-a1a1-4e5f-91c2-ffcd288d1772', '6ae52dd8-8614-436b-bb4b-f6fbc7931cac'),
    ('Лопатино', '74b194f8-9c3b-44f3-95dc-a59df788a4a2', '6ae52dd8-8614-436b-bb4b-f6fbc7931cac'),
    ('Лотошино', '2e070ebe-ce39-46f4-9a79-5810337947eb', '6ae52dd8-8614-436b-bb4b-f6fbc7931cac'),
    ('Малаховка', '591ebe34-1f4c-4ec9-9c4f-a833e3170876', '6ae52dd8-8614-436b-bb4b-f6fbc7931cac'),
    ('Малино', 'e6ce109c-f9ad-4345-bf92-6d4a3eaf0776', '6ae52dd8-8614-436b-bb4b-f6fbc7931cac'),
    ('Менделеево', 'e50da406-10c2-4faf-9a52-1c4c1f14b779', '6ae52dd8-8614-436b-bb4b-f6fbc7931cac'),
    ('Михнево', 'c3e10c86-f33e-46fe-a586-a6d2e5d58bec', '6ae52dd8-8614-436b-bb4b-f6fbc7931cac'),
    ('Мишеронский', '8ca8dbc1-9a61-4b75-be28-ad387837667b', '6ae52dd8-8614-436b-bb4b-f6fbc7931cac'),
    ('Молодёжный', '4e75c425-6ae8-4087-a9de-6bde9d875e2d', '6ae52dd8-8614-436b-bb4b-f6fbc7931cac'),
    ('Монино', '32bb4c31-3c4d-405f-8eea-8811d97da3d9', '6ae52dd8-8614-436b-bb4b-f6fbc7931cac'),
    ('Нахабино', '1f5a8fcf-95c8-4940-a79b-5f6b3428cc77', '6ae52dd8-8614-436b-bb4b-f6fbc7931cac'),
    ('Некрасовский', 'e3e813f4-eb7f-4763-b57f-18514cec00dd', '6ae52dd8-8614-436b-bb4b-f6fbc7931cac'),
    ('Новодрожжино', '9ed1a7e5-99c0-4c25-b0e6-8ed8fbe61d7e', '6ae52dd8-8614-436b-bb4b-f6fbc7931cac'),
    ('Новоивановское', '9e033930-84fb-4276-9b2e-5b872746ac44', '6ae52dd8-8614-436b-bb4b-f6fbc7931cac'),
    ('Оболенск', '6e6d3ef9-272f-48ec-90d2-33c23d855364', '6ae52dd8-8614-436b-bb4b-f6fbc7931cac'),
    ('Обухово', '137fef24-3be2-4227-b4e0-ee391d3a44e6', '6ae52dd8-8614-436b-bb4b-f6fbc7931cac'),
    ('Октябрьский', 'f926ccaa-0368-4432-93ad-86c712ebbdf5', '6ae52dd8-8614-436b-bb4b-f6fbc7931cac'),
    ('Поварово', '4af14288-84d1-4ae7-a0da-729238795317', '6ae52dd8-8614-436b-bb4b-f6fbc7931cac'),
    ('Правдинский', '22edebd9-6d60-4733-8ffe-2663e3867548', '6ae52dd8-8614-436b-bb4b-f6fbc7931cac'),
    ('Пролетарский', 'b7ab3a63-d7a8-4649-8e15-3f09732f1bd0', '6ae52dd8-8614-436b-bb4b-f6fbc7931cac'),
    ('Решетниково', '767e2208-5019-4111-bdc3-67cc9b62ad43', '6ae52dd8-8614-436b-bb4b-f6fbc7931cac'),
    ('Ржавки', '08167d5c-697e-4661-95eb-14a8a5d52ea0', '6ae52dd8-8614-436b-bb4b-f6fbc7931cac'),
    ('Родники', 'd4b5ba09-6483-43e1-a87e-2e666b75ae82', '6ae52dd8-8614-436b-bb4b-f6fbc7931cac'),
    ('Рязановский', '0b7c5846-e24f-4002-8f5b-086105218432', '6ae52dd8-8614-436b-bb4b-f6fbc7931cac'),
    ('Свердловский', 'daddc8e7-1b64-44ee-8ead-4828bf38dc70', '6ae52dd8-8614-436b-bb4b-f6fbc7931cac'),
    ('Северный', 'cf49b905-4e09-4f4b-86a1-079aaadcaad7', '6ae52dd8-8614-436b-bb4b-f6fbc7931cac'),
    ('Селятино', 'c63aecb0-2bb1-48f4-ae22-9ab1746a1c5c', '6ae52dd8-8614-436b-bb4b-f6fbc7931cac'),
    ('Серебряные Пруды', '76d227cc-86b3-4159-afa7-ab9959f9801f', '6ae52dd8-8614-436b-bb4b-f6fbc7931cac'),
    ('Скоропусковский', '7626f72b-2bd2-4c3d-9838-1cdd348bbff4', '6ae52dd8-8614-436b-bb4b-f6fbc7931cac'),
    ('Снегири', 'b804a434-181f-4ca4-9ddd-9cf458218f0c', '6ae52dd8-8614-436b-bb4b-f6fbc7931cac'),
    ('Софрино', 'dbff6341-59f1-4526-8444-69a34ac05060', '6ae52dd8-8614-436b-bb4b-f6fbc7931cac'),
    ('Столбовая', '435d1e41-ff74-451b-bd90-4e89475f876e', '6ae52dd8-8614-436b-bb4b-f6fbc7931cac'),
    ('Сычёво', 'd75352da-233f-48da-b6e0-038115c476c8', '6ae52dd8-8614-436b-bb4b-f6fbc7931cac'),
    ('Томилино', '2424f5cf-9900-43cb-b5a1-51e2013b035e', '6ae52dd8-8614-436b-bb4b-f6fbc7931cac'),
    ('Тучково', '321b23d8-0915-44cb-85ef-6b6a4f7de76c', '6ae52dd8-8614-436b-bb4b-f6fbc7931cac'),
    ('Уваровка', '5abf2e04-e17e-4f66-ac4e-45b89bdb3c56', '6ae52dd8-8614-436b-bb4b-f6fbc7931cac'),
    ('Удельная', '839d23ce-1a04-47f3-bfc7-56531937e737', '6ae52dd8-8614-436b-bb4b-f6fbc7931cac'),
    ('Фосфоритный', '9b004949-2030-4295-ab97-f0d19a1afb81', '6ae52dd8-8614-436b-bb4b-f6fbc7931cac'),
    ('Фряново', 'e3a923cc-7bf4-4206-bb9d-27aeee45612b', '6ae52dd8-8614-436b-bb4b-f6fbc7931cac'),
    ('Хорлово', 'c11ac74b-5caf-465e-a8b6-d342b5ed344f', '6ae52dd8-8614-436b-bb4b-f6fbc7931cac'),
    ('Черкизово', 'b804030f-5454-4d57-9abb-c3c801661595', '6ae52dd8-8614-436b-bb4b-f6fbc7931cac'),
    ('Черусти', 'fb3fbea1-6790-435a-9d26-28cb8caac400', '6ae52dd8-8614-436b-bb4b-f6fbc7931cac'),
    ('Шаховская', 'e11abd84-9ba9-498f-bb22-bfd26a47521a', '6ae52dd8-8614-436b-bb4b-f6fbc7931cac');

INSERT INTO region (id, "name", country_id)
VALUES ('51494d3b-38ee-4e80-a281-1b5b678a43e5', 'Мурманская область', 'e7156acf-b118-4a23-92e4-8b2579ed798a');

INSERT INTO populated_locality ("name", id, region_id)
VALUES ('Апатиты', '5d48ac08-bb78-4626-989e-9986c4347044', '51494d3b-38ee-4e80-a281-1b5b678a43e5'),
    ('Гаджиево', 'f92945c1-862a-4ac5-ab12-a6e957e1ab51', '51494d3b-38ee-4e80-a281-1b5b678a43e5'),
    ('Заозёрск', '492e39be-9ac0-4ec2-89b1-1d30a5c74929', '51494d3b-38ee-4e80-a281-1b5b678a43e5'),
    ('Заполярный', '85942c19-9710-49d6-9d15-adb846713436', '51494d3b-38ee-4e80-a281-1b5b678a43e5'),
    ('Кандалакша', 'a3a49091-c54a-4848-8ec1-619d3b7fc8b2', '51494d3b-38ee-4e80-a281-1b5b678a43e5'),
    ('Кировск', '5cbafbb9-6c5c-400f-956b-3f8906a27ad8', '51494d3b-38ee-4e80-a281-1b5b678a43e5'),
    ('Ковдор', '80139262-dd63-4465-8b2a-fdc9bafe259d', '51494d3b-38ee-4e80-a281-1b5b678a43e5'),
    ('Кола', '37755d7e-4537-4685-9fef-173004ed95a1', '51494d3b-38ee-4e80-a281-1b5b678a43e5'),
    ('Мончегорск', 'bde33637-6952-4cd6-bcda-92ab0982cfea', '51494d3b-38ee-4e80-a281-1b5b678a43e5'),
    ('Мурманск', '90833324-7824-422d-9faa-a306d2b98417', '51494d3b-38ee-4e80-a281-1b5b678a43e5'),
    ('Оленегорск', '49348f83-7dcb-4f78-bc90-5c47259a1e91', '51494d3b-38ee-4e80-a281-1b5b678a43e5'),
    ('Островной', 'f0cd1913-5471-4284-bad1-3d1dde4be54b', '51494d3b-38ee-4e80-a281-1b5b678a43e5'),
    ('Полярные Зори', 'f3fcc3d6-f414-4d73-886b-5c8a4dc7bf2f', '51494d3b-38ee-4e80-a281-1b5b678a43e5'),
    ('Полярный', 'fc25aac3-f3a3-4ff3-a6fc-b828969e3c5b', '51494d3b-38ee-4e80-a281-1b5b678a43e5'),
    ('Североморск', '98969227-5833-4b8e-a24e-4d16e1f08a18', '51494d3b-38ee-4e80-a281-1b5b678a43e5'),
    ('Снежногорск', '3fda6b67-e760-4f65-9c01-246c883314a4', '51494d3b-38ee-4e80-a281-1b5b678a43e5');
INSERT INTO populated_locality ("name", id, region_id)
VALUES ('Верхнетуломский', '9b2a0a1d-7d3d-4900-a636-39ea818bf13c', '51494d3b-38ee-4e80-a281-1b5b678a43e5'),
    ('Зеленоборский', '12e68089-ea0c-49aa-902a-af73179f7602', '51494d3b-38ee-4e80-a281-1b5b678a43e5'),
    ('Кильдинстрой', '2fe66fc9-ad5b-4e82-99e1-fe8ba107f015', '51494d3b-38ee-4e80-a281-1b5b678a43e5'),
    ('Молочный', '1083b764-4efc-41ce-bf8f-efae1f1a341c', '51494d3b-38ee-4e80-a281-1b5b678a43e5'),
    ('Мурмаши', '92038f21-a8fc-4635-9391-8bd0979404ee', '51494d3b-38ee-4e80-a281-1b5b678a43e5'),
    ('Никель', '6d91325e-af71-4748-8783-1a3f7fc4a9bc', '51494d3b-38ee-4e80-a281-1b5b678a43e5'),
    ('Печенга', '15c52dd7-5660-4b90-8e00-712e5210262c', '51494d3b-38ee-4e80-a281-1b5b678a43e5'),
    ('Ревда', '019f28ad-1de4-4d44-a6aa-394f74cc0f51', '51494d3b-38ee-4e80-a281-1b5b678a43e5'),
    ('Сафоново', '86c92c29-c879-4472-af8a-5fe19350fd35', '51494d3b-38ee-4e80-a281-1b5b678a43e5'),
    ('Туманный', '17b6774a-ce9a-4af3-b815-020b8f4bb702', '51494d3b-38ee-4e80-a281-1b5b678a43e5'),
    ('Умба', '198268b1-e286-4687-96c4-000430d1bc20', '51494d3b-38ee-4e80-a281-1b5b678a43e5');

INSERT INTO region (id, "name", country_id)
VALUES ('96c184ab-1d86-4ce5-a803-c755fb970e2a', 'Нижегородская область', 'e7156acf-b118-4a23-92e4-8b2579ed798a');

INSERT INTO populated_locality ("name", id, region_id)
VALUES ('Арзамас', '3564200e-eb4d-40a6-88f3-e1e5217bb68e', '96c184ab-1d86-4ce5-a803-c755fb970e2a'),
    ('Балахна', '46aeed7c-3b28-4eaa-8c01-e11552e36802', '96c184ab-1d86-4ce5-a803-c755fb970e2a'),
    ('Богородск', 'b78ae7bd-2a01-4cbd-a4ed-1cf5ad93bf5c', '96c184ab-1d86-4ce5-a803-c755fb970e2a'),
    ('Бор', '8a75d661-514e-4cc5-8e77-0786f03eb8e3', '96c184ab-1d86-4ce5-a803-c755fb970e2a'),
    ('Ветлуга', 'ce771637-9dbe-441a-926c-63d817499864', '96c184ab-1d86-4ce5-a803-c755fb970e2a'),
    ('Володарск', '6eb25d18-7430-40ac-8c84-22fd8c45a026', '96c184ab-1d86-4ce5-a803-c755fb970e2a'),
    ('Ворсма', '5656f383-64d8-44fd-9127-a5954ffd4952', '96c184ab-1d86-4ce5-a803-c755fb970e2a'),
    ('Выкса', '7007eedf-7a4a-4adf-94bf-424b014bbdf2', '96c184ab-1d86-4ce5-a803-c755fb970e2a'),
    ('Горбатов', '8a9b1820-554b-4568-a17d-97b16b36e21b', '96c184ab-1d86-4ce5-a803-c755fb970e2a'),
    ('Городец', 'c3e045de-c879-409c-9416-54a84e53ee6a', '96c184ab-1d86-4ce5-a803-c755fb970e2a'),
    ('Дзержинск', '821deccc-ed40-4095-a5aa-eb5764ea88c0', '96c184ab-1d86-4ce5-a803-c755fb970e2a'),
    ('Заволжье', 'c3b8fae9-fa92-4030-a1fc-d0ee981c7990', '96c184ab-1d86-4ce5-a803-c755fb970e2a'),
    ('Княгинино', '91ddc9aa-83f2-4264-94c7-3006d01addaa', '96c184ab-1d86-4ce5-a803-c755fb970e2a'),
    ('Кстово', '1bc3e82d-5bba-4d6d-8e93-f390ff1994fc', '96c184ab-1d86-4ce5-a803-c755fb970e2a'),
    ('Кулебаки', '42e0ac96-2ae8-48b2-aeff-3600b4b459d4', '96c184ab-1d86-4ce5-a803-c755fb970e2a'),
    ('Лукоянов', 'f389845f-bf36-4411-be8e-548575b60df2', '96c184ab-1d86-4ce5-a803-c755fb970e2a'),
    ('Лысково', '4dbf5e33-3f0c-46b9-9911-495fdd27f36c', '96c184ab-1d86-4ce5-a803-c755fb970e2a'),
    ('Навашино', '2e95058b-87af-4c8d-81e2-9844536984b4', '96c184ab-1d86-4ce5-a803-c755fb970e2a'),
    ('Нижний Новгород', 'ea7f96b1-5159-4cd7-8c09-ab0cc7d18c52', '96c184ab-1d86-4ce5-a803-c755fb970e2a'),
    ('Павлово', '4f46489b-77ff-407d-81cd-cb2ca3e2cc7a', '96c184ab-1d86-4ce5-a803-c755fb970e2a'),
    ('Первомайск', '8c4f611e-7932-4320-95a0-9bdf397bd4dc', '96c184ab-1d86-4ce5-a803-c755fb970e2a'),
    ('Перевоз', 'ae38e7b1-fb59-4d67-96cb-8c78e1f40df9', '96c184ab-1d86-4ce5-a803-c755fb970e2a'),
    ('Саров', '3dacfef4-cac6-425e-8498-6add5fcbe445', '96c184ab-1d86-4ce5-a803-c755fb970e2a'),
    ('Семёнов', 'b0e43d5d-88a6-4417-9d5b-37dd7dab6cb5', '96c184ab-1d86-4ce5-a803-c755fb970e2a'),
    ('Сергач', '4eb173c5-77ad-4457-b9ae-6e2fab33f7b0', '96c184ab-1d86-4ce5-a803-c755fb970e2a'),
    ('Урень', '3880e61c-e059-412e-b718-716e6a2768de', '96c184ab-1d86-4ce5-a803-c755fb970e2a'),
    ('Чкаловск', '16a5c8fa-4b3c-4e77-a75b-eba4dbb31fe1', '96c184ab-1d86-4ce5-a803-c755fb970e2a'),
    ('Шахунья', '57fda95c-4a75-453e-9164-73560c3bd4fa', '96c184ab-1d86-4ce5-a803-c755fb970e2a');
INSERT INTO populated_locality ("name", id, region_id)
VALUES ('Ардатов', '5e3915c8-dfd9-4447-b7fc-347ed89a7eaf', '96c184ab-1d86-4ce5-a803-c755fb970e2a'),
    ('Арья', '62402fa7-4d8e-4661-949a-fc3ee2bee28c', '96c184ab-1d86-4ce5-a803-c755fb970e2a'),
    ('Ближне-Песочное', 'd5a2c9fb-9259-49b0-900f-7f0301760009', '96c184ab-1d86-4ce5-a803-c755fb970e2a'),
    ('Большое Козино', 'a0b896eb-42a1-45ba-af14-2cc1d65aa0f0', '96c184ab-1d86-4ce5-a803-c755fb970e2a'),
    ('Большое Мурашкино', '120b6857-cd83-4ffd-b78b-98d08ffe5375', '96c184ab-1d86-4ce5-a803-c755fb970e2a'),
    ('Бутурлино', '6e4f1db3-5c80-4e10-a5ac-312867aae3a3', '96c184ab-1d86-4ce5-a803-c755fb970e2a'),
    ('Варнавино', '112c5921-3e80-461f-8a8a-8f374644f677', '96c184ab-1d86-4ce5-a803-c755fb970e2a'),
    ('Васильсурск', '822eeb35-88ef-4c5c-85ae-c700c7870ddc', '96c184ab-1d86-4ce5-a803-c755fb970e2a'),
    ('Вахтан', 'f5adfcba-ad0a-4928-ba9c-953573beddec', '96c184ab-1d86-4ce5-a803-c755fb970e2a'),
    ('Вача', 'fa23cdcf-d3df-46c3-bd3b-50fed1da73e6', '96c184ab-1d86-4ce5-a803-c755fb970e2a'),
    ('Велетьма', 'd98ff416-2f08-4e64-b7c5-e3169f9c564d', '96c184ab-1d86-4ce5-a803-c755fb970e2a'),
    ('Ветлужский', 'a933ea8a-3730-4ed9-92af-db3b2b537543', '96c184ab-1d86-4ce5-a803-c755fb970e2a'),
    ('Виля', 'f4c76ecd-df32-4e2c-86b3-434cb0e0458b', '96c184ab-1d86-4ce5-a803-c755fb970e2a'),
    ('Вознесенское', '115713a2-75ce-41a4-960b-e84d78528fd3', '96c184ab-1d86-4ce5-a803-c755fb970e2a'),
    ('Воротынец', '1fcffad2-ffff-49ab-987e-097bba9750e7', '96c184ab-1d86-4ce5-a803-c755fb970e2a'),
    ('Воскресенское', 'f45d2a8b-e653-483d-bcbb-32852d4e4e71', '96c184ab-1d86-4ce5-a803-c755fb970e2a'),
    ('Выездное', '57781b78-8fe0-425a-b07b-34785010d832', '96c184ab-1d86-4ce5-a803-c755fb970e2a'),
    ('Гавриловка', '2153c0da-195e-4340-867c-9cb2998d3c58', '96c184ab-1d86-4ce5-a803-c755fb970e2a'),
    ('Гидроторф', '82ba0063-2156-47ae-896b-e775df22e639', '96c184ab-1d86-4ce5-a803-c755fb970e2a'),
    ('Горбатовка', '61d9163d-dc48-4955-a2b6-91c993e8e89d', '96c184ab-1d86-4ce5-a803-c755fb970e2a'),
    ('Гремячево', '43b2814f-03ed-40bf-a53d-b1e450dadbf7', '96c184ab-1d86-4ce5-a803-c755fb970e2a'),
    ('Дальнее Константиново', 'ffa1e1dc-e400-4e05-ab3b-fdde0f06e9f1', '96c184ab-1d86-4ce5-a803-c755fb970e2a'),
    ('Досчатое', 'f719dc8d-3f99-462e-acb9-5d68a387612a', '96c184ab-1d86-4ce5-a803-c755fb970e2a'),
    ('Желнино', '3406dd52-15ec-45ca-9675-a4f939bd16f1', '96c184ab-1d86-4ce5-a803-c755fb970e2a'),
    ('Зелёный Город', '8b9bde51-8715-4589-8ba6-8e214449cb24', '96c184ab-1d86-4ce5-a803-c755fb970e2a'),
    ('Ильиногорск', '3c32395c-7fdb-4acf-a3d6-7decfee76239', '96c184ab-1d86-4ce5-a803-c755fb970e2a'),
    ('имени М. И. Калинина', 'b0a393fc-23c7-4e18-b300-beb19ffad497', '96c184ab-1d86-4ce5-a803-c755fb970e2a'),
    ('имени Степана Разина', '4213931e-3bcc-4944-b843-d47dc00c9216', '96c184ab-1d86-4ce5-a803-c755fb970e2a'),
    ('Ковернино', '624091d9-cbe2-4362-a705-30271ef300bb', '96c184ab-1d86-4ce5-a803-c755fb970e2a'),
    ('Красные Баки', '92acb99b-8faf-4290-a2f7-29a5b0ac4b72', '96c184ab-1d86-4ce5-a803-c755fb970e2a'),
    ('Лесогорск', '5f2719eb-a04a-48d3-806d-72d998d48190', '96c184ab-1d86-4ce5-a803-c755fb970e2a'),
    ('Лукино', '4bf3a8ff-4ffb-4aef-8c9a-6beeb72a4c56', '96c184ab-1d86-4ce5-a803-c755fb970e2a'),
    ('Малое Козино', 'a595a337-aa79-461f-95f5-c408cd62bb58', '96c184ab-1d86-4ce5-a803-c755fb970e2a'),
    ('Мухтолово', '4fb8867b-d67b-4fcf-8bcd-588c3e599e3d', '96c184ab-1d86-4ce5-a803-c755fb970e2a'),
    ('Первое Мая', '4e786c35-fc61-41b8-8b69-7c4b60ab94ce', '96c184ab-1d86-4ce5-a803-c755fb970e2a'),
    ('Первомайский', 'dc63c1b1-c441-425f-8dcd-e5f3324d4620', '96c184ab-1d86-4ce5-a803-c755fb970e2a'),
    ('Пижма', '16085934-f86f-4684-bdf9-590dadba4bd8', '96c184ab-1d86-4ce5-a803-c755fb970e2a'),
    ('Пильна', 'e8b7a806-5c74-4e48-9985-dfb1b2fd11c1', '96c184ab-1d86-4ce5-a803-c755fb970e2a'),
    ('Решетиха', '86ffaaba-1a18-4ab8-81c5-6d9bb8413fc6', '96c184ab-1d86-4ce5-a803-c755fb970e2a'),
    ('Сатис', '7dae9c8f-3fa4-442d-8367-aca7097d94fe', '96c184ab-1d86-4ce5-a803-c755fb970e2a'),
    ('Смолино', '0e787305-5865-4009-ad57-168ad25e6ada', '96c184ab-1d86-4ce5-a803-c755fb970e2a'),
    ('Сокольское', '4f10d485-5e36-4c4a-8b60-76bbdeb0f248', '96c184ab-1d86-4ce5-a803-c755fb970e2a'),
    ('Сосновское', '1e56c4a8-0776-4a3b-a3f2-84d7c3362949', '96c184ab-1d86-4ce5-a803-c755fb970e2a'),
    ('Сухобезводное', 'b780bb00-c17d-465b-9477-ce0deef75966', '96c184ab-1d86-4ce5-a803-c755fb970e2a'),
    ('Сява', 'b16b3c94-a70d-4f3b-acd0-9221720780ed', '96c184ab-1d86-4ce5-a803-c755fb970e2a'),
    ('Тонкино', 'bd1f5b74-88ff-4bd2-98dc-4f09855032b9', '96c184ab-1d86-4ce5-a803-c755fb970e2a'),
    ('Тоншаево', '2c8eb622-cb09-4526-a370-ebcfcdd9a851', '96c184ab-1d86-4ce5-a803-c755fb970e2a'),
    ('Тумботино', '24284f7a-777c-49e3-a84d-ad1a0f837213', '96c184ab-1d86-4ce5-a803-c755fb970e2a'),
    ('Фролищи', 'a735754b-9bfb-4f3d-aa15-52f780beabfe', '96c184ab-1d86-4ce5-a803-c755fb970e2a'),
    ('Центральный', '4acb1a7c-706b-4ce8-88bf-12a928896e5a', '96c184ab-1d86-4ce5-a803-c755fb970e2a'),
    ('Шайгино', 'd9170817-31fc-4aa0-9569-e4343a6108b7', '96c184ab-1d86-4ce5-a803-c755fb970e2a'),
    ('Шаранга', '92aca022-4ab8-44d0-a150-0479955d61bd', '96c184ab-1d86-4ce5-a803-c755fb970e2a'),
    ('Шатки', 'b47e208d-ce6e-4519-8f78-54c52a5ef7fd', '96c184ab-1d86-4ce5-a803-c755fb970e2a'),
    ('Шиморское', '910b1dc7-3340-46f5-a113-d8dcf9ffcda1', '96c184ab-1d86-4ce5-a803-c755fb970e2a'),
    ('Юганец', '8736e076-883f-4845-af4d-a35bb01e0e22', '96c184ab-1d86-4ce5-a803-c755fb970e2a');

INSERT INTO region (id, "name", country_id)
VALUES ('363a17c6-7283-48fe-a1f0-d596fb7e2820', 'Новгородская область', 'e7156acf-b118-4a23-92e4-8b2579ed798a');

INSERT INTO populated_locality ("name", id, region_id)
VALUES ('Боровичи', '15dda7a1-20b6-46ca-a4c5-d864dccd0526', '363a17c6-7283-48fe-a1f0-d596fb7e2820'),
    ('Валдай', 'e7714388-b849-4c49-a1fb-6933923d1b12', '363a17c6-7283-48fe-a1f0-d596fb7e2820'),
    ('Великий Новгород', '4bef8e87-57bd-4284-acf2-a9909d984afd', '363a17c6-7283-48fe-a1f0-d596fb7e2820'),
    ('Малая Вишера', '39b42559-2041-4e94-a5dd-0ab65a4fe63b', '363a17c6-7283-48fe-a1f0-d596fb7e2820'),
    ('Окуловка', '6cf7a6bb-85d3-40ed-91d3-fa9581382965', '363a17c6-7283-48fe-a1f0-d596fb7e2820'),
    ('Пестово', '8127bfa2-9af5-4dd8-8595-358f05358930', '363a17c6-7283-48fe-a1f0-d596fb7e2820'),
    ('Сольцы', '11fb3304-51dd-4599-b31c-78c04be55b19', '363a17c6-7283-48fe-a1f0-d596fb7e2820'),
    ('Старая Русса', '52c4ec68-1464-41dc-b43e-b3090d985bee', '363a17c6-7283-48fe-a1f0-d596fb7e2820'),
    ('Холм', '19f86e7d-5404-4b6e-b30c-324fd06f7b61', '363a17c6-7283-48fe-a1f0-d596fb7e2820'),
    ('Чудово', '1d86bf5d-3fda-4868-9321-8ce27fccd052', '363a17c6-7283-48fe-a1f0-d596fb7e2820');
INSERT INTO populated_locality ("name", id, region_id)
VALUES ('Демянск', '94c2ed47-c599-4776-a3a8-18a810ccbc82', '363a17c6-7283-48fe-a1f0-d596fb7e2820'),
    ('Крестцы', 'db5552ad-cbcb-470b-a1ca-55470cab3f93', '363a17c6-7283-48fe-a1f0-d596fb7e2820'),
    ('Кулотино', '806a586d-a886-4525-a698-a0dd1d52a3e6', '363a17c6-7283-48fe-a1f0-d596fb7e2820'),
    ('Любытино', '7785272d-d6f8-4c66-bb0e-e7c4d6a76acb', '363a17c6-7283-48fe-a1f0-d596fb7e2820'),
    ('Неболчи', '5676c917-f0e9-4918-a868-d500c9c201b7', '363a17c6-7283-48fe-a1f0-d596fb7e2820'),
    ('Панковка', 'cc335257-d150-49ee-8551-6317f714ce47', '363a17c6-7283-48fe-a1f0-d596fb7e2820'),
    ('Парфино', 'f69a800f-ba2d-40a4-96e7-13d1aa294934', '363a17c6-7283-48fe-a1f0-d596fb7e2820'),
    ('Пролетарий', '8cb82d29-d042-4cd2-9755-2735216d31e3', '363a17c6-7283-48fe-a1f0-d596fb7e2820'),
    ('Угловка', '6614c983-ef74-437e-907b-038031403dba', '363a17c6-7283-48fe-a1f0-d596fb7e2820'),
    ('Хвойная', '72fccce5-ebd6-4fb1-a380-945d21a72b76', '363a17c6-7283-48fe-a1f0-d596fb7e2820'),
    ('Шимск', 'dd9dadb5-03c8-44cb-8c09-c6013e06b7fb', '363a17c6-7283-48fe-a1f0-d596fb7e2820');

INSERT INTO region (id, "name", country_id)
VALUES ('a4dce083-5ffc-4847-8f6b-b585ca1837ca', 'Новосибирская область', 'e7156acf-b118-4a23-92e4-8b2579ed798a');

INSERT INTO populated_locality ("name", id, region_id)
VALUES ('Барабинск', 'b8274966-8617-48ed-aa34-8a163c83f162', 'a4dce083-5ffc-4847-8f6b-b585ca1837ca'),
    ('Бердск', 'ab24266a-bd31-4198-ae19-9e7846f9cb8e', 'a4dce083-5ffc-4847-8f6b-b585ca1837ca'),
    ('Болотное', 'ec73ccfe-7730-4746-b96f-b83395d27647', 'a4dce083-5ffc-4847-8f6b-b585ca1837ca'),
    ('Искитим', '7123c321-e266-4315-a2fe-80133389e692', 'a4dce083-5ffc-4847-8f6b-b585ca1837ca'),
    ('Карасук', '57a43fbd-1b3f-42e0-a6a1-c7487ae6e850', 'a4dce083-5ffc-4847-8f6b-b585ca1837ca'),
    ('Каргат', 'dd0ce473-8e8e-4395-9e6d-1bee11a856e7', 'a4dce083-5ffc-4847-8f6b-b585ca1837ca'),
    ('Куйбышев', '17fc1279-5f40-4117-8320-c3f750b9d5db', 'a4dce083-5ffc-4847-8f6b-b585ca1837ca'),
    ('Купино', '6028a341-4bf7-4768-8040-c9911622e0a2', 'a4dce083-5ffc-4847-8f6b-b585ca1837ca'),
    ('Новосибирск', '577bcbbd-b114-4719-9f94-7bbc44ee8848', 'a4dce083-5ffc-4847-8f6b-b585ca1837ca'),
    ('Обь', '2557c0ac-74e6-4303-b0f7-9c663684e4cb', 'a4dce083-5ffc-4847-8f6b-b585ca1837ca'),
    ('Татарск', '3cb90baf-2c68-4249-822c-29dd6e49c821', 'a4dce083-5ffc-4847-8f6b-b585ca1837ca'),
    ('Тогучин', 'fb77b50e-e777-47df-b0fc-bb259f9be70b', 'a4dce083-5ffc-4847-8f6b-b585ca1837ca'),
    ('Черепаново', '06901412-0197-4812-bf6d-deae46171cf3', 'a4dce083-5ffc-4847-8f6b-b585ca1837ca'),
    ('Чулым', 'e778961e-5100-4b5d-9362-d1200e01558c', 'a4dce083-5ffc-4847-8f6b-b585ca1837ca');
INSERT INTO populated_locality ("name", id, region_id)
VALUES ('Горный', 'a89a61ef-0fc0-424d-92b9-ec1a463648e7', 'a4dce083-5ffc-4847-8f6b-b585ca1837ca'),
    ('Дорогино', 'f5025a26-5a07-4a02-8f97-3ac0f959e67b', 'a4dce083-5ffc-4847-8f6b-b585ca1837ca'),
    ('Колывань', 'e210cb00-34cd-4975-8d6f-b5fc717965fe', 'a4dce083-5ffc-4847-8f6b-b585ca1837ca'),
    ('Кольцово', '8a39b74c-c99b-48ef-a8f1-f400f0b12104', 'a4dce083-5ffc-4847-8f6b-b585ca1837ca'),
    ('Коченёво', '33c4f5ab-249e-4a28-ad9c-17359ad010e2', 'a4dce083-5ffc-4847-8f6b-b585ca1837ca'),
    ('Краснозёрское', '44c8fbf6-e9d4-423b-9430-626dddbc8b63', 'a4dce083-5ffc-4847-8f6b-b585ca1837ca'),
    ('Краснообск', 'f14507e2-4d5b-4503-97e2-e94b4a7b031b', 'a4dce083-5ffc-4847-8f6b-b585ca1837ca'),
    ('Линёво', '173cd966-65a5-4dab-9429-748bd12268a9', 'a4dce083-5ffc-4847-8f6b-b585ca1837ca'),
    ('Маслянино', '63227a0b-9dc5-4c9c-943b-da33b12ed6d9', 'a4dce083-5ffc-4847-8f6b-b585ca1837ca'),
    ('Мошково', 'db88a580-d56d-47bd-a6e1-a92559342df1', 'a4dce083-5ffc-4847-8f6b-b585ca1837ca'),
    ('Ордынское', '30214393-d2d6-48c8-9806-81b294590832', 'a4dce083-5ffc-4847-8f6b-b585ca1837ca'),
    ('Посевная', '38ba6cc3-385e-40d5-a18c-5ed6c5265901', 'a4dce083-5ffc-4847-8f6b-b585ca1837ca'),
    ('Станционно-Ояшинский', 'd78dde7d-bf05-4680-bb40-759e45a494a8', 'a4dce083-5ffc-4847-8f6b-b585ca1837ca'),
    ('Сузун', '534fbe6d-857a-400a-8673-4d3127c567e7', 'a4dce083-5ffc-4847-8f6b-b585ca1837ca'),
    ('Чаны', '9ba4ba4e-c7a2-4e7c-8d72-6d7bafae0d31', 'a4dce083-5ffc-4847-8f6b-b585ca1837ca'),
    ('Чик', '274f1e14-68d7-409e-ae3e-32a0704ca90d', 'a4dce083-5ffc-4847-8f6b-b585ca1837ca'),
    ('Чистоозёрное', 'a8f516a8-33ff-4577-ae6a-9d583b450d62', 'a4dce083-5ffc-4847-8f6b-b585ca1837ca');

INSERT INTO region (id, "name", country_id)
VALUES ('77ce68a8-858d-43c9-bdd0-c0064100916c', 'Омская область', 'e7156acf-b118-4a23-92e4-8b2579ed798a');

INSERT INTO populated_locality ("name", id, region_id)
VALUES ('Исилькуль', 'e7df80b7-b1f6-4575-800c-f857594e586a', '77ce68a8-858d-43c9-bdd0-c0064100916c'),
    ('Калачинск', '6e8344b8-8ed2-47f0-b833-446b3b9eb46b', '77ce68a8-858d-43c9-bdd0-c0064100916c'),
    ('Называевск', 'bfc122a1-ac0f-4acb-b96b-a885eecd3712', '77ce68a8-858d-43c9-bdd0-c0064100916c'),
    ('Омск', '0453f81a-5f64-47a5-8f25-825b54eefd6e', '77ce68a8-858d-43c9-bdd0-c0064100916c'),
    ('Тара', '5af864fe-8eeb-441d-8940-fd3db73e8eaa', '77ce68a8-858d-43c9-bdd0-c0064100916c'),
    ('Тюкалинск', '3c1ca2a6-c0e6-4868-bdeb-c836c78f76be', '77ce68a8-858d-43c9-bdd0-c0064100916c');
INSERT INTO populated_locality ("name", id, region_id)
VALUES ('Большегривское', 'baea8243-6c2f-4e29-b903-c820921bda0f', '77ce68a8-858d-43c9-bdd0-c0064100916c'),
    ('Большеречье', '0f8ee293-4774-4665-919f-8618f95e2f4a', '77ce68a8-858d-43c9-bdd0-c0064100916c'),
    ('Горьковское', '25a9b719-fae1-4ece-8e06-c14363363754', '77ce68a8-858d-43c9-bdd0-c0064100916c'),
    ('Кормиловка', '41993252-bb77-4a13-8e01-e4103cc29670', '77ce68a8-858d-43c9-bdd0-c0064100916c'),
    ('Красный Яр', '8fbacf0e-4696-4ed1-8692-bc0f8557c16e', '77ce68a8-858d-43c9-bdd0-c0064100916c'),
    ('Крутинка', 'f9478def-da1f-45e5-9c3c-8fab62420e0c', '77ce68a8-858d-43c9-bdd0-c0064100916c'),
    ('Любинский', 'c6286f92-f65c-49e5-8cda-2d68d7e7f656', '77ce68a8-858d-43c9-bdd0-c0064100916c'),
    ('Марьяновка', '05aad4c3-6e17-4917-964a-51c88b624b0a', '77ce68a8-858d-43c9-bdd0-c0064100916c'),
    ('Москаленки', '44d4b232-353f-48e8-9c3f-771248102504', '77ce68a8-858d-43c9-bdd0-c0064100916c'),
    ('Муромцево', 'bc11510c-3261-4248-a3fd-ffd85466a5ef', '77ce68a8-858d-43c9-bdd0-c0064100916c'),
    ('Нововаршавка', '437327c4-e2a5-4c7e-8d41-daf03e31f320', '77ce68a8-858d-43c9-bdd0-c0064100916c'),
    ('Оконешниково', '15bc9955-5290-4433-85f2-1b8b3a5bff7f', '77ce68a8-858d-43c9-bdd0-c0064100916c'),
    ('Павлоградка', '5cdf1257-5d62-4c3e-81bc-51846b03ee5f', '77ce68a8-858d-43c9-bdd0-c0064100916c'),
    ('Полтавка', '4ffce63a-4764-4aa6-9e77-bd42e31823be', '77ce68a8-858d-43c9-bdd0-c0064100916c'),
    ('Русская Поляна', '4027d700-dd11-4917-9f0c-3eb72f86e4de', '77ce68a8-858d-43c9-bdd0-c0064100916c'),
    ('Саргатское', 'ba099ca0-5a14-43c7-a58d-112d48f6c3e7', '77ce68a8-858d-43c9-bdd0-c0064100916c'),
    ('Таврическое', 'fba7b3cd-5b80-46d2-b01a-ea1cb56305fa', '77ce68a8-858d-43c9-bdd0-c0064100916c'),
    ('Тевриз', '1aef249f-0092-4e3f-8cc0-26b3ce099251', '77ce68a8-858d-43c9-bdd0-c0064100916c'),
    ('Черпак', '4810ca93-7bec-47b9-9f0c-35e9c637e764', '77ce68a8-858d-43c9-bdd0-c0064100916c'),
    ('Чернолучинский', '51ef7c58-7536-45fc-8214-23ef733bb886', '77ce68a8-858d-43c9-bdd0-c0064100916c'),
    ('Шербакуль', '9eb85e68-5183-476f-a6a3-07533804389d', '77ce68a8-858d-43c9-bdd0-c0064100916c');

INSERT INTO region (id, "name", country_id)
VALUES ('e48d12c7-8ae7-4af8-9aa3-3cdd8964ab10', 'Оренбургская область', 'e7156acf-b118-4a23-92e4-8b2579ed798a');

INSERT INTO populated_locality ("name", id, region_id)
VALUES ('Абдулино', '3739b243-d4e1-4208-8c3f-4e4b95383da4', 'e48d12c7-8ae7-4af8-9aa3-3cdd8964ab10'),
    ('Бугуруслан', 'a2a746d5-e005-43c2-811a-a4752b2ed2da', 'e48d12c7-8ae7-4af8-9aa3-3cdd8964ab10'),
    ('Бузулук', '06d59502-acd6-455e-a002-f555426e87a5', 'e48d12c7-8ae7-4af8-9aa3-3cdd8964ab10'),
    ('Гай', 'd0644350-0d55-48b5-9532-655e90f6e114', 'e48d12c7-8ae7-4af8-9aa3-3cdd8964ab10'),
    ('Кувандык', 'e2818e35-0615-43c2-9807-0be9efcec620', 'e48d12c7-8ae7-4af8-9aa3-3cdd8964ab10'),
    ('Медногорск', '5ac3e410-c0af-44a1-8133-628b528bed3c', 'e48d12c7-8ae7-4af8-9aa3-3cdd8964ab10'),
    ('Новотроицк', '76709670-e2f0-422d-bb63-4d87c9691ee3', 'e48d12c7-8ae7-4af8-9aa3-3cdd8964ab10'),
    ('Оренбург', '5517ed5f-967c-4a9d-a2f1-507f161df543', 'e48d12c7-8ae7-4af8-9aa3-3cdd8964ab10'),
    ('Орск', '7ad3b837-b2fa-4fc9-a324-9dcc349a69eb', 'e48d12c7-8ae7-4af8-9aa3-3cdd8964ab10'),
    ('Соль-Илецк', '2e4e002e-b144-4e27-b51e-e57c5b1aa3c9', 'e48d12c7-8ae7-4af8-9aa3-3cdd8964ab10'),
    ('Сорочинск', 'ee471d3a-b7c3-4d2f-8c3c-9e5d3508feda', 'e48d12c7-8ae7-4af8-9aa3-3cdd8964ab10'),
    ('Ясный', '9e7d7ded-deb0-441b-ac68-92a373a9e787', 'e48d12c7-8ae7-4af8-9aa3-3cdd8964ab10');

INSERT INTO region (id, "name", country_id)
VALUES ('c7cbc4de-0b7d-45bc-a46a-0df20455896b', 'Орловская область', 'e7156acf-b118-4a23-92e4-8b2579ed798a');

INSERT INTO populated_locality ("name", id, region_id)
VALUES ('Болхов', 'dcc905b9-2e32-49fb-acf9-72c736241575', 'c7cbc4de-0b7d-45bc-a46a-0df20455896b'),
    ('Дмитровск', 'af4e25b6-7436-47bb-92cf-3c77fbc82f10', 'c7cbc4de-0b7d-45bc-a46a-0df20455896b'),
    ('Ливны', '609e40c2-f157-4cef-9e47-578b51aa54a5', 'c7cbc4de-0b7d-45bc-a46a-0df20455896b'),
    ('Малоархангельск', '219753fe-cf41-4914-b7cc-ae07cf89a805', 'c7cbc4de-0b7d-45bc-a46a-0df20455896b'),
    ('Мценск', 'f8a4672d-c9c6-417a-9c03-2f21c41064cb', 'c7cbc4de-0b7d-45bc-a46a-0df20455896b'),
    ('Новосиль', '2d327a57-f263-4e8d-be39-bbd49f731096', 'c7cbc4de-0b7d-45bc-a46a-0df20455896b'),
    ('Орёл', 'ea3ece55-fb1b-44ea-aaec-1e036c25a576', 'c7cbc4de-0b7d-45bc-a46a-0df20455896b');
INSERT INTO populated_locality ("name", id, region_id)
VALUES ('Верховье', '8c71b5db-dbd9-4d3e-9122-e577a9975560', 'c7cbc4de-0b7d-45bc-a46a-0df20455896b'),
    ('Глазуновка', '47b059f4-6420-470c-bb8d-324ee092d5a5', 'c7cbc4de-0b7d-45bc-a46a-0df20455896b'),
    ('Долгое', '09bf8f97-54a3-4a34-b502-d64ac289e423', 'c7cbc4de-0b7d-45bc-a46a-0df20455896b'),
    ('Залегощь', 'c8ad2f4a-3304-4dd6-b30b-901542923991', 'c7cbc4de-0b7d-45bc-a46a-0df20455896b'),
    ('Змиёвка', '4d8a16ff-e30d-4103-9a2b-d723cb414214', 'c7cbc4de-0b7d-45bc-a46a-0df20455896b'),
    ('Знаменка', '1e7f91e9-eded-4401-88e5-22571f55835f', 'c7cbc4de-0b7d-45bc-a46a-0df20455896b'),
    ('Колпна', 'b3000cfa-0358-40c2-98b7-d899fc675e93', 'c7cbc4de-0b7d-45bc-a46a-0df20455896b'),
    ('Кромы', 'a319f038-0cb5-4d13-a054-f463594c2934', 'c7cbc4de-0b7d-45bc-a46a-0df20455896b'),
    ('Нарышкино', '5627a166-3d74-4e8f-8037-b7c615cc562c', 'c7cbc4de-0b7d-45bc-a46a-0df20455896b'),
    ('Покровское', 'c12f2959-1852-43e8-b383-2ee74b78441a', 'c7cbc4de-0b7d-45bc-a46a-0df20455896b'),
    ('Хомутово', 'ea7b4d0a-4ce2-4555-9fea-5d1fc72f3f3c', 'c7cbc4de-0b7d-45bc-a46a-0df20455896b'),
    ('Хотынец', 'e96bf7b1-f0e0-41c2-bee5-7cb5beda5583', 'c7cbc4de-0b7d-45bc-a46a-0df20455896b'),
    ('Шаблыкино', 'a3e59467-0ff1-4c08-9972-2cdf3eae722e', 'c7cbc4de-0b7d-45bc-a46a-0df20455896b');

INSERT INTO region (id, "name", country_id)
VALUES ('b29f9db2-47d4-4191-b6fa-94a45a3ff0d0', 'Пензенская область', 'e7156acf-b118-4a23-92e4-8b2579ed798a');

INSERT INTO populated_locality ("name", id, region_id)
VALUES ('Белинский', '7283e19c-f9ed-489d-bfb8-9b429c379a7c', 'b29f9db2-47d4-4191-b6fa-94a45a3ff0d0'),
    ('Городище', 'f77dbd25-c2d3-4aa9-808d-8f0d8b2b5930', 'b29f9db2-47d4-4191-b6fa-94a45a3ff0d0'),
    ('Заречный', 'e8fb8302-cdaa-41b2-8e5d-5a1e3a2caf51', 'b29f9db2-47d4-4191-b6fa-94a45a3ff0d0'),
    ('Каменка', '73773d2b-6aa8-4d07-aebe-d6ad06792dfa', 'b29f9db2-47d4-4191-b6fa-94a45a3ff0d0'),
    ('Кузнецк', '4efa9da5-1d7c-42a2-a13d-32d41d06745a', 'b29f9db2-47d4-4191-b6fa-94a45a3ff0d0'),
    ('Нижний Ломов', '14696c00-dd57-459e-8f9c-3a93958b2893', 'b29f9db2-47d4-4191-b6fa-94a45a3ff0d0'),
    ('Никольск', '74383a93-46e6-4c0e-a486-f921ab2d3f80', 'b29f9db2-47d4-4191-b6fa-94a45a3ff0d0'),
    ('Пенза', '0a44a476-8cfe-4541-be78-d9c2637577a7', 'b29f9db2-47d4-4191-b6fa-94a45a3ff0d0'),
    ('Сердобск', '2980dbbc-cbab-47ae-8a92-3a6ff2223e3d', 'b29f9db2-47d4-4191-b6fa-94a45a3ff0d0'),
    ('Спасск', '543b7e81-d19c-49f4-b3ed-3dd5e0304b3c', 'b29f9db2-47d4-4191-b6fa-94a45a3ff0d0'),
    ('Сурск', '1817c8de-8d82-4b4a-9cb1-399452a9c79a', 'b29f9db2-47d4-4191-b6fa-94a45a3ff0d0');
INSERT INTO populated_locality ("name", id, region_id)
VALUES ('Башмаково', '33b51a10-0e12-4c7d-b987-7a76fb9f6cd7', 'b29f9db2-47d4-4191-b6fa-94a45a3ff0d0'),
    ('Беково', '140a48bb-9c2d-4bb5-8937-1e100d470c36', 'b29f9db2-47d4-4191-b6fa-94a45a3ff0d0'),
    ('Верхозим', '156034a6-598c-4d07-b197-7d2705dd6519', 'b29f9db2-47d4-4191-b6fa-94a45a3ff0d0'),
    ('Евлашево', '035ea962-12e3-4e02-9b1a-b5fa81ebb631', 'b29f9db2-47d4-4191-b6fa-94a45a3ff0d0'),
    ('Земетчино', '658588f5-32b7-46a8-ac28-fb19201fd982', 'b29f9db2-47d4-4191-b6fa-94a45a3ff0d0'),
    ('Золотарёвка', '99289367-6dd5-4127-a4db-0acf2b5353ac', 'b29f9db2-47d4-4191-b6fa-94a45a3ff0d0'),
    ('Исса', 'a877d4b3-9697-4a9b-a9ca-8ce7dc40f2ee', 'b29f9db2-47d4-4191-b6fa-94a45a3ff0d0'),
    ('Колышлей', '9f53190c-8ff4-429b-9b44-391b36add28b', 'b29f9db2-47d4-4191-b6fa-94a45a3ff0d0'),
    ('Лунино', 'f7d88dc7-4c73-49ab-af14-140cbf6c7a0e', 'b29f9db2-47d4-4191-b6fa-94a45a3ff0d0'),
    ('Мокшан', '326d43b3-0524-4fa7-a55c-da4640c48d58', 'b29f9db2-47d4-4191-b6fa-94a45a3ff0d0'),
    ('Пачелма', '1e0ffba8-0472-435a-a830-f23f7feac4fd', 'b29f9db2-47d4-4191-b6fa-94a45a3ff0d0'),
    ('Сосновоборск', 'd5bc481b-0209-4c65-b391-97faad08bacb', 'b29f9db2-47d4-4191-b6fa-94a45a3ff0d0'),
    ('Сура', 'b9b03264-7340-44a1-bfe6-315608bae49a', 'b29f9db2-47d4-4191-b6fa-94a45a3ff0d0'),
    ('Тамала', '26b3d65a-30a0-4b87-ab3f-887f20257beb', 'b29f9db2-47d4-4191-b6fa-94a45a3ff0d0'),
    ('Чаадаевка', '2df2d68f-efac-4b6f-aa7e-df8385931bb0', 'b29f9db2-47d4-4191-b6fa-94a45a3ff0d0'),
    ('Шемышейка', '603d417d-375f-4223-8d01-e4a0b363c203', 'b29f9db2-47d4-4191-b6fa-94a45a3ff0d0');

INSERT INTO region (id, "name", country_id)
VALUES ('c8279eb8-b318-4679-9226-3001d67ba83d', 'Псковская область', 'e7156acf-b118-4a23-92e4-8b2579ed798a');

INSERT INTO populated_locality ("name", id, region_id)
VALUES ('Великие Луки', '1d8b1374-5463-4ad1-bc89-f296eaab41fe', 'c8279eb8-b318-4679-9226-3001d67ba83d'),
    ('Гдов', '9519700e-f145-4429-8dc3-77edb55ce666', 'c8279eb8-b318-4679-9226-3001d67ba83d'),
    ('Дно', '93add486-0205-4fc6-84c7-ef144b8e7f80', 'c8279eb8-b318-4679-9226-3001d67ba83d'),
    ('Невель', '4ea1c48c-28ba-4b94-ba0d-955adfc79eb5', 'c8279eb8-b318-4679-9226-3001d67ba83d'),
    ('Новоржев', '61556e1f-2f4a-431c-b5de-86cfc56b7ddd', 'c8279eb8-b318-4679-9226-3001d67ba83d'),
    ('Новосокольники', 'eeee1b2c-9481-4fbc-aadd-358a6be939e7', 'c8279eb8-b318-4679-9226-3001d67ba83d'),
    ('Опочка', 'ea0fc515-90fd-401d-892b-5441ec77e0f5', 'c8279eb8-b318-4679-9226-3001d67ba83d'),
    ('Остров', '2893e84f-8965-4da5-9e42-d693e74ca7f4', 'c8279eb8-b318-4679-9226-3001d67ba83d'),
    ('Печоры', 'd15dbf1b-9544-430b-afa5-a52d80677b8c', 'c8279eb8-b318-4679-9226-3001d67ba83d'),
    ('Порхов', 'eea816bc-ad56-4855-b0f1-a36304bda130', 'c8279eb8-b318-4679-9226-3001d67ba83d'),
    ('Псков', '951cee04-f6fc-4312-b5f0-65c298ed7827', 'c8279eb8-b318-4679-9226-3001d67ba83d'),
    ('Пустошка', 'fe32c4b9-8b14-4551-a428-86c70baf98cc', 'c8279eb8-b318-4679-9226-3001d67ba83d'),
    ('Пыталово', '15830e75-07d3-4762-a722-ff1615baabec', 'c8279eb8-b318-4679-9226-3001d67ba83d'),
    ('Себеж', '5568c1a4-059d-4855-a6dd-c30ee692118c', 'c8279eb8-b318-4679-9226-3001d67ba83d');
INSERT INTO populated_locality ("name", id, region_id)
VALUES ('Бежаницы', '69b8ddb0-4f0d-4d96-b095-8f7e243c27a6', 'c8279eb8-b318-4679-9226-3001d67ba83d'),
    ('Дедовичи', 'f8c90bc6-7f59-4d2f-a894-90c277ae4beb', 'c8279eb8-b318-4679-9226-3001d67ba83d'),
    ('Заплюсье', 'ebf1cc2f-c9b2-4d01-9e90-4cc11109e7f8', 'c8279eb8-b318-4679-9226-3001d67ba83d'),
    ('Идрица', 'cd1b4a44-09fa-4c82-8570-0dffdf0e711b', 'c8279eb8-b318-4679-9226-3001d67ba83d'),
    ('Красногородск', '91e93228-5dd1-4fd2-9f3f-970af1a74f3e', 'c8279eb8-b318-4679-9226-3001d67ba83d'),
    ('Красный Луч', 'e7412086-6cd2-4741-b1fa-59f78fc93e3c', 'c8279eb8-b318-4679-9226-3001d67ba83d'),
    ('Кунья', 'ae08a918-7c2c-43ef-8d89-304f48eb0bfd', 'c8279eb8-b318-4679-9226-3001d67ba83d'),
    ('Локня', '4b1b015d-14c7-423f-af18-d3c02381af9c', 'c8279eb8-b318-4679-9226-3001d67ba83d'),
    ('Палкино', '0a2c0eb8-b5e8-4083-9d5f-746c73b4afe9', 'c8279eb8-b318-4679-9226-3001d67ba83d'),
    ('Плюсса', '6c077e28-958a-4d15-bf51-6498ac400c3a', 'c8279eb8-b318-4679-9226-3001d67ba83d'),
    ('Пушкинские Горы', '6428f950-9d55-4d66-b1bf-8e9ff3624239', 'c8279eb8-b318-4679-9226-3001d67ba83d'),
    ('Сосновый Бор', '463d3323-4911-40df-a9c4-313024ccf5eb', 'c8279eb8-b318-4679-9226-3001d67ba83d'),
    ('Струги Красные', '64433b19-9d95-428e-8ec2-d0536f7e457b', 'c8279eb8-b318-4679-9226-3001d67ba83d'),
    ('Усвяты', '947aa9c6-fc25-4e65-9873-bf428922e3d5', 'c8279eb8-b318-4679-9226-3001d67ba83d');

INSERT INTO region (id, "name", country_id)
VALUES ('7dc11787-6644-4002-965a-9e296b3e6593', 'Ростовская область', 'e7156acf-b118-4a23-92e4-8b2579ed798a');

INSERT INTO populated_locality ("name", id, region_id)
VALUES ('Азов', '21839917-f97a-448a-a946-04939f8e9626', '7dc11787-6644-4002-965a-9e296b3e6593'),
    ('Аксай', '967e4706-042c-4eb2-912d-3f071baa5df2', '7dc11787-6644-4002-965a-9e296b3e6593'),
    ('Батайск', '217d897e-b12e-4f8e-8912-8e3e41052cde', '7dc11787-6644-4002-965a-9e296b3e6593'),
    ('Белая Калитва', '0278b85f-54ef-4972-bba2-17b6a74cca4f', '7dc11787-6644-4002-965a-9e296b3e6593'),
    ('Волгодонск', '877426a7-4052-4121-b7ad-3d7719657789', '7dc11787-6644-4002-965a-9e296b3e6593'),
    ('Гуково', '611ac46f-236c-471d-941f-1c46d65975c1', '7dc11787-6644-4002-965a-9e296b3e6593'),
    ('Зерноград', '47fc0c11-6c11-4df9-824a-ac0af95ebc4f', '7dc11787-6644-4002-965a-9e296b3e6593'),
    ('Донецк', '3aca272a-6f00-4b1d-a5e6-5c1e171d4004', '7dc11787-6644-4002-965a-9e296b3e6593'),
    ('Зверево', 'efdbadde-ae93-41e5-9f65-db2a7f0af088', '7dc11787-6644-4002-965a-9e296b3e6593'),
    ('Каменск-Шахтинский', '6788a3ca-efad-4c30-9f12-3135d58ed6df', '7dc11787-6644-4002-965a-9e296b3e6593'),
    ('Константиновск', '417928cd-ef1e-4588-a3a9-546aa90f3327', '7dc11787-6644-4002-965a-9e296b3e6593'),
    ('Красный Сулин', '1c7caa26-b37c-432b-b1f0-c747f6c7b319', '7dc11787-6644-4002-965a-9e296b3e6593'),
    ('Миллерово', 'e96d8cf7-9cef-4878-8ccd-7dbc92f132a9', '7dc11787-6644-4002-965a-9e296b3e6593'),
    ('Морозовск', '1ecb274c-0b64-4bcc-94ac-761537d88d57', '7dc11787-6644-4002-965a-9e296b3e6593'),
    ('Новочеркасск', '8cff4880-4043-424c-aff1-0d1bfd728537', '7dc11787-6644-4002-965a-9e296b3e6593'),
    ('Новошахтинск', '411674ed-5737-4184-b758-0df71a81012a', '7dc11787-6644-4002-965a-9e296b3e6593'),
    ('Пролетарск', '162cd4bc-89b7-4a20-9687-e96622c1ffa9', '7dc11787-6644-4002-965a-9e296b3e6593'),
    ('Ростов-на-Дону', 'e51383c3-ce02-4242-a5df-0a7588ee753e', '7dc11787-6644-4002-965a-9e296b3e6593'),
    ('Сальск', '906e4f92-83bb-4ac2-8768-3abf2e4dfeb6', '7dc11787-6644-4002-965a-9e296b3e6593'),
    ('Семикаракорск', 'eb8205d5-601d-43e0-9683-4dc75a2ca3ce', '7dc11787-6644-4002-965a-9e296b3e6593'),
    ('Таганрог', '04a04767-05ed-43e7-8ce2-8077c09164b5', '7dc11787-6644-4002-965a-9e296b3e6593'),
    ('Цимлянск', 'f80784a9-ad41-401d-a67e-7ad14371b0fe', '7dc11787-6644-4002-965a-9e296b3e6593'),
    ('Шахты', '14ee918e-1d2f-4aff-ad21-1699c8e05e64', '7dc11787-6644-4002-965a-9e296b3e6593');
INSERT INTO populated_locality ("name", id, region_id)
VALUES ('Глубокий', 'cb129140-2043-4372-b867-196f8ee108ef', '7dc11787-6644-4002-965a-9e296b3e6593'),
    ('Горный', 'a4de1c06-2219-4ee9-8e40-6de660285153', '7dc11787-6644-4002-965a-9e296b3e6593'),
    ('Каменоломни', '2b82d675-a28f-469d-963d-15c46441df82', '7dc11787-6644-4002-965a-9e296b3e6593'),
    ('Углеродовский', 'f04d2c01-ed1a-4fea-916a-eaac198ff858', '7dc11787-6644-4002-965a-9e296b3e6593'),
    ('Усть-Донецкий', '56fb32c4-eee8-461c-971c-68b3549ac25f', '7dc11787-6644-4002-965a-9e296b3e6593'),
    ('Шолоховский', '03fa12c1-de48-439f-ba78-e8d5569585d6', '7dc11787-6644-4002-965a-9e296b3e6593');

INSERT INTO region (id, "name", country_id)
VALUES ('6a3f7122-5c77-41a0-b2e8-d9cef5bb8609', 'Рязанская область', 'e7156acf-b118-4a23-92e4-8b2579ed798a');

INSERT INTO populated_locality ("name", id, region_id)
VALUES ('Касимов', '9982f70f-1355-4d54-bc43-94273b38e236', '6a3f7122-5c77-41a0-b2e8-d9cef5bb8609'),
    ('Кораблино', '6ef6c704-8167-4f86-a6a5-551aacd0d67f', '6a3f7122-5c77-41a0-b2e8-d9cef5bb8609'),
    ('Михайлов', '3009c23e-063d-444a-91f1-ebf8e52ba4f1', '6a3f7122-5c77-41a0-b2e8-d9cef5bb8609'),
    ('Новомичуринск', '74819218-e29d-4009-b093-695d65a46a97', '6a3f7122-5c77-41a0-b2e8-d9cef5bb8609'),
    ('Рыбное', '816972a4-8c78-4446-a5df-cdbf8a7e774c', '6a3f7122-5c77-41a0-b2e8-d9cef5bb8609'),
    ('Ряжск', 'cb0552a0-048d-4e85-bbb0-d6778247fd8a', '6a3f7122-5c77-41a0-b2e8-d9cef5bb8609'),
    ('Рязань', 'f0a0bce6-fd02-4d05-a243-5c340f393952', '6a3f7122-5c77-41a0-b2e8-d9cef5bb8609'),
    ('Сасово', '088225fb-2cf9-466d-ac24-c90dbfc7dc9b', '6a3f7122-5c77-41a0-b2e8-d9cef5bb8609'),
    ('Скопин', '1604eb68-3e60-45c3-b3f5-7fc80946c043', '6a3f7122-5c77-41a0-b2e8-d9cef5bb8609'),
    ('Спас-Клепики', 'ce40117c-402a-4a53-a664-32140418b683', '6a3f7122-5c77-41a0-b2e8-d9cef5bb8609'),
    ('Спасск-Рязанский', 'a0770268-9454-4dcb-b237-af0e9607bc4c', '6a3f7122-5c77-41a0-b2e8-d9cef5bb8609'),
    ('Шацк', '71d99984-2367-47ff-8751-c1ab91ffdbd2', '6a3f7122-5c77-41a0-b2e8-d9cef5bb8609');
INSERT INTO populated_locality ("name", id, region_id)
VALUES ('Александро-Невский', '007b36e2-2ebc-4c22-8408-fb791cf9de77', '6a3f7122-5c77-41a0-b2e8-d9cef5bb8609'),
    ('Гусь-Железный', '87736df3-e234-4b99-8e8f-74c926dd1ae9', '6a3f7122-5c77-41a0-b2e8-d9cef5bb8609'),
    ('Елатьма', 'c7711760-ade5-4195-99f4-40e8c60670d0', '6a3f7122-5c77-41a0-b2e8-d9cef5bb8609'),
    ('Ермишь', 'e99a7c01-378a-4084-a611-92c0c3b730dd', '6a3f7122-5c77-41a0-b2e8-d9cef5bb8609'),
    ('Кадом', '7e8685cd-305e-4fd7-b74b-dbb3546da871', '6a3f7122-5c77-41a0-b2e8-d9cef5bb8609'),
    ('Лесной', '6edd7f30-fc8d-40a4-ba2e-48d8172caf7c', '6a3f7122-5c77-41a0-b2e8-d9cef5bb8609'),
    ('Милославское', 'b8c59e7c-aed5-47ee-831d-1beafc5bbfef', '6a3f7122-5c77-41a0-b2e8-d9cef5bb8609'),
    ('Октябрьский', 'af7857b5-df7c-464e-b187-36789aded573', '6a3f7122-5c77-41a0-b2e8-d9cef5bb8609'),
    ('Павелец', '27ba0cee-6072-4a02-8c61-8f355ae0d003', '6a3f7122-5c77-41a0-b2e8-d9cef5bb8609'),
    ('Пителино', 'a578a593-912b-43ae-8b7f-ec5e222e8ab5', '6a3f7122-5c77-41a0-b2e8-d9cef5bb8609'),
    ('Побединка', '82426f46-b0a8-4de8-b391-15e852a44f63', '6a3f7122-5c77-41a0-b2e8-d9cef5bb8609'),
    ('Пронск', 'd40b85bd-a119-46bb-9289-d443c5068289', '6a3f7122-5c77-41a0-b2e8-d9cef5bb8609'),
    ('Сапожок', '89269140-95f5-4c4c-96f1-23cde473ea62', '6a3f7122-5c77-41a0-b2e8-d9cef5bb8609'),
    ('Сараи', '26d1cbac-de3e-4f94-a553-4a41b5647a13', '6a3f7122-5c77-41a0-b2e8-d9cef5bb8609'),
    ('Старожилово', '47be2b00-674b-4ca5-a250-d5d27b33e0c0', '6a3f7122-5c77-41a0-b2e8-d9cef5bb8609'),
    ('Сынтул', '520c9f81-9eac-4663-b572-b486ab674c05', '6a3f7122-5c77-41a0-b2e8-d9cef5bb8609'),
    ('Тума', '7c9dc32a-071e-4cd0-92d1-9332b00806a7', '6a3f7122-5c77-41a0-b2e8-d9cef5bb8609'),
    ('Ухолово', 'ce032a26-1d2f-4006-8da5-096ea5d8e446', '6a3f7122-5c77-41a0-b2e8-d9cef5bb8609'),
    ('Центральный', 'e7ff64cb-cfb0-48eb-9754-e2d879a47a34', '6a3f7122-5c77-41a0-b2e8-d9cef5bb8609'),
    ('Чучково', '334c8cec-4387-49c1-8372-7bf3033df391', '6a3f7122-5c77-41a0-b2e8-d9cef5bb8609'),
    ('Шилово', '15196764-a509-4116-b4c7-361b828c9f34', '6a3f7122-5c77-41a0-b2e8-d9cef5bb8609');

INSERT INTO region (id, "name", country_id)
VALUES ('52909910-a521-4a85-8eb9-068bd17b8768', 'Самарская область', 'e7156acf-b118-4a23-92e4-8b2579ed798a');

INSERT INTO populated_locality ("name", id, region_id)
VALUES ('Жигулёвск', '2b2603b3-1b8e-41f5-8a11-d0622083c9dd', '52909910-a521-4a85-8eb9-068bd17b8768'),
    ('Кинель', 'dd8990f4-d958-441f-a503-7c3064782b5e', '52909910-a521-4a85-8eb9-068bd17b8768'),
    ('Нефтегорск', 'ecc281d6-6c90-4f19-8c3b-02a2b7eef6e1', '52909910-a521-4a85-8eb9-068bd17b8768'),
    ('Новокуйбышевск', '14fb1096-7d56-4ae8-806e-904a63e52d47', '52909910-a521-4a85-8eb9-068bd17b8768'),
    ('Октябрьск', 'e8235491-8abd-4615-8d74-8dec7278ba97', '52909910-a521-4a85-8eb9-068bd17b8768'),
    ('Отрадный', 'b70e6282-8ef9-4487-b6e1-e0a788d4f7c3', '52909910-a521-4a85-8eb9-068bd17b8768'),
    ('Похвистнево', '6f95e753-f99b-4cfc-b5c8-d6938c644a31', '52909910-a521-4a85-8eb9-068bd17b8768'),
    ('Самара', '4562cfef-36f8-49e3-80bc-7ce7887a3c75', '52909910-a521-4a85-8eb9-068bd17b8768'),
    ('Сызрань', '6189b00a-fbd3-4358-a5b4-7b9394d115fc', '52909910-a521-4a85-8eb9-068bd17b8768'),
    ('Тольятти', '0fa72bce-b841-4971-b363-eff5159aa411', '52909910-a521-4a85-8eb9-068bd17b8768'),
    ('Чапаевск', '363c091e-1d7f-485b-b5ff-78e2626dea17', '52909910-a521-4a85-8eb9-068bd17b8768');
INSERT INTO populated_locality ("name", id, region_id)
VALUES ('Алексеевка', 'dbeeb59e-71a9-4482-9cda-a5df92ca313d', '52909910-a521-4a85-8eb9-068bd17b8768'),
    ('Балашейка', '63d83461-6b21-4b70-bf63-1874d8bf54c6', '52909910-a521-4a85-8eb9-068bd17b8768'),
    ('Безенчук', 'd52b9f14-50f9-4dca-8099-a1011d8f51b2', '52909910-a521-4a85-8eb9-068bd17b8768'),
    ('Волжский', 'd8f464c0-3256-4070-9e45-ca02fb6b4389', '52909910-a521-4a85-8eb9-068bd17b8768'),
    ('Междуреченск', '18973de9-482d-40c6-bbf0-f247b56eed17', '52909910-a521-4a85-8eb9-068bd17b8768'),
    ('Мирный', '9427d4d4-713c-4a6f-a239-c2443799d053', '52909910-a521-4a85-8eb9-068bd17b8768'),
    ('Новосемейкино', 'dca9e26d-11f2-43bc-9dc3-96e62be8e01b', '52909910-a521-4a85-8eb9-068bd17b8768'),
    ('Осинки', '90d7aed8-c0f6-4e58-a630-c166b82c32b0', '52909910-a521-4a85-8eb9-068bd17b8768'),
    ('Петра Дубрава', '5fac254a-e02e-4f18-8850-ef0cc9cbae8a', '52909910-a521-4a85-8eb9-068bd17b8768'),
    ('Рощинский', 'c7024d52-0b80-45de-ba88-43a25fb9268a', '52909910-a521-4a85-8eb9-068bd17b8768'),
    ('Смышляевка', 'fea8747f-dd7c-4d03-88da-37118912acf0', '52909910-a521-4a85-8eb9-068bd17b8768'),
    ('Стройкерамика', '6e777f11-87ed-4026-b927-70821aa4b1cb', '52909910-a521-4a85-8eb9-068bd17b8768'),
    ('Суходол', '9661929e-dd33-4061-bf29-1aade3a61d43', '52909910-a521-4a85-8eb9-068bd17b8768'),
    ('Усть-Кинельский', '81348397-1c46-47f3-87d1-85bcb0a8fc33', '52909910-a521-4a85-8eb9-068bd17b8768');

INSERT INTO region (id, "name", country_id)
VALUES ('0c82c913-639d-40de-8f6a-3d1d8e288b43', 'Саратовская область', 'e7156acf-b118-4a23-92e4-8b2579ed798a');

INSERT INTO populated_locality ("name", id, region_id)
VALUES ('Аркадак', 'ef0c4b6d-4419-4b9b-8d72-1b74586148f4', '0c82c913-639d-40de-8f6a-3d1d8e288b43'),
    ('Аткарск', '3fb7eb8a-b5be-4904-b8b2-57aaab569187', '0c82c913-639d-40de-8f6a-3d1d8e288b43'),
    ('Балаково', '313a2f07-6a01-4093-9ef9-bd0a23a6a0a6', '0c82c913-639d-40de-8f6a-3d1d8e288b43'),
    ('Балашов', '698aa4a8-d04e-4701-bfbb-61304b3a2a52', '0c82c913-639d-40de-8f6a-3d1d8e288b43'),
    ('Вольск', '699413dd-21a8-4f55-a9f3-96d8c3a3697f', '0c82c913-639d-40de-8f6a-3d1d8e288b43'),
    ('Ершов', 'a9891b0e-3c5d-4dbb-872c-5328d34be8dc', '0c82c913-639d-40de-8f6a-3d1d8e288b43'),
    ('Калининск', 'e10a0447-c92d-4123-8b77-0c8124224094', '0c82c913-639d-40de-8f6a-3d1d8e288b43'),
    ('Красноармейск', 'd874da3c-d355-44ce-993f-dc64ba3f6f5f', '0c82c913-639d-40de-8f6a-3d1d8e288b43'),
    ('Красный Кут', 'e41b246d-250e-4fb5-a982-b186882f85cb', '0c82c913-639d-40de-8f6a-3d1d8e288b43'),
    ('Маркс', '73489f23-9f30-48b7-bbfb-890c8384dd2b', '0c82c913-639d-40de-8f6a-3d1d8e288b43'),
    ('Новоузенск', '31bdfa40-758b-4438-a4b7-f224ffbb29b0', '0c82c913-639d-40de-8f6a-3d1d8e288b43'),
    ('Петровск', 'dfcff8d6-4ef0-43bb-94a6-4e3f1658d75a', '0c82c913-639d-40de-8f6a-3d1d8e288b43'),
    ('Пугачёв', 'bec46140-490b-4fa4-a0c4-c30b8ac69bfd', '0c82c913-639d-40de-8f6a-3d1d8e288b43'),
    ('Ртищево', '305766c5-1024-4995-9202-6026b92f0cff', '0c82c913-639d-40de-8f6a-3d1d8e288b43'),
    ('Саратов', 'bc03eac8-89ec-42ec-a787-dc93ca498e68', '0c82c913-639d-40de-8f6a-3d1d8e288b43'),
    ('Хвалынск', '16d10630-bcb7-4018-96f8-525c262dde16', '0c82c913-639d-40de-8f6a-3d1d8e288b43'),
    ('Шиханы', '9a635be5-a9bb-4b00-b269-1d9a677b7224', '0c82c913-639d-40de-8f6a-3d1d8e288b43'),
    ('Энгельс', '5867bfc9-eda2-45a0-acb1-375354c26cc9', '0c82c913-639d-40de-8f6a-3d1d8e288b43');
INSERT INTO populated_locality ("name", id, region_id)
VALUES ('Базарный Карабулак', 'bff80d39-f2a6-42bf-a202-c991367de906', '0c82c913-639d-40de-8f6a-3d1d8e288b43'),
    ('Горный', 'd58b061e-6b56-44d8-b38b-9d898bfcb385', '0c82c913-639d-40de-8f6a-3d1d8e288b43'),
    ('Дергачи', 'ae804a17-dba5-4cf7-9b9a-9941f879e873', '0c82c913-639d-40de-8f6a-3d1d8e288b43'),
    ('Духовницкое', '3b2d3aed-690c-4915-a25e-f502249897f0', '0c82c913-639d-40de-8f6a-3d1d8e288b43'),
    ('Екатериновка', '68f65536-69d4-4a59-ae23-ecf9d9cd7526', '0c82c913-639d-40de-8f6a-3d1d8e288b43'),
    ('Каменский', '440800bc-05d7-4794-b3ee-4b5a2bf2b847', '0c82c913-639d-40de-8f6a-3d1d8e288b43'),
    ('Клёны', '44ea4ba2-c0ab-4d9e-8c7e-e198d635c41f', '0c82c913-639d-40de-8f6a-3d1d8e288b43'),
    ('Красный Октябрь', 'a2cdd9c2-f801-49e1-b351-4bdd8688311e', '0c82c913-639d-40de-8f6a-3d1d8e288b43'),
    ('Лысые Горы', '1181a4a3-077f-40b4-869e-f0f1262dd776', '0c82c913-639d-40de-8f6a-3d1d8e288b43'),
    ('Мокроус', 'e2cf9c7b-a245-45ff-9105-8165422ca3c7', '0c82c913-639d-40de-8f6a-3d1d8e288b43'),
    ('Новые Бурасы', '19551fdd-65f9-46d5-9d62-3d1c7cf0519f', '0c82c913-639d-40de-8f6a-3d1d8e288b43'),
    ('Озинки', 'ec2a821f-b4a3-4731-beb0-392a309c67a6', '0c82c913-639d-40de-8f6a-3d1d8e288b43'),
    ('Пинеровка', 'b39085e1-e03a-4881-adda-2a122c7333b9', '0c82c913-639d-40de-8f6a-3d1d8e288b43'),
    ('Приволжский', '3f5a7cdb-e5aa-4d2a-92c0-e11d19aa96d3', '0c82c913-639d-40de-8f6a-3d1d8e288b43'),
    ('Пушкино', 'ec5b768b-a240-459f-a4a2-a90443807185', '0c82c913-639d-40de-8f6a-3d1d8e288b43'),
    ('Ровное', '44e7aee8-217c-4cd4-83f5-cc7928a159ca', '0c82c913-639d-40de-8f6a-3d1d8e288b43'),
    ('Романовка', 'c944c71b-b31a-474f-ac7c-0c910ed8447f', '0c82c913-639d-40de-8f6a-3d1d8e288b43'),
    ('Самойловка', 'dd0e0710-4fd5-4f06-9af4-71941f1fa37e', '0c82c913-639d-40de-8f6a-3d1d8e288b43'),
    ('Свободный', 'b5926037-83e8-499a-ba3c-5086a982f90b', '0c82c913-639d-40de-8f6a-3d1d8e288b43'),
    ('Сенной', '58d79797-1e2b-47f2-b0dd-a69945bf7350', '0c82c913-639d-40de-8f6a-3d1d8e288b43'),
    ('Советское', '4e0465f9-4d9b-4790-8341-614712036b7f', '0c82c913-639d-40de-8f6a-3d1d8e288b43'),
    ('Соколовый', 'e88de8c4-9c01-4261-990e-3407c3e93839', '0c82c913-639d-40de-8f6a-3d1d8e288b43'),
    ('Степное', 'a70bd351-ec70-4c0f-b4c5-84ed0d0765ef', '0c82c913-639d-40de-8f6a-3d1d8e288b43'),
    ('Татищево', '6d363624-4895-4c2d-aef2-6c2d2c1af870', '0c82c913-639d-40de-8f6a-3d1d8e288b43'),
    ('Турки', '766a1983-c522-4414-98b6-57f7b5954919', '0c82c913-639d-40de-8f6a-3d1d8e288b43');

INSERT INTO region (id, "name", country_id)
VALUES ('bf318fab-10ca-4af6-9288-b548de80d8db', 'Сахалинская область', 'e7156acf-b118-4a23-92e4-8b2579ed798a');

INSERT INTO populated_locality ("name", id, region_id)
VALUES ('Александровск-Сахалинский', 'edc61273-1e46-4828-a388-b9001b73686c', 'bf318fab-10ca-4af6-9288-b548de80d8db'),
    ('Анива', '1159afe7-b1a0-49d4-8b54-4afe1eb8c0e6', 'bf318fab-10ca-4af6-9288-b548de80d8db'),
    ('Долинск', '09a7eb98-42ca-4319-9fd1-11f62d35e535', 'bf318fab-10ca-4af6-9288-b548de80d8db'),
    ('Корсаков', 'aecf0bdb-afe7-491f-8ec2-34f3fc2e511f', 'bf318fab-10ca-4af6-9288-b548de80d8db'),
    ('Курильск', 'e6f010fe-4b4f-4601-bf9b-6d82c60d6eb4', 'bf318fab-10ca-4af6-9288-b548de80d8db'),
    ('Макаров', 'd05f10aa-90bb-4231-996f-b8868321c244', 'bf318fab-10ca-4af6-9288-b548de80d8db'),
    ('Невельск', '18475b6e-7068-4bfd-958a-01985db6175d', 'bf318fab-10ca-4af6-9288-b548de80d8db'),
    ('Оха', 'e287a373-e078-4b51-b2a4-4ac0ce010380', 'bf318fab-10ca-4af6-9288-b548de80d8db'),
    ('Поронайск', 'bf359053-08db-4598-bc81-aed5ead1d219', 'bf318fab-10ca-4af6-9288-b548de80d8db'),
    ('Северо-Курильск', 'ea681a49-0854-4e25-adac-c8be7d3d8cc5', 'bf318fab-10ca-4af6-9288-b548de80d8db'),
    ('Томари', '6476f0d5-bb9d-45c0-9636-497669bdb255', 'bf318fab-10ca-4af6-9288-b548de80d8db'),
    ('Углегорск', '785f4c78-daea-4573-88f1-0c6a1fa9a29c', 'bf318fab-10ca-4af6-9288-b548de80d8db'),
    ('Холмск', '9b0e2725-113f-4ef0-956a-ca6026a16fa8', 'bf318fab-10ca-4af6-9288-b548de80d8db'),
    ('Южно-Сахалинск', 'd4f2be88-26e4-46ae-8e06-db7a1ed5d9fd', 'bf318fab-10ca-4af6-9288-b548de80d8db');
INSERT INTO populated_locality ("name", id, region_id)
VALUES ('Вахрушев', 'd85dd3ff-70b2-44e3-8e5f-e9f2cf3755af', 'bf318fab-10ca-4af6-9288-b548de80d8db'),
    ('Ноглики', '262df171-3de1-48a7-8b9a-81670ae43934', 'bf318fab-10ca-4af6-9288-b548de80d8db'),
    ('Смирных', 'ec7051b3-261f-48c5-b360-0a42228982c8', 'bf318fab-10ca-4af6-9288-b548de80d8db'),
    ('Тымовское', 'ce17e9de-5376-437d-bfa0-5803f9d7af96', 'bf318fab-10ca-4af6-9288-b548de80d8db'),
    ('Шахтёрск', '2fd635e0-7f0e-48de-bd79-4610df86e49f', 'bf318fab-10ca-4af6-9288-b548de80d8db'),
    ('Южно-Курильск', 'bde1a74c-b906-469c-8d7c-0b2d45b37817', 'bf318fab-10ca-4af6-9288-b548de80d8db');

INSERT INTO region (id, "name", country_id)
VALUES ('9c76dddd-d928-4d92-bc9b-6c9957d2b6df', 'Свердловская область', 'e7156acf-b118-4a23-92e4-8b2579ed798a');

INSERT INTO populated_locality ("name", id, region_id)
VALUES ('Екатеринбург', '86c95d81-c5ff-4c63-9707-283a9a0d0dde', '9c76dddd-d928-4d92-bc9b-6c9957d2b6df'),
    ('Алапаевск', 'cd55a96b-e1b9-4efa-b48f-783924666ebb', '9c76dddd-d928-4d92-bc9b-6c9957d2b6df'),
    ('Арамиль', '35b9b246-5fd3-4ebd-8433-db4a60205044', '9c76dddd-d928-4d92-bc9b-6c9957d2b6df'),
    ('Артёмовский', '06c20302-aee5-4fae-8fb1-528521ce6dd6', '9c76dddd-d928-4d92-bc9b-6c9957d2b6df'),
    ('Асбест', '8f1bc4a9-d46d-4a18-af7c-4f048d4e6706', '9c76dddd-d928-4d92-bc9b-6c9957d2b6df'),
    ('Берёзовский', '7f725cf5-b30e-4a3b-bd40-b95b019105d9', '9c76dddd-d928-4d92-bc9b-6c9957d2b6df'),
    ('Богданович', '0ee98b3f-3953-4870-80bf-6d90eb431339', '9c76dddd-d928-4d92-bc9b-6c9957d2b6df'),
    ('Верхний Тагил', 'c6ff84a6-26cf-481e-ae09-39219629bee7', '9c76dddd-d928-4d92-bc9b-6c9957d2b6df'),
    ('Верхняя Пышма', '243dbe0c-5c75-4d1e-9e42-1d589801c788', '9c76dddd-d928-4d92-bc9b-6c9957d2b6df'),
    ('Верхняя Салда', '7e49c045-6c70-49ab-8bc2-9345f4ec8f0b', '9c76dddd-d928-4d92-bc9b-6c9957d2b6df'),
    ('Верхняя Тура', 'ea16ce28-9169-4a01-b4c5-18313aecd57b', '9c76dddd-d928-4d92-bc9b-6c9957d2b6df'),
    ('Верхотурье', '0234ef33-2a6f-4bd0-ba45-d10377a3f1f7', '9c76dddd-d928-4d92-bc9b-6c9957d2b6df'),
    ('Волчанск', '5401fbae-45fc-4eac-8e3d-472bcc9f2988', '9c76dddd-d928-4d92-bc9b-6c9957d2b6df'),
    ('Дегтярск', '393640cb-2edd-4e1c-ade9-a15c33aa79a5', '9c76dddd-d928-4d92-bc9b-6c9957d2b6df'),
    ('Заречный', 'e220e98a-4755-4a89-90b2-bebd8a236de0', '9c76dddd-d928-4d92-bc9b-6c9957d2b6df'),
    ('Ивдель', '5105e5c2-bb6a-4304-bb41-351022c0afd0', '9c76dddd-d928-4d92-bc9b-6c9957d2b6df'),
    ('Ирбит', 'f6f46e93-9e3b-4b1d-9dd9-f1961b7adac2', '9c76dddd-d928-4d92-bc9b-6c9957d2b6df'),
    ('Каменск-Уральский', 'aca952cd-9a3a-4810-8e26-664234c9ddf4', '9c76dddd-d928-4d92-bc9b-6c9957d2b6df'),
    ('Камышлов', 'b9f67860-c26f-407a-9dbf-787ea30aae56', '9c76dddd-d928-4d92-bc9b-6c9957d2b6df'),
    ('Карпинск', '0cee0eb4-fe97-4e0b-bd54-9819fd044b25', '9c76dddd-d928-4d92-bc9b-6c9957d2b6df'),
    ('Качканар', '8f51b7fb-4cc1-4d5e-b75c-99f4b12fe159', '9c76dddd-d928-4d92-bc9b-6c9957d2b6df'),
    ('Кировград', '8b21bce4-9071-4f9a-a70e-1115b049be54', '9c76dddd-d928-4d92-bc9b-6c9957d2b6df'),
    ('Краснотурьинск', '2b2ebd5a-6ca7-404c-8b06-c5c878568414', '9c76dddd-d928-4d92-bc9b-6c9957d2b6df'),
    ('Красноуральск', 'a6307832-2181-48b7-9335-d61769b1c6d5', '9c76dddd-d928-4d92-bc9b-6c9957d2b6df'),
    ('Красноуфимск', 'b7cc5938-490c-4fe1-8adf-76a01b135bb6', '9c76dddd-d928-4d92-bc9b-6c9957d2b6df'),
    ('Кушва', '19b914bd-1189-45b5-97a6-99063cf974f3', '9c76dddd-d928-4d92-bc9b-6c9957d2b6df'),
    ('Лесной', 'b50e7587-08b6-4a48-8933-bf1431d81e0c', '9c76dddd-d928-4d92-bc9b-6c9957d2b6df'),
    ('Михайловск', 'b1b289e1-4af0-4631-9814-bdb5b50c389b', '9c76dddd-d928-4d92-bc9b-6c9957d2b6df'),
    ('Невьянск', '3ddcb607-6ff2-468f-866b-da322ea86d41', '9c76dddd-d928-4d92-bc9b-6c9957d2b6df'),
    ('Нижние Серги', '268a137c-0977-4d0c-b8a1-717cbec249c0', '9c76dddd-d928-4d92-bc9b-6c9957d2b6df'),
    ('Нижний Тагил', 'd38847ef-0712-4da6-97c4-6cdd8ff7a9dd', '9c76dddd-d928-4d92-bc9b-6c9957d2b6df'),
    ('Нижняя Салда', 'd3d244f1-e62c-49c1-8a1b-041bcb8b5d62', '9c76dddd-d928-4d92-bc9b-6c9957d2b6df'),
    ('Нижняя Тура', '871c4ed7-f4b8-407f-8971-2a08effb518d', '9c76dddd-d928-4d92-bc9b-6c9957d2b6df'),
    ('Новая Ляля', '14b244c9-c3ae-4fca-b435-f0526bc46223', '9c76dddd-d928-4d92-bc9b-6c9957d2b6df'),
    ('Новоуральск', 'b99bac76-7533-4f38-9e23-8ce988733ce9', '9c76dddd-d928-4d92-bc9b-6c9957d2b6df'),
    ('Первоуральск', '6f4e620d-8247-491e-91bf-77fa2bd3c124', '9c76dddd-d928-4d92-bc9b-6c9957d2b6df'),
    ('Полевской', '91b6ccd9-b3a5-4d29-ada5-abb91e479575', '9c76dddd-d928-4d92-bc9b-6c9957d2b6df'),
    ('Ревда', '29825468-7a7d-45f6-9ce1-51f75f78076b', '9c76dddd-d928-4d92-bc9b-6c9957d2b6df'),
    ('Реж', '13513cdf-3b07-4df6-a6d1-b086e674b07f', '9c76dddd-d928-4d92-bc9b-6c9957d2b6df'),
    ('Североуральск', '97840ceb-fff3-4fc3-9ba1-5d67760a2d24', '9c76dddd-d928-4d92-bc9b-6c9957d2b6df'),
    ('Серов', '94c4d902-4674-4fe9-9969-492cc409a3ec', '9c76dddd-d928-4d92-bc9b-6c9957d2b6df'),
    ('Среднеуральск', 'e48143eb-6548-4900-a2db-af29c92edbcf', '9c76dddd-d928-4d92-bc9b-6c9957d2b6df'),
    ('Сухой Лог', 'd6537ebf-375e-4390-b368-3fb839d14f4d', '9c76dddd-d928-4d92-bc9b-6c9957d2b6df'),
    ('Сысерть', '7388579e-a93b-4c23-8225-f3ce4a51df71', '9c76dddd-d928-4d92-bc9b-6c9957d2b6df'),
    ('Тавда', '71b7c890-7025-4c35-9e16-64fecef40dc9', '9c76dddd-d928-4d92-bc9b-6c9957d2b6df'),
    ('Талица', '7c0595a5-9fbb-4e54-bc74-ebc04ccda1af', '9c76dddd-d928-4d92-bc9b-6c9957d2b6df'),
    ('Туринск', 'b97f7961-dd37-4049-a6c9-c3022968ba37', '9c76dddd-d928-4d92-bc9b-6c9957d2b6df');
INSERT INTO populated_locality ("name", id, region_id)
VALUES ('Арти', '2c7aa21f-68c7-4c8b-a714-21cb9ee4290b', '9c76dddd-d928-4d92-bc9b-6c9957d2b6df'),
    ('Атиг', '7c590900-5a7e-42e8-b810-c896d5040b54', '9c76dddd-d928-4d92-bc9b-6c9957d2b6df'),
    ('Ачит', '939b21fe-bfd9-4b39-931b-661d10d9f104', '9c76dddd-d928-4d92-bc9b-6c9957d2b6df'),
    ('Белоярский', '6ca81d0d-8f08-423a-9563-04c28e34a561', '9c76dddd-d928-4d92-bc9b-6c9957d2b6df'),
    ('Бисерть', 'd14982a5-8850-48b7-b0d7-4c5e21ee62ee', '9c76dddd-d928-4d92-bc9b-6c9957d2b6df'),
    ('Верх-Нейвинский', '46989644-d81c-46ba-80c9-d70d0e0eb969', '9c76dddd-d928-4d92-bc9b-6c9957d2b6df'),
    ('Верхнее Дуброво', '80f52a0f-1261-46bb-9f8f-71b9297cdd09', '9c76dddd-d928-4d92-bc9b-6c9957d2b6df'),
    ('Верхние Серги', '5858c997-25cc-42de-9bf0-8677ac5e726e', '9c76dddd-d928-4d92-bc9b-6c9957d2b6df'),
    ('Верхняя Синячиха', 'c1647053-1d22-42dc-b3da-833b012350be', '9c76dddd-d928-4d92-bc9b-6c9957d2b6df'),
    ('Гари', '8baa18f4-f36e-4473-a704-c9263a14630a', '9c76dddd-d928-4d92-bc9b-6c9957d2b6df'),
    ('Горноуральский', '707ff34a-c20a-4028-804c-61effed5d050', '9c76dddd-d928-4d92-bc9b-6c9957d2b6df'),
    ('Дружинино', '4916c517-0469-4f65-befd-9529083c4486', '9c76dddd-d928-4d92-bc9b-6c9957d2b6df'),
    ('Ёлкино', 'ec1aecc8-ce50-4a96-ab22-c4c95d890e9b', '9c76dddd-d928-4d92-bc9b-6c9957d2b6df'),
    ('Малышева', 'b399045f-0802-43dd-a533-ef0643bc5be0', '9c76dddd-d928-4d92-bc9b-6c9957d2b6df'),
    ('Мартюш', '65f70858-4d66-4f04-809b-dc236a6644b0', '9c76dddd-d928-4d92-bc9b-6c9957d2b6df'),
    ('Махнёво', 'c9d98fd5-662a-4116-b282-082f1312d99b', '9c76dddd-d928-4d92-bc9b-6c9957d2b6df'),
    ('Натальинск', '2635117b-cfad-4780-b894-ad1f50beca6c', '9c76dddd-d928-4d92-bc9b-6c9957d2b6df'),
    ('Пелым', '9c2c5571-6ebf-4034-b832-1ca9c008020c', '9c76dddd-d928-4d92-bc9b-6c9957d2b6df'),
    ('Пионерский', 'b761ac79-21da-459f-bf1a-0fede0af2ff1', '9c76dddd-d928-4d92-bc9b-6c9957d2b6df'),
    ('Пышма', 'a90276da-b85c-4436-b534-67c1f54936c7', '9c76dddd-d928-4d92-bc9b-6c9957d2b6df'),
    ('Рефтинский', 'c58817b2-bc9d-4b66-ac27-bb5451365c86', '9c76dddd-d928-4d92-bc9b-6c9957d2b6df'),
    ('Свободный', '17cd964e-6087-48d5-8462-b8ad3c343d28', '9c76dddd-d928-4d92-bc9b-6c9957d2b6df'),
    ('Сосьва', '2c38fb4c-584a-46d9-85e3-cef87b5051fc', '9c76dddd-d928-4d92-bc9b-6c9957d2b6df'),
    ('Староуткинск', '233ec81f-314e-4399-b5cb-09e04913afa7', '9c76dddd-d928-4d92-bc9b-6c9957d2b6df'),
    ('Тугулым', 'd1273b2c-da80-406a-864a-5bb4b1879da0', '9c76dddd-d928-4d92-bc9b-6c9957d2b6df'),
    ('Уральский', '82e41ca3-64c0-47c6-a0d0-ff1e36eeb69f', '9c76dddd-d928-4d92-bc9b-6c9957d2b6df'),
    ('Шаля', '6143e10c-2070-4b44-a2be-8196152adb44', '9c76dddd-d928-4d92-bc9b-6c9957d2b6df');

INSERT INTO region (id, "name", country_id)
VALUES ('ac57be5e-61d1-4366-bd3a-01db8bb53f46', 'Смоленская область', 'e7156acf-b118-4a23-92e4-8b2579ed798a');

INSERT INTO populated_locality ("name", id, region_id)
VALUES ('Велиж', 'a791a4b2-6345-4b41-969b-e515ae824015', 'ac57be5e-61d1-4366-bd3a-01db8bb53f46'),
    ('Вязьма', '19ac70b6-4283-4a3d-9b7e-f68d4b7da3f1', 'ac57be5e-61d1-4366-bd3a-01db8bb53f46'),
    ('Гагарин', '9cbd863c-2816-45b5-814b-9b270e2fa2bd', 'ac57be5e-61d1-4366-bd3a-01db8bb53f46'),
    ('Демидов', '792057ea-c84d-46f7-b405-0c2d4d5db5f9', 'ac57be5e-61d1-4366-bd3a-01db8bb53f46'),
    ('Десногорск', '83021629-9cc2-4dc3-8048-6a9a7a5084f8', 'ac57be5e-61d1-4366-bd3a-01db8bb53f46'),
    ('Дорогобуж', '6630fb10-22b2-443b-b284-bfc8040cab4d', 'ac57be5e-61d1-4366-bd3a-01db8bb53f46'),
    ('Духовщина', 'fe0f2854-1d05-4c2b-87f0-2e36272185b9', 'ac57be5e-61d1-4366-bd3a-01db8bb53f46'),
    ('Ельня', '3fe3ce8b-4948-4fc6-b292-357f49afab44', 'ac57be5e-61d1-4366-bd3a-01db8bb53f46'),
    ('Починок', 'abab687e-ee6b-446f-850e-7adf7717bc58', 'ac57be5e-61d1-4366-bd3a-01db8bb53f46'),
    ('Рославль', 'bf37ceba-8d90-4a81-a0cd-43915438a7b6', 'ac57be5e-61d1-4366-bd3a-01db8bb53f46'),
    ('Рудня', 'c7a6682d-1cab-4cdb-badc-953e2c4b7d12', 'ac57be5e-61d1-4366-bd3a-01db8bb53f46'),
    ('Сафоново', '2bfd8949-bb2c-4ca9-8d61-0463f8dd084a', 'ac57be5e-61d1-4366-bd3a-01db8bb53f46'),
    ('Смоленск', '26ad95af-8117-4ae7-b138-6fd5fa9ee6ac', 'ac57be5e-61d1-4366-bd3a-01db8bb53f46'),
    ('Сычёвка', 'bb92541b-099c-4ffa-8a73-81bb5c2e5e32', 'ac57be5e-61d1-4366-bd3a-01db8bb53f46'),
    ('Ярцево', '4c05b534-764b-42cc-ade2-ea57add85bd8', 'ac57be5e-61d1-4366-bd3a-01db8bb53f46');
INSERT INTO populated_locality ("name", id, region_id)
VALUES ('Верхнеднепровский', '908420ea-76f6-4081-88ce-1c37d365e00c', 'ac57be5e-61d1-4366-bd3a-01db8bb53f46'),
    ('Голынки', '24fcc3af-7987-4cdb-855d-e6f54c133e2f', 'ac57be5e-61d1-4366-bd3a-01db8bb53f46'),
    ('Кардымово', '042703fd-c32b-4b6e-9019-3e118b3c2d8d', 'ac57be5e-61d1-4366-bd3a-01db8bb53f46'),
    ('Красный', '720d1d4a-450e-45b6-b1e2-acec3562b30a', 'ac57be5e-61d1-4366-bd3a-01db8bb53f46'),
    ('Монастырщина', '7d78adce-c741-40b5-a102-27b2aac58ba3', 'ac57be5e-61d1-4366-bd3a-01db8bb53f46'),
    ('Озёрный', '6e3b397a-2565-4307-886a-d5eb61eb48fe', 'ac57be5e-61d1-4366-bd3a-01db8bb53f46'),
    ('Пржевальское', 'f58340ab-1e16-485e-9afa-2fc51df4e972', 'ac57be5e-61d1-4366-bd3a-01db8bb53f46'),
    ('Хиславичи', '0903ce49-5a4d-47a7-88f8-edd6c8c462f5', 'ac57be5e-61d1-4366-bd3a-01db8bb53f46'),
    ('Холм-Жирковский', 'c2c43c89-42b9-4799-943b-bc741c189e93', 'ac57be5e-61d1-4366-bd3a-01db8bb53f46'),
    ('Шумячи', 'a4e77743-ec82-4181-a9ca-992bbe2e0992', 'ac57be5e-61d1-4366-bd3a-01db8bb53f46');

INSERT INTO region (id, "name", country_id)
VALUES ('a42742cb-71fe-4b67-b510-7d7f7f25a857', 'Тамбовская область', 'e7156acf-b118-4a23-92e4-8b2579ed798a');

INSERT INTO populated_locality ("name", id, region_id)
VALUES ('Жердевка', '0ab712d6-f7b1-496c-a335-f0b469401980', 'a42742cb-71fe-4b67-b510-7d7f7f25a857'),
    ('Кирсанов', '4b142d23-23b8-4a08-a2ae-c5f2c5d0d98a', 'a42742cb-71fe-4b67-b510-7d7f7f25a857'),
    ('Котовск', '9c0bb7cd-e5df-4c09-8c7d-09c69e42b63f', 'a42742cb-71fe-4b67-b510-7d7f7f25a857'),
    ('Мичуринск', 'e985e683-cff8-478b-807f-24a789c50a21', 'a42742cb-71fe-4b67-b510-7d7f7f25a857'),
    ('Моршанск', 'f205a065-3ca1-4c0d-bf29-ab6a229676a7', 'a42742cb-71fe-4b67-b510-7d7f7f25a857'),
    ('Рассказово', 'ee7bb6f6-b5ef-4b6c-ad61-49d6ca72de76', 'a42742cb-71fe-4b67-b510-7d7f7f25a857'),
    ('Тамбов', '5c493964-f698-41b8-89ab-411eaad30a6c', 'a42742cb-71fe-4b67-b510-7d7f7f25a857'),
    ('Уварово', '75ec93be-41bc-44a4-999f-dfd554f7b5fa', 'a42742cb-71fe-4b67-b510-7d7f7f25a857');
INSERT INTO populated_locality ("name", id, region_id)
VALUES ('Дмитриевка', '44a11de4-753d-49f0-877a-8d8e3772cdde', 'a42742cb-71fe-4b67-b510-7d7f7f25a857'),
    ('Знаменка', '1ddb9052-740a-403e-8f6f-c72563ce3332', 'a42742cb-71fe-4b67-b510-7d7f7f25a857'),
    ('Инжавино', '8f731d05-0646-4e20-a2da-dea0dbd74fca', 'a42742cb-71fe-4b67-b510-7d7f7f25a857'),
    ('Мордово', 'fc071831-2530-4f50-8d40-2cdc13b25d33', 'a42742cb-71fe-4b67-b510-7d7f7f25a857'),
    ('Мучкапский', '90abab7a-caeb-4a73-96d9-dd496f3d818f', 'a42742cb-71fe-4b67-b510-7d7f7f25a857'),
    ('Новая Ляда', '96cdcdbf-0698-4623-8cb2-eb59040bbb0c', 'a42742cb-71fe-4b67-b510-7d7f7f25a857'),
    ('Новопокровка', 'f9c95f03-ab17-4bfc-b1e7-d632d7f4fb39', 'a42742cb-71fe-4b67-b510-7d7f7f25a857'),
    ('Первомайский', '8a532dce-3560-4f2c-8a0f-d31b658583b8', 'a42742cb-71fe-4b67-b510-7d7f7f25a857'),
    ('Ржакса', '7057fb56-5c38-4e33-8577-620f06115611', 'a42742cb-71fe-4b67-b510-7d7f7f25a857'),
    ('Сосновка', '99fca4c8-5a25-491f-8edf-85d53f97881e', 'a42742cb-71fe-4b67-b510-7d7f7f25a857'),
    ('Токарёвка', '5a04b3df-cfc9-4ee4-b44c-96ad7002e1e2', 'a42742cb-71fe-4b67-b510-7d7f7f25a857'),
    ('Умёт', '93beb28c-213f-4775-91ef-75de768fa693', 'a42742cb-71fe-4b67-b510-7d7f7f25a857');

INSERT INTO region (id, "name", country_id)
VALUES ('debe21d4-a1c0-41ed-8f74-19be6c0b0c7e', 'Тверская область', 'e7156acf-b118-4a23-92e4-8b2579ed798a');

INSERT INTO populated_locality ("name", id, region_id)
VALUES ('Андреаполь', 'fd1b2131-b37d-4798-aefb-548bddeaa03f', 'debe21d4-a1c0-41ed-8f74-19be6c0b0c7e'),
    ('Бежецк', '10e1c416-9885-4fbb-aea0-5546ada430da', 'debe21d4-a1c0-41ed-8f74-19be6c0b0c7e'),
    ('Белый', '705b906f-a7bf-4690-9623-cd1e2a4b8885', 'debe21d4-a1c0-41ed-8f74-19be6c0b0c7e'),
    ('Бологое', 'd309ccae-01d3-4630-9e30-19c89f31af1a', 'debe21d4-a1c0-41ed-8f74-19be6c0b0c7e'),
    ('Весьегонск', '4f659f5f-2127-44a6-b9eb-c5e0f55678d6', 'debe21d4-a1c0-41ed-8f74-19be6c0b0c7e'),
    ('Вышний Волочёк', '51277b32-6883-44ae-b052-c49b56e5f7b1', 'debe21d4-a1c0-41ed-8f74-19be6c0b0c7e'),
    ('Западная Двина', 'e548d81e-4db0-4788-a8c3-79609f3d7475', 'debe21d4-a1c0-41ed-8f74-19be6c0b0c7e'),
    ('Зубцов', '83d22df5-431f-4ff1-95e8-3672a37bda77', 'debe21d4-a1c0-41ed-8f74-19be6c0b0c7e'),
    ('Калязин', 'c1ea90c9-8802-447a-bd57-2ebd5c7a15de', 'debe21d4-a1c0-41ed-8f74-19be6c0b0c7e'),
    ('Кашин', 'b0b07772-d8a9-4ba8-9813-2cdaa6a65db6', 'debe21d4-a1c0-41ed-8f74-19be6c0b0c7e'),
    ('Кимры', '5cc17bd8-8d90-4fc9-b821-20a5ef846a94', 'debe21d4-a1c0-41ed-8f74-19be6c0b0c7e'),
    ('Конаково', '2c9f8365-4c4b-44d0-b9d3-8a51988e062e', 'debe21d4-a1c0-41ed-8f74-19be6c0b0c7e'),
    ('Красный Холм', '39d61e5a-d58a-4a65-a71f-458442e5d56e', 'debe21d4-a1c0-41ed-8f74-19be6c0b0c7e'),
    ('Кувшиново', '9faa1fde-782c-4a71-9663-3010ab28a098', 'debe21d4-a1c0-41ed-8f74-19be6c0b0c7e'),
    ('Лихославль', 'eca89f8b-2a93-49b2-a45f-ec0a31bffc53', 'debe21d4-a1c0-41ed-8f74-19be6c0b0c7e'),
    ('Нелидово', '1e557112-1ad1-4065-8d35-0a6675ef101d', 'debe21d4-a1c0-41ed-8f74-19be6c0b0c7e'),
    ('Осташков', '548d4df0-8e8f-4abe-b965-852ec2985f94', 'debe21d4-a1c0-41ed-8f74-19be6c0b0c7e'),
    ('Ржев', 'b18826e0-30eb-4cf6-a858-5cae617e363e', 'debe21d4-a1c0-41ed-8f74-19be6c0b0c7e'),
    ('Старица', '60004cd9-b439-426d-95c8-2c13df8171f3', 'debe21d4-a1c0-41ed-8f74-19be6c0b0c7e'),
    ('Тверь', '81066c78-fea9-4bee-8e91-06e5ed8bfc85', 'debe21d4-a1c0-41ed-8f74-19be6c0b0c7e'),
    ('Торжок', '7323379a-339a-4f23-87e1-5a9a8750d474', 'debe21d4-a1c0-41ed-8f74-19be6c0b0c7e'),
    ('Торопец', 'cbdd4553-154a-4ca1-8937-a89533043d31', 'debe21d4-a1c0-41ed-8f74-19be6c0b0c7e'),
    ('Удомля', '35ff047e-dfad-42bf-bae1-4cd5e92cbb14', 'debe21d4-a1c0-41ed-8f74-19be6c0b0c7e');
INSERT INTO populated_locality ("name", id, region_id)
VALUES ('Белый Городок', '9bd2870a-1d3f-4b4f-8283-620f34c694fa', 'debe21d4-a1c0-41ed-8f74-19be6c0b0c7e'),
    ('Васильевский Мох', 'ca4864ef-4c38-4820-88f8-e495b63e3a78', 'debe21d4-a1c0-41ed-8f74-19be6c0b0c7e'),
    ('Великооктябрьский', '02cd61e9-6963-4d0a-85da-b3b0c52d3590', 'debe21d4-a1c0-41ed-8f74-19be6c0b0c7e'),
    ('Жарковский', 'a40fe781-311f-4b58-be33-ee0ce4c4b38f', 'debe21d4-a1c0-41ed-8f74-19be6c0b0c7e'),
    ('Изоплит', '23ef500a-3ad6-4ad0-8fc3-1aa37a79badd', 'debe21d4-a1c0-41ed-8f74-19be6c0b0c7e'),
    ('Калашниково', 'cab32377-b63e-418e-86c1-63adb42ab6dc', 'debe21d4-a1c0-41ed-8f74-19be6c0b0c7e'),
    ('Кесова Гора', '4ce9785d-c8e7-4619-9a61-4c9beaffbc42', 'debe21d4-a1c0-41ed-8f74-19be6c0b0c7e'),
    ('Козлово', '55684fe2-30f7-4b2e-9ac7-2f726d73453f', 'debe21d4-a1c0-41ed-8f74-19be6c0b0c7e'),
    ('Красномайский', 'd2d623f7-7677-4209-9d40-a960bb8a0b1c', 'debe21d4-a1c0-41ed-8f74-19be6c0b0c7e'),
    ('Куженкино', '1f55d3e9-1b7e-4013-aec0-a7eb18d21ad9', 'debe21d4-a1c0-41ed-8f74-19be6c0b0c7e'),
    ('Максатиха', '5fec11dc-015f-45b9-93fd-5b35f9c24838', 'debe21d4-a1c0-41ed-8f74-19be6c0b0c7e'),
    ('Молоково', 'a815fb3d-6b10-412b-b5a1-4b539bd9a8eb', 'debe21d4-a1c0-41ed-8f74-19be6c0b0c7e'),
    ('Новозавидовский', '586652c0-9c0c-450f-a44c-01db4bbf52b3', 'debe21d4-a1c0-41ed-8f74-19be6c0b0c7e'),
    ('Озёрный', '957d6250-5e78-4e10-ba19-8689b9b9d7b8', 'debe21d4-a1c0-41ed-8f74-19be6c0b0c7e'),
    ('Оленино', '4c2a25d0-0bdc-4d8a-8d2f-f52a93330d07', 'debe21d4-a1c0-41ed-8f74-19be6c0b0c7e'),
    ('Орша', '56a49ca4-1e89-4bb8-996d-a19a90b8899e', 'debe21d4-a1c0-41ed-8f74-19be6c0b0c7e'),
    ('Пено', '636c22f2-d6f5-467c-b12c-4c231ab13f4c', 'debe21d4-a1c0-41ed-8f74-19be6c0b0c7e'),
    ('Радченко', '7ee630b1-bb78-4c6f-a5d6-12c654b5947a', 'debe21d4-a1c0-41ed-8f74-19be6c0b0c7e'),
    ('Рамешки', '37cc66d5-e7a7-4f2b-8372-5d87340f75e1', 'debe21d4-a1c0-41ed-8f74-19be6c0b0c7e'),
    ('Редкино', '5a20b507-c694-4696-af41-936045bb94ea', 'debe21d4-a1c0-41ed-8f74-19be6c0b0c7e'),
    ('Сандово', '2abea94a-10a7-4c68-90b7-a5a36d561d8c', 'debe21d4-a1c0-41ed-8f74-19be6c0b0c7e'),
    ('Селижарово', 'e8d2b2b7-f7e8-468a-a1c8-afefab13b3c3', 'debe21d4-a1c0-41ed-8f74-19be6c0b0c7e'),
    ('Солнечный', '2174b30d-b140-4194-a988-fec859197883', 'debe21d4-a1c0-41ed-8f74-19be6c0b0c7e'),
    ('Сонково', '27f8ee5d-0baa-4a37-bf33-f1b2f6b4587b', 'debe21d4-a1c0-41ed-8f74-19be6c0b0c7e'),
    ('Спирово', '1a2506b1-8a7a-42cd-ac7a-c976d7d6038e', 'debe21d4-a1c0-41ed-8f74-19be6c0b0c7e'),
    ('Старая Торопа', 'dbf01182-6abf-4d9c-8b00-b128facb8222', 'debe21d4-a1c0-41ed-8f74-19be6c0b0c7e'),
    ('Суховерково', '23b446b7-9dde-40b0-8647-48d3a3c0be70', 'debe21d4-a1c0-41ed-8f74-19be6c0b0c7e'),
    ('Фирово', '915f0e6c-b6b1-465a-8394-70d82ccdd8e6', 'debe21d4-a1c0-41ed-8f74-19be6c0b0c7e');

INSERT INTO region (id, "name", country_id)
VALUES ('e0809ed1-86d5-40d6-b726-e64619a26569', 'Томская область', 'e7156acf-b118-4a23-92e4-8b2579ed798a');

INSERT INTO populated_locality ("name", id, region_id)
VALUES ('Асино', '2bb3a319-657f-46aa-bbb9-fcf9cceace0b', 'e0809ed1-86d5-40d6-b726-e64619a26569'),
    ('Белый Яр', 'aa724056-d08f-4e68-8336-4413998a7cb4', 'e0809ed1-86d5-40d6-b726-e64619a26569'),
    ('Кедровый', '1ff5f2ec-e82b-4f06-a0ed-033e5ef092ab', 'e0809ed1-86d5-40d6-b726-e64619a26569'),
    ('Колпашево', '11318173-4e0d-4162-8e96-659066f046d4', 'e0809ed1-86d5-40d6-b726-e64619a26569'),
    ('Северск', 'a368470e-cb50-482b-841d-0eb6562b62e1', 'e0809ed1-86d5-40d6-b726-e64619a26569'),
    ('Стрежевой', 'ec3bde6c-62e7-4664-bd37-dfa3783fad32', 'e0809ed1-86d5-40d6-b726-e64619a26569'),
    ('Томск', '7f88c963-7f8a-4ffc-b6cb-976a175bf006', 'e0809ed1-86d5-40d6-b726-e64619a26569');

INSERT INTO region (id, "name", country_id)
VALUES ('b85b17b3-63e2-4b52-ad98-78484d360486', 'Тульская область', 'e7156acf-b118-4a23-92e4-8b2579ed798a');

INSERT INTO populated_locality ("name", id, region_id)
VALUES ('Алексин', '7470e192-1424-4285-b6de-f09dfd1cfcce', 'b85b17b3-63e2-4b52-ad98-78484d360486'),
    ('Белёв', 'aa347d80-a4fc-47f1-ad9c-8fb6ed3a2e1a', 'b85b17b3-63e2-4b52-ad98-78484d360486'),
    ('Богородицк', 'e6b05c6d-8a7e-4c6d-b636-dc11550bac6c', 'b85b17b3-63e2-4b52-ad98-78484d360486'),
    ('Болохово', 'e5d75143-faa5-4150-8d5a-54e1658c669f', 'b85b17b3-63e2-4b52-ad98-78484d360486'),
    ('Венёв', 'ef187ed6-fe31-45a1-9319-3c262d92adcf', 'b85b17b3-63e2-4b52-ad98-78484d360486'),
    ('Донской', 'a4f25761-9b74-4289-ba45-d6d8adcc2cc5', 'b85b17b3-63e2-4b52-ad98-78484d360486'),
    ('Ефремов', 'a78aa51d-d780-443d-9ab7-9d52e5280095', 'b85b17b3-63e2-4b52-ad98-78484d360486'),
    ('Кимовск', '7e1892fd-76a9-4e21-9ab7-09ce58adaada', 'b85b17b3-63e2-4b52-ad98-78484d360486'),
    ('Киреевск', 'c64e70a3-5177-48bb-b82d-e45ba83d6940', 'b85b17b3-63e2-4b52-ad98-78484d360486'),
    ('Липки', '99f6e744-dc7d-43f3-94e9-e8ab366f9545', 'b85b17b3-63e2-4b52-ad98-78484d360486'),
    ('Новомосковск', '0c5cb77f-71c4-48a1-b07b-db81f61f7081', 'b85b17b3-63e2-4b52-ad98-78484d360486'),
    ('Плавск', '5e74ec0d-7166-46b8-9c40-823f8f9fe040', 'b85b17b3-63e2-4b52-ad98-78484d360486'),
    ('Советск', '862b77db-2de7-44c5-b416-163da2aa5262', 'b85b17b3-63e2-4b52-ad98-78484d360486'),
    ('Суворов', '3576b9e1-dd38-4ee1-bceb-c4906b4dd2ed', 'b85b17b3-63e2-4b52-ad98-78484d360486'),
    ('Тула', 'e8d0b24c-7ad7-4c97-b6eb-65fda4ef9ee0', 'b85b17b3-63e2-4b52-ad98-78484d360486'),
    ('Узловая', 'f3b92da4-432f-4e06-8738-e7e523b3a13d', 'b85b17b3-63e2-4b52-ad98-78484d360486'),
    ('Чекалин', '3015da1f-c649-4ab6-8e02-cca483c38151', 'b85b17b3-63e2-4b52-ad98-78484d360486'),
    ('Щёкино', '106de15e-bfb3-4785-9b3c-1a8d7b87f148', 'b85b17b3-63e2-4b52-ad98-78484d360486'),
    ('Ясногорск', '1985c435-3618-4288-980c-804bba5a81fb', 'b85b17b3-63e2-4b52-ad98-78484d360486');
INSERT INTO populated_locality ("name", id, region_id)
VALUES ('Арсеньево', 'edaeef74-47ba-49a6-b8b2-f4860593fd54', 'b85b17b3-63e2-4b52-ad98-78484d360486'),
    ('Волово', 'a97bbbe6-8db1-47ee-8d13-81bb98a7a1ce', 'b85b17b3-63e2-4b52-ad98-78484d360486'),
    ('Дубна', 'f0401291-af4c-4ac8-b8ac-bd5a28731efd', 'b85b17b3-63e2-4b52-ad98-78484d360486'),
    ('Заокский', '9d06920e-cd22-4294-bdeb-45e029711cd2', 'b85b17b3-63e2-4b52-ad98-78484d360486'),
    ('Куркино', '8eef4c58-78e8-4f72-98cc-6b11fc9c8f3f', 'b85b17b3-63e2-4b52-ad98-78484d360486'),
    ('Новогуровский', '0f6d9565-1087-4e2d-843a-f21598cc8786', 'b85b17b3-63e2-4b52-ad98-78484d360486'),
    ('Одоев', 'dfc6ccd2-f6eb-4ff8-b442-c588b3eeac8b', 'b85b17b3-63e2-4b52-ad98-78484d360486'),
    ('Первомайский', '8669984b-e0c1-4f8a-8c4c-7a2b176b625d', 'b85b17b3-63e2-4b52-ad98-78484d360486'),
    ('Славный', '1ca80dc6-c24c-4b1a-88a6-46b9cf2fd050', 'b85b17b3-63e2-4b52-ad98-78484d360486'),
    ('Тёплое', '71b7f991-ca41-41e2-a2a8-b26dff22c373', 'b85b17b3-63e2-4b52-ad98-78484d360486'),
    ('Чернь', '34da6975-839c-4bd8-a8a4-b03eced90309', 'b85b17b3-63e2-4b52-ad98-78484d360486');

INSERT INTO region (id, "name", country_id)
VALUES ('963218b3-2dcd-46f2-8a0c-b123097593a3', 'Тюменская область', 'e7156acf-b118-4a23-92e4-8b2579ed798a');

INSERT INTO populated_locality ("name", id, region_id)
VALUES ('Заводоуковск', '6ce5cd18-5b51-4126-ba0b-14edf04ada1c', '963218b3-2dcd-46f2-8a0c-b123097593a3'),
    ('Ишим', 'aa58866c-8748-4d50-acac-7fc267c9a818', '963218b3-2dcd-46f2-8a0c-b123097593a3'),
    ('Тобольск', '01d3c93a-f3a3-4479-8177-47169b4478c7', '963218b3-2dcd-46f2-8a0c-b123097593a3'),
    ('Тюмень', '39f4bf71-4123-4a1f-9942-27e61b2db645', '963218b3-2dcd-46f2-8a0c-b123097593a3'),
    ('Ялуторовск', '680dbab3-192d-458a-a856-0f0a8db0f2dc', '963218b3-2dcd-46f2-8a0c-b123097593a3');
INSERT INTO populated_locality ("name", id, region_id)
VALUES ('Богандинский', 'd3ec18b0-3ea2-4e9b-98ad-ab8ef0021b57', '963218b3-2dcd-46f2-8a0c-b123097593a3'),
    ('Боровский', '11abae19-090f-44ae-bda4-c9cf41bc772c', '963218b3-2dcd-46f2-8a0c-b123097593a3'),
    ('Винзили', 'd801c04f-806b-432f-aeb0-805de468797e', '963218b3-2dcd-46f2-8a0c-b123097593a3'),
    ('Голышманово', '373cd446-205f-4eec-b2c7-e0d10f7ffb92', '963218b3-2dcd-46f2-8a0c-b123097593a3'),
    ('Сумкино', 'f016b3aa-a34f-4b2b-aa30-3107702108d1', '963218b3-2dcd-46f2-8a0c-b123097593a3');

INSERT INTO region (id, "name", country_id)
VALUES ('8122376b-6a7e-4c55-85f6-032a5cabba15', 'Ульяновская область', 'e7156acf-b118-4a23-92e4-8b2579ed798a');

INSERT INTO populated_locality ("name", id, region_id)
VALUES ('Барыш', '4a45e550-7fe1-4a00-bc7a-ad12ffb3d369', '8122376b-6a7e-4c55-85f6-032a5cabba15'),
    ('Димитровград', '38ed935d-8632-4a64-bbc0-0ba3ab1f8890', '8122376b-6a7e-4c55-85f6-032a5cabba15'),
    ('Инза', 'efb2ca2e-0a94-4fd6-89a4-4ea8619500db', '8122376b-6a7e-4c55-85f6-032a5cabba15'),
    ('Новоульяновск', '93fc8bef-4b9e-42fd-bcb0-ff8140517d26', '8122376b-6a7e-4c55-85f6-032a5cabba15'),
    ('Сенгилей', '9ac56cf4-4a2c-40b8-9dbf-5db0ff6567d6', '8122376b-6a7e-4c55-85f6-032a5cabba15'),
    ('Ульяновск', '6bfc0bb2-4bc0-450e-b5ac-66b5eb5768bb', '8122376b-6a7e-4c55-85f6-032a5cabba15');
INSERT INTO populated_locality ("name", id, region_id)
VALUES ('Базарный Сызган', '5608360b-cab3-41fa-9df8-59569562cdf8', '8122376b-6a7e-4c55-85f6-032a5cabba15'),
    ('Вешкайма', '27f5b43b-432c-4130-b820-8edb5c87ba9d', '8122376b-6a7e-4c55-85f6-032a5cabba15'),
    ('Глотовка', '9f347fee-6272-4fad-8819-1d292c093728', '8122376b-6a7e-4c55-85f6-032a5cabba15'),
    ('Жадовка', 'a042b22c-4448-45ae-af5b-3f46f3be7118', '8122376b-6a7e-4c55-85f6-032a5cabba15'),
    ('Игнатовка', 'd6fda434-b31c-485c-8a55-07d83de2de5a', '8122376b-6a7e-4c55-85f6-032a5cabba15'),
    ('Измайлово', '4652a1ef-db0e-46b8-a254-54b6b910ffa0', '8122376b-6a7e-4c55-85f6-032a5cabba15'),
    ('имени В. И. Ленина', '42bf8acf-94da-45d9-a3e7-d9d878600ab6', '8122376b-6a7e-4c55-85f6-032a5cabba15'),
    ('Ишеевка', 'cf366074-0ee6-4495-9e0d-9d58e8092afe', '8122376b-6a7e-4c55-85f6-032a5cabba15'),
    ('Карсун', '623e46d6-fd02-4e2c-8c82-234483b3f398', '8122376b-6a7e-4c55-85f6-032a5cabba15'),
    ('Красный Гуляй', 'f7a8b078-49eb-4759-8dbd-48647ce75189', '8122376b-6a7e-4c55-85f6-032a5cabba15'),
    ('Кузоватово', 'd5730922-7010-4cd8-9079-6f870dc2f060', '8122376b-6a7e-4c55-85f6-032a5cabba15'),
    ('Майна', 'c9eb569f-26d1-4e9f-82ec-0ef02449c985', '8122376b-6a7e-4c55-85f6-032a5cabba15'),
    ('Мулловка', '516e1fc8-d650-425c-b46a-79b42297ace1', '8122376b-6a7e-4c55-85f6-032a5cabba15'),
    ('Николаевка', '4240f57e-9251-4d51-a23e-074134326bb6', '8122376b-6a7e-4c55-85f6-032a5cabba15'),
    ('Новая Майна', '6129ec4b-77e1-4d21-b1eb-77380c6cb1bb', '8122376b-6a7e-4c55-85f6-032a5cabba15'),
    ('Новоспасское', '925f4ba4-41a7-4f47-8ff9-3a37dbc5238f', '8122376b-6a7e-4c55-85f6-032a5cabba15'),
    ('Павловка', 'f46fec27-00c5-4f3f-885b-86e831f078b6', '8122376b-6a7e-4c55-85f6-032a5cabba15'),
    ('Радищево', '378731d0-3a1d-44b4-be69-275f60282f53', '8122376b-6a7e-4c55-85f6-032a5cabba15'),
    ('Силикатный', '71039433-d1b8-49ba-a5a5-220a6511d33e', '8122376b-6a7e-4c55-85f6-032a5cabba15'),
    ('Старая Кулатка', '1b7b73cc-f06a-472d-ad70-a1ff504e7002', '8122376b-6a7e-4c55-85f6-032a5cabba15'),
    ('Старая Майна', '4e1324e5-299f-4c4c-9450-9825cc674b73', '8122376b-6a7e-4c55-85f6-032a5cabba15'),
    ('Старотимошкино', 'bd7366c1-a827-4ebe-bfc3-bc0abbafca09', '8122376b-6a7e-4c55-85f6-032a5cabba15'),
    ('Сурское', '55d647a5-3a27-406a-9bff-c44039466af7', '8122376b-6a7e-4c55-85f6-032a5cabba15'),
    ('Тереньга', '5b46b6b7-860a-40ec-b2eb-a7140c73df44', '8122376b-6a7e-4c55-85f6-032a5cabba15'),
    ('Цемзавод', '36ce11d0-ca00-495e-8fcc-0930a977e0af', '8122376b-6a7e-4c55-85f6-032a5cabba15'),
    ('Цильна', 'a64e3dd6-e002-441d-89b8-5ebdb844b9f3', '8122376b-6a7e-4c55-85f6-032a5cabba15'),
    ('Чердаклы', '9a8ef9cd-9f4b-46a9-9328-4c4e36ce2ea2', '8122376b-6a7e-4c55-85f6-032a5cabba15'),
    ('Чуфарово', 'db95fab4-719a-415a-bcbc-54ccef2640c7', '8122376b-6a7e-4c55-85f6-032a5cabba15'),
    ('Языково', 'd4916e46-7aa2-47ab-9568-be339d0a1888', '8122376b-6a7e-4c55-85f6-032a5cabba15');

INSERT INTO region (id, "name", country_id)
VALUES ('d108f561-d6d8-4a27-9175-29b7969716a8', 'Челябинская область', 'e7156acf-b118-4a23-92e4-8b2579ed798a');

INSERT INTO populated_locality ("name", id, region_id)
VALUES ('Аша', '71887dd9-1eab-4a55-9a4c-ef48aa248689', 'd108f561-d6d8-4a27-9175-29b7969716a8'),
    ('Бакал', 'b87fec27-8b6b-47a5-8b34-dd33bd4512ce', 'd108f561-d6d8-4a27-9175-29b7969716a8'),
    ('Верхнеуральск', '7c289421-60b4-4808-a27f-570f5330fe3c', 'd108f561-d6d8-4a27-9175-29b7969716a8'),
    ('Верхний Уфалей', 'aa2a136b-402a-4dc1-887d-2c834b668431', 'd108f561-d6d8-4a27-9175-29b7969716a8'),
    ('Еманжелинск', 'aa34a568-506a-453e-888b-92dfb17cd13f', 'd108f561-d6d8-4a27-9175-29b7969716a8'),
    ('Златоуст', 'a0421fad-9b9f-427e-8464-b7e39ba0e4f9', 'd108f561-d6d8-4a27-9175-29b7969716a8'),
    ('Карабаш', 'cfd43fb5-3cca-43db-919d-df3575dd5495', 'd108f561-d6d8-4a27-9175-29b7969716a8'),
    ('Карталы', '2eac3830-fc59-488b-8810-6442318c164c', 'd108f561-d6d8-4a27-9175-29b7969716a8'),
    ('Касли', 'cd1633ae-258b-4ed8-a3f2-5def33a5ca8d', 'd108f561-d6d8-4a27-9175-29b7969716a8'),
    ('Катав-Ивановск', 'a6b62d57-5e8e-427f-b213-55d03ace392c', 'd108f561-d6d8-4a27-9175-29b7969716a8'),
    ('Копейск', '50ca3523-bfde-43f8-aa4a-107fa7b64c17', 'd108f561-d6d8-4a27-9175-29b7969716a8'),
    ('Коркино', '7c4255f7-18f9-44ce-87a1-7ff05c3eab1a', 'd108f561-d6d8-4a27-9175-29b7969716a8'),
    ('Куса', '486ae463-cc8c-4609-98aa-5f399b7961ac', 'd108f561-d6d8-4a27-9175-29b7969716a8'),
    ('Кыштым', '02be6bec-d255-40f4-8dd1-d5e65ee9e139', 'd108f561-d6d8-4a27-9175-29b7969716a8'),
    ('Магнитогорск', '3e1cc7b2-e4fc-45dd-8901-751d9ea73f71', 'd108f561-d6d8-4a27-9175-29b7969716a8'),
    ('Миасс', '2220660a-b99a-42f8-9a90-28717f356fd4', 'd108f561-d6d8-4a27-9175-29b7969716a8'),
    ('Миньяр', '7106d63c-0531-4fd8-87d8-0e177844a5f0', 'd108f561-d6d8-4a27-9175-29b7969716a8'),
    ('Нязепетровск', '804a0ae1-cca8-4962-96d0-f7f6d8990cb0', 'd108f561-d6d8-4a27-9175-29b7969716a8'),
    ('Озёрск', 'b76cc16e-7077-4c23-8b04-1e6975949907', 'd108f561-d6d8-4a27-9175-29b7969716a8'),
    ('Пласт', 'f318fa4e-114b-42d1-ba17-f16a0ff65369', 'd108f561-d6d8-4a27-9175-29b7969716a8'),
    ('Сатка', '20167e03-c0a0-408d-a091-5cd191f57838', 'd108f561-d6d8-4a27-9175-29b7969716a8'),
    ('Сим', 'b8c829f8-cfb0-41d9-a9ec-ae656fd208ae', 'd108f561-d6d8-4a27-9175-29b7969716a8'),
    ('Снежинск', '1478483e-a0df-4c80-a67c-34f8f89d3f81', 'd108f561-d6d8-4a27-9175-29b7969716a8'),
    ('Трёхгорный', '28338aa2-229a-4c63-adf7-83fe601e0cb5', 'd108f561-d6d8-4a27-9175-29b7969716a8'),
    ('Троицк', '1a4b8e7e-f03c-448f-a0a4-2aeb9ffef053', 'd108f561-d6d8-4a27-9175-29b7969716a8'),
    ('Усть-Катав', '829959ba-160e-4724-a98d-ab8fbcc6faa3', 'd108f561-d6d8-4a27-9175-29b7969716a8'),
    ('Чебаркуль', '4e4f17f5-b683-463f-af14-6a46b6468bc7', 'd108f561-d6d8-4a27-9175-29b7969716a8'),
    ('Челябинск', '5c935905-4aa8-4870-a5cc-ef779c4a9589', 'd108f561-d6d8-4a27-9175-29b7969716a8'),
    ('Южноуральск', 'fffe90b5-63d6-4603-a1b7-78dc2e8bec0b', 'd108f561-d6d8-4a27-9175-29b7969716a8'),
    ('Юрюзань', '734aa47a-779e-449a-a586-ba3793d71fc2', 'd108f561-d6d8-4a27-9175-29b7969716a8');
INSERT INTO populated_locality ("name", id, region_id)
VALUES ('Бердяуш', '1eaf6475-73b1-48dd-a683-252e7fd89fba', 'd108f561-d6d8-4a27-9175-29b7969716a8'),
    ('Вишневогорск', 'b69e9601-235c-4fbc-ad8f-2af8ae46f5cf', 'd108f561-d6d8-4a27-9175-29b7969716a8'),
    ('Зауральский', '5d4707fd-6669-4769-99b2-887bc6d23b66', 'd108f561-d6d8-4a27-9175-29b7969716a8'),
    ('Красногорский', '285b2936-7fd7-4140-a7ed-0ad998bc3c73', 'd108f561-d6d8-4a27-9175-29b7969716a8'),
    ('Кропачёво', '2d8972ab-5725-45d1-8226-ff2435426b01', 'd108f561-d6d8-4a27-9175-29b7969716a8'),
    ('Локомотивный', 'adf88b16-b0e4-4a00-a0d7-637a7d963b24', 'd108f561-d6d8-4a27-9175-29b7969716a8'),
    ('Магнитка', 'f2f744a1-4b32-4b86-a74b-73cc57fc0de1', 'd108f561-d6d8-4a27-9175-29b7969716a8'),
    ('Межевой', '98d41faf-3439-40d4-a4bb-c9690bcb3a02', 'd108f561-d6d8-4a27-9175-29b7969716a8'),
    ('Межозёрный', '3667e74d-a8c3-439f-b922-075976653d8e', 'd108f561-d6d8-4a27-9175-29b7969716a8'),
    ('Первомайский', '13e90681-79ba-4df1-b460-9b5694198439', 'd108f561-d6d8-4a27-9175-29b7969716a8'),
    ('Роза', 'e1237d44-cdbd-489d-94b7-dc2ca8f2661e', 'd108f561-d6d8-4a27-9175-29b7969716a8'),
    ('Сулея', '7e5c72ff-0637-4f4b-a0a3-51971564fbb6', 'd108f561-d6d8-4a27-9175-29b7969716a8'),
    ('Южный', '43959ec8-9bc9-443d-b5fa-55e4cbad3b2d', 'd108f561-d6d8-4a27-9175-29b7969716a8');

INSERT INTO region (id, "name", country_id)
VALUES ('f58fb48d-4f60-4901-b324-08311078049f', 'Ярославская область', 'e7156acf-b118-4a23-92e4-8b2579ed798a');

INSERT INTO populated_locality ("name", id, region_id)
VALUES ('Гаврилов-Ям', 'c0f8f05b-ad4b-45d2-adee-856db2b6fd16', 'f58fb48d-4f60-4901-b324-08311078049f'),
    ('Данилов', '19bc1e4b-285d-43b1-bbc3-3b956a13c64a', 'f58fb48d-4f60-4901-b324-08311078049f'),
    ('Любим', '5f66f4b9-095c-4822-b6c1-dbf154279dee', 'f58fb48d-4f60-4901-b324-08311078049f'),
    ('Мышкин', 'b6cd0389-6f0a-4c93-a22f-e83468835f56', 'f58fb48d-4f60-4901-b324-08311078049f'),
    ('Переславль-Залесский', 'b3b94679-6979-4463-be21-d41033fd81fa', 'f58fb48d-4f60-4901-b324-08311078049f'),
    ('Пошехонье', '375acc32-65db-4aab-8938-c1213adcd819', 'f58fb48d-4f60-4901-b324-08311078049f'),
    ('Ростов', 'a62260ea-26f5-4d3d-a02a-7c436c8d2a9d', 'f58fb48d-4f60-4901-b324-08311078049f'),
    ('Рыбинск', '72fc0f8f-526c-42de-8def-6774e83e55dd', 'f58fb48d-4f60-4901-b324-08311078049f'),
    ('Тутаев', '8d6fb65a-db1a-4d22-a8a5-0392e79d4780', 'f58fb48d-4f60-4901-b324-08311078049f'),
    ('Углич', '3996d741-80db-447c-97dc-b681d96af421', 'f58fb48d-4f60-4901-b324-08311078049f'),
    ('Ярославль', '2c6e76a1-3d57-4179-8d5b-641463e72281', 'f58fb48d-4f60-4901-b324-08311078049f');
INSERT INTO populated_locality ("name", id, region_id)
VALUES ('Борисоглебский', 'be5524fa-e600-42d3-8498-9585b3c94dfa', 'f58fb48d-4f60-4901-b324-08311078049f'),
    ('Бурмакино', '07f3129a-b594-4082-aa95-9bf2392b1e5a', 'f58fb48d-4f60-4901-b324-08311078049f'),
    ('Ишня', '8db775f4-a100-4570-951d-8e6d67bc8e5a', 'f58fb48d-4f60-4901-b324-08311078049f'),
    ('Константиновский', 'a3854027-4abd-46c2-9967-245f88eda7b6', 'f58fb48d-4f60-4901-b324-08311078049f'),
    ('Красный Профинтерн', 'bdb5cfe5-9245-41f5-b571-95820a837584', 'f58fb48d-4f60-4901-b324-08311078049f'),
    ('Лесная Поляна', 'd4724df1-bc62-497f-b639-e468911b0cff', 'f58fb48d-4f60-4901-b324-08311078049f'),
    ('Некрасовское', 'dd0c98b0-731b-434d-9ae1-06e095d8127a', 'f58fb48d-4f60-4901-b324-08311078049f'),
    ('Петровское', 'f4cb4a00-7bcd-4e13-9b93-cfb385a220f3', 'f58fb48d-4f60-4901-b324-08311078049f'),
    ('Поречье-Рыбное', '8feaaafa-a205-4e5e-bdf3-0222ff7d7e1f', 'f58fb48d-4f60-4901-b324-08311078049f'),
    ('Пречистое', '693a4393-878c-4fa5-9a13-4df7e8cc6ad0', 'f58fb48d-4f60-4901-b324-08311078049f'),
    ('Семибратово', '5f2e1f42-05d0-4c65-87f1-d87313f18f31', 'f58fb48d-4f60-4901-b324-08311078049f');

INSERT INTO region (id, "name", country_id)
VALUES ('22e3c4a5-5830-4457-8514-4fbe167a53ee', 'Еврейская автономная область', 'e7156acf-b118-4a23-92e4-8b2579ed798a');

INSERT INTO populated_locality ("name", id, region_id)
VALUES ('Биробиджан', '6e4f2310-3f87-4b80-b61c-dfd2ea38c963', '22e3c4a5-5830-4457-8514-4fbe167a53ee'),
    ('Облучье', 'bb990d4f-4aba-45bd-be01-0dbecd01db90', '22e3c4a5-5830-4457-8514-4fbe167a53ee'),
    ('Бира', '464c7c46-5fc1-40e3-830f-214ef8f4841e', '22e3c4a5-5830-4457-8514-4fbe167a53ee'),
    ('Биракан', '67ef458b-7f92-4535-967a-f8d043c53dfc', '22e3c4a5-5830-4457-8514-4fbe167a53ee'),
    ('Волочаевка-2', 'aad70570-525b-4863-a71c-68b21f4e4acf', '22e3c4a5-5830-4457-8514-4fbe167a53ee'),
    ('Известковый', '106cb8b3-2bcd-43c1-bd2c-2b525083cccb', '22e3c4a5-5830-4457-8514-4fbe167a53ee'),
    ('Кульдур', '8f1a6812-7d0a-4b11-bbb3-3bea5fca6d7f', '22e3c4a5-5830-4457-8514-4fbe167a53ee'),
    ('Лондоко-завод', 'e5fa7849-1165-41e0-940a-27a70a1725bd', '22e3c4a5-5830-4457-8514-4fbe167a53ee'),
    ('Николаевка', 'e44d1869-784b-483b-bcf7-f0374d7bbbb6', '22e3c4a5-5830-4457-8514-4fbe167a53ee'),
    ('Приамурский', '64495d89-af39-4129-80a6-0342c4e64679', '22e3c4a5-5830-4457-8514-4fbe167a53ee'),
    ('Смидович', 'db7fa873-a73d-4762-b38b-3186b5ec97a2', '22e3c4a5-5830-4457-8514-4fbe167a53ee'),
    ('Теплоозёрск', '698baf14-6010-46cb-9308-33916251b7b4', '22e3c4a5-5830-4457-8514-4fbe167a53ee'),
    ('Хинганск', '6f2669ba-b8c3-46e6-9f07-6e327a52c155', '22e3c4a5-5830-4457-8514-4fbe167a53ee');

INSERT INTO region (id, "name", country_id)
VALUES ('81479d7e-0d44-468d-a6c8-c3f968419ee9', 'Ненецкий автономный округ', 'e7156acf-b118-4a23-92e4-8b2579ed798a');

INSERT INTO populated_locality ("name", id, region_id)
VALUES ('Нарьян-Мар', 'e8e08436-8b33-42c7-8e39-017696f86af2', '81479d7e-0d44-468d-a6c8-c3f968419ee9'),
    ('Амдерма', 'e022c747-7a45-4a6f-9f65-4101df6c5fc6', '81479d7e-0d44-468d-a6c8-c3f968419ee9'),
    ('Бугрино', 'ac7cdf45-aad7-4020-b293-4275e3127b45', '81479d7e-0d44-468d-a6c8-c3f968419ee9'),
    ('Варнек', '68b92a24-9d63-474b-bd4f-35254e5ebc2c', '81479d7e-0d44-468d-a6c8-c3f968419ee9'),
    ('Выучейский', 'c5da8bc5-9662-418d-9942-29f76197c08a', '81479d7e-0d44-468d-a6c8-c3f968419ee9'),
    ('Индига', 'ed85c169-7cee-4e76-ae66-5c89495801f8', '81479d7e-0d44-468d-a6c8-c3f968419ee9'),
    ('Искателей', 'ce820095-b42a-4bfc-b665-a2e4867622c5', '81479d7e-0d44-468d-a6c8-c3f968419ee9'),
    ('Каратайка', '3c6c789a-54ea-48b8-b631-acd731ad1e4d', '81479d7e-0d44-468d-a6c8-c3f968419ee9'),
    ('Красное', 'd0bc268b-60fd-4ae1-93d5-2621936c3760', '81479d7e-0d44-468d-a6c8-c3f968419ee9'),
    ('Нельмин-Нос', '1879e598-d22e-4c56-920d-5facdd23b5d0', '81479d7e-0d44-468d-a6c8-c3f968419ee9'),
    ('Усть-Кара', 'ef3b9fec-0bee-4a08-8789-fc18b0a2ee6b', '81479d7e-0d44-468d-a6c8-c3f968419ee9'),
    ('Харута', 'b36f22a2-1d8e-4454-b3da-9880c069c63e', '81479d7e-0d44-468d-a6c8-c3f968419ee9'),
    ('Хонгурей', '4ce592a0-3180-48dc-9f2b-ca6247de4e05', '81479d7e-0d44-468d-a6c8-c3f968419ee9'),
    ('Хорей-Вер', 'c77ae490-362e-43ad-a089-86914dd02344', '81479d7e-0d44-468d-a6c8-c3f968419ee9');

INSERT INTO region (id, "name", country_id)
VALUES ('13217357-a9a9-487b-b629-f8a31857aa7c', 'Ханты-Мансийский автономный округ - Югра', 'e7156acf-b118-4a23-92e4-8b2579ed798a');

INSERT INTO populated_locality ("name", id, region_id)
VALUES ('Белоярский', '1e4426d2-2403-423a-acb6-c2ddc0eecd0f', '13217357-a9a9-487b-b629-f8a31857aa7c'),
    ('Когалым', '400f1a9e-c7eb-4a69-b0d8-0396fb2f7b27', '13217357-a9a9-487b-b629-f8a31857aa7c'),
    ('Лангепас', '6a8f3e93-2d8e-4de1-8de8-7696c63c4483', '13217357-a9a9-487b-b629-f8a31857aa7c'),
    ('Лянтор', 'd15b2872-3434-4061-bc4a-84d0d22a2fd7', '13217357-a9a9-487b-b629-f8a31857aa7c'),
    ('Мегион', 'f13c9764-5b95-4802-b989-d8c8fb51eab1', '13217357-a9a9-487b-b629-f8a31857aa7c'),
    ('Нефтеюганск', '777964ba-378e-4620-bcca-80fafef0e295', '13217357-a9a9-487b-b629-f8a31857aa7c'),
    ('Нижневартовск', 'af863da7-4699-46d6-94f3-82529afbc441', '13217357-a9a9-487b-b629-f8a31857aa7c'),
    ('Нягань', '42788bfd-9149-4326-bc43-aede739de749', '13217357-a9a9-487b-b629-f8a31857aa7c'),
    ('Покачи', 'a9a99178-2016-44e1-b148-b41f144c41e5', '13217357-a9a9-487b-b629-f8a31857aa7c'),
    ('Пыть-Ях', '6bff145a-4f26-4902-8ff2-b4d7ecedac4f', '13217357-a9a9-487b-b629-f8a31857aa7c'),
    ('Радужный', 'ddabeca6-93ce-4e0f-a5f9-0d55c9807f13', '13217357-a9a9-487b-b629-f8a31857aa7c'),
    ('Советский', '0dc51e20-b3a8-48a1-b117-a64d002d2c51', '13217357-a9a9-487b-b629-f8a31857aa7c'),
    ('Сургут', '1abbd86e-9d32-4ff9-8c04-fffb1475ec52', '13217357-a9a9-487b-b629-f8a31857aa7c'),
    ('Урай', '59f4f37d-6676-4689-a370-6739a3cd29c5', '13217357-a9a9-487b-b629-f8a31857aa7c'),
    ('Ханты-Мансийск', '4b234184-22ff-49ee-a80b-1b81973a5e23', '13217357-a9a9-487b-b629-f8a31857aa7c'),
    ('Югорск', 'd9486235-796f-413b-9f05-0d2e5dc948de', '13217357-a9a9-487b-b629-f8a31857aa7c');
INSERT INTO populated_locality ("name", id, region_id)
VALUES ('Агириш', '1548c8e7-38ab-481f-bb39-9a801ccabb54', '13217357-a9a9-487b-b629-f8a31857aa7c'),
    ('Андра', '09023732-3ec4-4fb3-88f7-36979729cfe6', '13217357-a9a9-487b-b629-f8a31857aa7c'),
    ('Барсово', '1c7831d6-000c-48cf-9333-e83ec9b3db36', '13217357-a9a9-487b-b629-f8a31857aa7c'),
    ('Белый Яр', 'eda9e1e8-f588-4029-98bf-b5bb739816d4', '13217357-a9a9-487b-b629-f8a31857aa7c'),
    ('Берёзово', 'aeccbd5c-b311-42c9-820c-cfb26266f3fa', '13217357-a9a9-487b-b629-f8a31857aa7c'),
    ('Высокий', 'f0f19651-aa57-44bc-8c14-9f66a11a88ad', '13217357-a9a9-487b-b629-f8a31857aa7c'),
    ('Зеленоборск', '9fb9b287-6600-44d8-b85d-78c6c805e4ab', '13217357-a9a9-487b-b629-f8a31857aa7c'),
    ('Игрим', 'f3e3f828-e5ba-4ee8-9664-8149df4c0068', '13217357-a9a9-487b-b629-f8a31857aa7c'),
    ('Излучинск', 'fbbffa2f-521b-4df5-96f7-0461276b01a4', '13217357-a9a9-487b-b629-f8a31857aa7c'),
    ('Коммунистический', '5406172f-0c8b-47a0-b308-6785a1a3bdc1', '13217357-a9a9-487b-b629-f8a31857aa7c'),
    ('Кондинское', '9b07b71c-baf5-4934-8cff-92535af7dbb1', '13217357-a9a9-487b-b629-f8a31857aa7c'),
    ('Куминский', 'df676adb-0603-4662-aa0a-b6a3b4ff6470', '13217357-a9a9-487b-b629-f8a31857aa7c'),
    ('Луговой', '990929b4-fc4a-4263-ab21-12c2427011e5', '13217357-a9a9-487b-b629-f8a31857aa7c'),
    ('Малиновский', '1a2b723b-d1d3-4b81-9c3d-615949c70950', '13217357-a9a9-487b-b629-f8a31857aa7c'),
    ('Междуреченский', '830275ba-779d-4bdd-9f83-bfcec1cdb87b', '13217357-a9a9-487b-b629-f8a31857aa7c'),
    ('Мортка', 'ccefe743-1652-4d71-9c27-cd4927afde36', '13217357-a9a9-487b-b629-f8a31857aa7c'),
    ('Новоаганск', '01f36bcd-854e-430d-9030-78a29e2a5dd0', '13217357-a9a9-487b-b629-f8a31857aa7c'),
    ('Октябрьское', '07e03477-1215-43f7-a1b8-cac08fcb9e5c', '13217357-a9a9-487b-b629-f8a31857aa7c'),
    ('Пионерский', '3aa255bf-aa4f-48bc-9d0b-63deada2dcd3', '13217357-a9a9-487b-b629-f8a31857aa7c'),
    ('Пойковский', '400b95f3-2bb7-4e78-a77b-6d933f0e32b9', '13217357-a9a9-487b-b629-f8a31857aa7c'),
    ('Приобье', 'd4b647bc-7549-4937-b709-005f613c48f3', '13217357-a9a9-487b-b629-f8a31857aa7c'),
    ('Таёжный', 'da598544-c932-40fb-984b-4f81b3236369', '13217357-a9a9-487b-b629-f8a31857aa7c'),
    ('Талинка', 'a49032f9-7e0c-4372-96c2-7e032858eae2', '13217357-a9a9-487b-b629-f8a31857aa7c'),
    ('Фёдоровский', 'aad1c1e9-6e97-421d-aa87-0334c71fe464', '13217357-a9a9-487b-b629-f8a31857aa7c');

INSERT INTO region (id, "name", country_id)
VALUES ('413af0df-f08c-45b5-ac81-668ab59eed70', 'Чукотский автономный округ', 'e7156acf-b118-4a23-92e4-8b2579ed798a');

INSERT INTO populated_locality ("name", id, region_id)
VALUES ('Анадырь', '3760eabd-e0c7-4a8b-b0a2-db47b5960425', '413af0df-f08c-45b5-ac81-668ab59eed70'),
    ('Билибино', '07041bcf-7343-4f70-963d-1716f6536bd8', '413af0df-f08c-45b5-ac81-668ab59eed70'),
    ('Певек', '27a0391d-1f66-4122-9ecd-1c6538e00e75', '413af0df-f08c-45b5-ac81-668ab59eed70');
INSERT INTO populated_locality ("name", id, region_id)
VALUES ('Беринговский', '110e11a5-582b-436e-8629-38ddfd8a81d2', '413af0df-f08c-45b5-ac81-668ab59eed70'),
    ('Мыс Шмидта', 'b8aa7a10-208f-46fc-992e-a74e3e99c5dd', '413af0df-f08c-45b5-ac81-668ab59eed70'),
    ('Провидения', '58aacb98-0fbb-45f8-9ce1-b9bfe13cb94f', '413af0df-f08c-45b5-ac81-668ab59eed70'),
    ('Угольные Копи', 'd1c0c636-6381-4266-b106-55eeb8623c07', '413af0df-f08c-45b5-ac81-668ab59eed70'),
    ('Эгвекинот', '35fb67f8-8ad9-4a20-9cc6-9b174df78db5', '413af0df-f08c-45b5-ac81-668ab59eed70');

INSERT INTO region (id, "name", country_id)
VALUES ('9cdeb837-900d-4f91-8b2e-e30cfd125663', 'Ямало-Ненецкий автономный округ', 'e7156acf-b118-4a23-92e4-8b2579ed798a');

INSERT INTO populated_locality ("name", id, region_id)
VALUES ('Губкинский', 'c5d8a206-e46d-4d53-a394-8405102c65c4', '9cdeb837-900d-4f91-8b2e-e30cfd125663'),
    ('Лабытнанги', 'e29b5602-af43-412a-a18e-5a46c1b898da', '9cdeb837-900d-4f91-8b2e-e30cfd125663'),
    ('Муравленко', 'f1c7c8de-a901-43cd-b043-5028ce46ffa6', '9cdeb837-900d-4f91-8b2e-e30cfd125663'),
    ('Надым', 'c37deb25-2769-455b-aadd-046f8cd6f692', '9cdeb837-900d-4f91-8b2e-e30cfd125663'),
    ('Новый Уренгой', 'ad857001-d912-4889-a38b-702ffbf1ed5a', '9cdeb837-900d-4f91-8b2e-e30cfd125663'),
    ('Ноябрьск', '232a4e43-ccf1-4324-a6e4-57e8f60e16d3', '9cdeb837-900d-4f91-8b2e-e30cfd125663'),
    ('Салехард', 'd6b130df-56e7-4261-94ca-f931335db50d', '9cdeb837-900d-4f91-8b2e-e30cfd125663'),
    ('Тарко-Сале', 'e73298d3-2036-46be-8981-ffc8ed98dcbd', '9cdeb837-900d-4f91-8b2e-e30cfd125663');
INSERT INTO populated_locality ("name", id, region_id)
VALUES ('Заполярный', '538572f8-9b46-413a-8968-7627a0872ce8', '9cdeb837-900d-4f91-8b2e-e30cfd125663'),
    ('Пангоды', '92b8466b-9955-426c-a1f9-1ae0354a2666', '9cdeb837-900d-4f91-8b2e-e30cfd125663'),
    ('Уренгой', 'a9ef6803-0591-429a-ac39-3c82355ea607', '9cdeb837-900d-4f91-8b2e-e30cfd125663'),
    ('Харп', 'b5a79ef8-6cad-44d7-8c4f-963577ea4512', '9cdeb837-900d-4f91-8b2e-e30cfd125663');

-- Беларусь
INSERT INTO country (id, "name")
VALUES ('268fa7de-e565-4db3-998b-f23b097e8ee4', 'Республика Беларусь');

INSERT INTO region (id, "name", country_id)
VALUES ('67bc38bc-4324-4803-8d6d-b26cab29a37f', 'Брестская область', '268fa7de-e565-4db3-998b-f23b097e8ee4');

INSERT INTO populated_locality ("name", id, region_id)
VALUES ('Белоозёрск', '74dad04d-ebdd-45c1-ae7e-1b18d2d2d981', '67bc38bc-4324-4803-8d6d-b26cab29a37f'),
    ('Берёза', '7a4f689b-6e9a-4f91-ba10-7b4301206263', '67bc38bc-4324-4803-8d6d-b26cab29a37f'),
    ('Высокое', 'adac113b-6aa3-4486-9525-fae4a7219e71', '67bc38bc-4324-4803-8d6d-b26cab29a37f'),
    ('Ганцевичи', '982e5be6-5ab0-4e51-be5b-cbbd00aa5f62', '67bc38bc-4324-4803-8d6d-b26cab29a37f'),
    ('Давид-Городок', '78e7bb4b-c0cc-4ef6-b5cf-0a881ccd5b6b', '67bc38bc-4324-4803-8d6d-b26cab29a37f'),
    ('Дрогичин', 'b7284c6a-4ec3-4db0-90d8-3694d152a87f', '67bc38bc-4324-4803-8d6d-b26cab29a37f'),
    ('Жабинка', '246669f2-8093-4bb4-a1cd-dc8657dda8f5', '67bc38bc-4324-4803-8d6d-b26cab29a37f'),
    ('Иваново', '6d89b9e6-7189-4975-b29d-2097f4ab844d', '67bc38bc-4324-4803-8d6d-b26cab29a37f'),
    ('Ивацевичи', '20b11b04-8c0d-48f6-a981-b281b1b216df', '67bc38bc-4324-4803-8d6d-b26cab29a37f'),
    ('Каменец', '3ba65545-d36d-4ef8-ae69-8cfa6bf81b66', '67bc38bc-4324-4803-8d6d-b26cab29a37f'),
    ('Кобрин', 'e7f4a062-3d7c-4480-8457-3acc0bf85a9c', '67bc38bc-4324-4803-8d6d-b26cab29a37f'),
    ('Коссово', '1d6d99f4-8e8e-439c-a81f-d9544e9c8e07', '67bc38bc-4324-4803-8d6d-b26cab29a37f'),
    ('Лунинец', 'ba20cc4a-bd20-4f39-b44a-7d1cc9b241d4', '67bc38bc-4324-4803-8d6d-b26cab29a37f'),
    ('Ляховичи', '6b7bf7ce-affc-493a-8f27-6dd51f614d80', '67bc38bc-4324-4803-8d6d-b26cab29a37f'),
    ('Малорита', '8eae6d18-691d-4690-b983-12b43f59ec5a', '67bc38bc-4324-4803-8d6d-b26cab29a37f'),
    ('Микашевичи', '193d1218-670a-42e8-8bba-e97b5e8f0699', '67bc38bc-4324-4803-8d6d-b26cab29a37f'),
    ('Пружаны', '6482ccb1-5aef-4c70-a151-4ed5643f011e', '67bc38bc-4324-4803-8d6d-b26cab29a37f'),
    ('Столин', '0d5012d9-5941-415a-8c56-3e559895ea4a', '67bc38bc-4324-4803-8d6d-b26cab29a37f'),
    ('Брест', '610e3b45-0786-417d-bc5c-818559767586', '67bc38bc-4324-4803-8d6d-b26cab29a37f'),
    ('Барановичи', 'd0629aa4-a99d-42fb-90cd-2c02931f7133', '67bc38bc-4324-4803-8d6d-b26cab29a37f'),
    ('Пинск', 'c03e50ea-d510-42de-99a4-2bd6b338cb23', '67bc38bc-4324-4803-8d6d-b26cab29a37f');
INSERT INTO populated_locality ("name", id, region_id)
VALUES ('Антополь', '6533b354-b3fb-4054-87e4-a84bf63f4596', '67bc38bc-4324-4803-8d6d-b26cab29a37f'),
    ('Городище', '2bd3dc8f-13b3-451c-a1b9-525740947f03', '67bc38bc-4324-4803-8d6d-b26cab29a37f'),
    ('Домачево', '382a0358-202f-4d08-9441-c0afe22688fa', '67bc38bc-4324-4803-8d6d-b26cab29a37f'),
    ('Логишин', 'b1bfcc2b-95c3-49d5-b191-bea8fa2e50c6', '67bc38bc-4324-4803-8d6d-b26cab29a37f'),
    ('Речица', '40cdc08a-25ab-46a1-b500-10685f00e177', '67bc38bc-4324-4803-8d6d-b26cab29a37f'),
    ('Ружаны', '53bcfb0e-7193-467a-8d3d-7d0de48e1de0', '67bc38bc-4324-4803-8d6d-b26cab29a37f'),
    ('Телеханы', '60b456be-5a17-4fdd-bd48-8893226bc646', '67bc38bc-4324-4803-8d6d-b26cab29a37f'),
    ('Шерешёво', 'c859d1c8-65d4-49d2-9130-94d659ef1d78', '67bc38bc-4324-4803-8d6d-b26cab29a37f');

INSERT INTO region (id, "name", country_id)
VALUES ('f8c2dd9d-9be1-4b5b-ac31-1f5742b85eed', 'Витебская область', '268fa7de-e565-4db3-998b-f23b097e8ee4');

INSERT INTO populated_locality ("name", id, region_id)
VALUES ('Барань', '4c4c9603-c558-49e7-acbe-6e0b8c5378fc', 'f8c2dd9d-9be1-4b5b-ac31-1f5742b85eed'),
    ('Браслав', '42fcd71b-ca07-41ae-b60b-d5f83b723fdd', 'f8c2dd9d-9be1-4b5b-ac31-1f5742b85eed'),
    ('Верхнедвинск', '956dba87-6e92-4cb8-b78e-b4f57226b25f', 'f8c2dd9d-9be1-4b5b-ac31-1f5742b85eed'),
    ('Витебск', 'ce7292cd-5918-4754-88da-26b6db811b9c', 'f8c2dd9d-9be1-4b5b-ac31-1f5742b85eed'),
    ('Глубокое', 'b9462976-c310-4fad-8023-c424d23542a0', 'f8c2dd9d-9be1-4b5b-ac31-1f5742b85eed'),
    ('Городок', 'dd2f56bc-a787-4edf-864f-b59900cf8e1f', 'f8c2dd9d-9be1-4b5b-ac31-1f5742b85eed'),
    ('Дисна', '436e0a33-f880-4968-9299-fae7cc5526cc', 'f8c2dd9d-9be1-4b5b-ac31-1f5742b85eed'),
    ('Докшицы', 'f8736011-4aa8-4f37-bc7b-e6520ef378d2', 'f8c2dd9d-9be1-4b5b-ac31-1f5742b85eed'),
    ('Дубровно', 'a13cf660-3aaf-418f-a6cf-f8e938f782bb', 'f8c2dd9d-9be1-4b5b-ac31-1f5742b85eed'),
    ('Лепель', '2f28c8f8-9f64-496a-b0c5-a02b6a7e9774', 'f8c2dd9d-9be1-4b5b-ac31-1f5742b85eed'),
    ('Миоры', '3d3e7f3e-a9ad-4cf5-8881-7b641fa6f2bf', 'f8c2dd9d-9be1-4b5b-ac31-1f5742b85eed'),
    ('Новолукомль', '46975614-9f45-4982-b1bc-8f188b65dadd', 'f8c2dd9d-9be1-4b5b-ac31-1f5742b85eed'),
    ('Новополоцк', '52cacefd-c653-49da-9a64-601cc77bebea', 'f8c2dd9d-9be1-4b5b-ac31-1f5742b85eed'),
    ('Орша', '1a56f992-96ed-454b-850c-befa55d9b2de', 'f8c2dd9d-9be1-4b5b-ac31-1f5742b85eed'),
    ('Полоцк', '9e6284c9-c23f-4c81-b056-bba331a1ff48', 'f8c2dd9d-9be1-4b5b-ac31-1f5742b85eed'),
    ('Поставы', 'a381e283-06ff-418e-a1f2-6eb7cb0049d4', 'f8c2dd9d-9be1-4b5b-ac31-1f5742b85eed'),
    ('Сенно', '12b161d9-40fd-4cc4-8aec-4975bd7d1b9d', 'f8c2dd9d-9be1-4b5b-ac31-1f5742b85eed'),
    ('Толочин', 'a58fed49-174b-4222-9fe3-0dd46b803238', 'f8c2dd9d-9be1-4b5b-ac31-1f5742b85eed'),
    ('Чашники', '8a49ecd6-36c9-41ae-b608-d0fcd020ccb4', 'f8c2dd9d-9be1-4b5b-ac31-1f5742b85eed');
INSERT INTO populated_locality ("name", id, region_id)
VALUES ('Бегомль', 'c9686a86-1423-4ff5-8eb2-2dff31793e5b', 'f8c2dd9d-9be1-4b5b-ac31-1f5742b85eed'),
    ('Бешенковичи', '8a27bc81-4cf7-442e-ad01-f1edc041cc8b', 'f8c2dd9d-9be1-4b5b-ac31-1f5742b85eed'),
    ('Богушевск', 'faaf7b4c-0c59-4f3e-85b8-cd7862ed5e37', 'f8c2dd9d-9be1-4b5b-ac31-1f5742b85eed'),
    ('Болбасово', '693d655e-2ad3-4f17-8b64-1b21e8a2ae3f', 'f8c2dd9d-9be1-4b5b-ac31-1f5742b85eed'),
    ('Боровуха', '2102d89e-55f3-4d35-b559-7fc1b3a39e9f', 'f8c2dd9d-9be1-4b5b-ac31-1f5742b85eed'),
    ('Ветрино', '8ba19a0b-c418-4c2d-b4e1-fa31d062e548', 'f8c2dd9d-9be1-4b5b-ac31-1f5742b85eed'),
    ('Видзы', '1f59edd1-0189-45ed-9847-64e58050868f', 'f8c2dd9d-9be1-4b5b-ac31-1f5742b85eed'),
    ('Воропаево', '0ed12075-8d0e-4a4b-b099-0f8f83b57cc4', 'f8c2dd9d-9be1-4b5b-ac31-1f5742b85eed'),
    ('Езерище', 'dd4a953c-cd3e-4f43-a03e-2e12f0cbb7ac', 'f8c2dd9d-9be1-4b5b-ac31-1f5742b85eed'),
    ('Копысь', 'f9935595-7b4c-420e-80bb-251f82a46899', 'f8c2dd9d-9be1-4b5b-ac31-1f5742b85eed'),
    ('Коханово', 'da433884-7785-4791-9753-40ab5d2b61f5', 'f8c2dd9d-9be1-4b5b-ac31-1f5742b85eed'),
    ('Лиозно', 'a73fc237-cf31-4846-96d7-0cdb712915f9', 'f8c2dd9d-9be1-4b5b-ac31-1f5742b85eed'),
    ('Лынтупы', 'de8637ca-45c4-4228-b792-d04991082852', 'f8c2dd9d-9be1-4b5b-ac31-1f5742b85eed'),
    ('Оболь', '0bcab60c-932d-4644-a3d0-bad43dd0d7f3', 'f8c2dd9d-9be1-4b5b-ac31-1f5742b85eed'),
    ('Ореховск', 'c83a70e2-25c9-4eb0-82cb-6b6e47bf75b8', 'f8c2dd9d-9be1-4b5b-ac31-1f5742b85eed'),
    ('Освея', '16710e2b-d88e-409f-a6b3-37a438b0eafe', 'f8c2dd9d-9be1-4b5b-ac31-1f5742b85eed'),
    ('Подсвилье', '57ab227a-c50a-494c-9c8f-80fe4588b934', 'f8c2dd9d-9be1-4b5b-ac31-1f5742b85eed'),
    ('Россоны', 'c87664fa-2472-4aad-b8e1-1466c2a3207a', 'f8c2dd9d-9be1-4b5b-ac31-1f5742b85eed'),
    ('Сураж', 'a966086c-e029-49f8-a04e-d1a253be1a35', 'f8c2dd9d-9be1-4b5b-ac31-1f5742b85eed'),
    ('Ушачи', '990a865e-3797-4452-a62a-87dc95d926a7', 'f8c2dd9d-9be1-4b5b-ac31-1f5742b85eed'),
    ('Шарковщина', '7a319852-4169-4db8-a7e8-257b49a44609', 'f8c2dd9d-9be1-4b5b-ac31-1f5742b85eed'),
    ('Шумилино', 'af9a2021-2e4f-40bd-98fb-ee74d7ad41b9', 'f8c2dd9d-9be1-4b5b-ac31-1f5742b85eed'),
    ('Яновичи', 'fad04bbe-c664-40e6-a215-42eb41329900', 'f8c2dd9d-9be1-4b5b-ac31-1f5742b85eed');

INSERT INTO region (id, "name", country_id)
VALUES ('900b0eb8-35c6-487b-beba-2e9cd51ca6aa', 'Гомельская область', '268fa7de-e565-4db3-998b-f23b097e8ee4');

INSERT INTO populated_locality ("name", id, region_id)
VALUES ('Буда-Кошелёво', 'bccedf6a-3289-4ae0-9c6e-d37f1fa4d5d8', '900b0eb8-35c6-487b-beba-2e9cd51ca6aa'),
    ('Василевичи', '910962e2-d368-46a0-b176-cd2a18034882', '900b0eb8-35c6-487b-beba-2e9cd51ca6aa'),
    ('Ветка', '962ac32e-f33e-48d0-a1a7-f7a6b98a5f0b', '900b0eb8-35c6-487b-beba-2e9cd51ca6aa'),
    ('Гомель', 'ddad92eb-bc55-4518-9174-9b88068bee56', '900b0eb8-35c6-487b-beba-2e9cd51ca6aa'),
    ('Добруш', 'cf688ea9-bbd1-4750-9a8c-70c99a47c126', '900b0eb8-35c6-487b-beba-2e9cd51ca6aa'),
    ('Ельск', 'aec688a3-3dd0-43d5-9160-4c786b0b46d4', '900b0eb8-35c6-487b-beba-2e9cd51ca6aa'),
    ('Житковичи', 'a9de7e36-c517-47d9-b981-204bb3e62fe7', '900b0eb8-35c6-487b-beba-2e9cd51ca6aa'),
    ('Жлобин', 'a70deeec-2fae-490c-b4b4-13d5f1fd2f5e', '900b0eb8-35c6-487b-beba-2e9cd51ca6aa'),
    ('Калинковичи', '62f487fd-b4fb-4551-86d3-296e4837578b', '900b0eb8-35c6-487b-beba-2e9cd51ca6aa'),
    ('Мозырь', 'e7262bf2-08d7-4538-a1f4-b0c96cd0fe3c', '900b0eb8-35c6-487b-beba-2e9cd51ca6aa'),
    ('Наровля', '51144e74-f97e-49d4-95d3-30bdd552f0a2', '900b0eb8-35c6-487b-beba-2e9cd51ca6aa'),
    ('Петриков', 'b590af8e-0780-4664-883b-61a9b024c9ab', '900b0eb8-35c6-487b-beba-2e9cd51ca6aa'),
    ('Речица', 'ca0a97dc-a93b-4b39-8810-eb54293aa608', '900b0eb8-35c6-487b-beba-2e9cd51ca6aa'),
    ('Рогачёв', '1a65b3fe-7585-4bd0-9062-4a2e4bd0506a', '900b0eb8-35c6-487b-beba-2e9cd51ca6aa'),
    ('Светлогорск', '5175d88c-de89-4962-aee3-103e6f56c5c6', '900b0eb8-35c6-487b-beba-2e9cd51ca6aa'),
    ('Туров', '4b5224fa-2573-4f3b-bf45-493aa5405ba4', '900b0eb8-35c6-487b-beba-2e9cd51ca6aa'),
    ('Хойники', '7658d029-9233-4b5c-b8d4-845320eed960', '900b0eb8-35c6-487b-beba-2e9cd51ca6aa'),
    ('Чечерск', 'a2c5d0d4-fcb7-432c-852a-e35e788dca91', '900b0eb8-35c6-487b-beba-2e9cd51ca6aa');
INSERT INTO populated_locality ("name", id, region_id)
VALUES ('Большевик', 'aaad29d2-1448-45a1-874f-d0ecb00d1062', '900b0eb8-35c6-487b-beba-2e9cd51ca6aa'),
    ('Брагин', '021f8173-36c7-4b4a-ade2-18c138ff69e3', '900b0eb8-35c6-487b-beba-2e9cd51ca6aa'),
    ('Заречье', 'a7f26a07-92bb-41dd-94a6-49bda7fb6ac3', '900b0eb8-35c6-487b-beba-2e9cd51ca6aa'),
    ('Комарин', 'f2a6d2c9-1af3-41af-8827-eabd55d0b8f6', '900b0eb8-35c6-487b-beba-2e9cd51ca6aa'),
    ('Копаткевичи', '1a9da8c1-ed62-4ff0-af47-e873f83da686', '900b0eb8-35c6-487b-beba-2e9cd51ca6aa'),
    ('Корма', '1810afe3-f1e0-4805-9d5d-a7ca93818b21', '900b0eb8-35c6-487b-beba-2e9cd51ca6aa'),
    ('Костюковка', 'b434165f-5db6-40e1-931b-11a21df506ad', '900b0eb8-35c6-487b-beba-2e9cd51ca6aa'),
    ('Лельчицы', '92c4b9b8-c30a-46e2-9641-8db79ad24bd4', '900b0eb8-35c6-487b-beba-2e9cd51ca6aa'),
    ('Лоев', 'b434f0eb-712f-4428-8fc2-b16c23e7b006', '900b0eb8-35c6-487b-beba-2e9cd51ca6aa'),
    ('Озаричи', 'a28251ec-45fb-4b1b-8beb-716ca406cefc', '900b0eb8-35c6-487b-beba-2e9cd51ca6aa'),
    ('Октябрьский', 'e5fefae6-b3dd-4ea7-b668-4b724ccb2ca8', '900b0eb8-35c6-487b-beba-2e9cd51ca6aa'),
    ('Паричи', 'd0f017ac-0f40-44a6-83cc-8766459efcbe', '900b0eb8-35c6-487b-beba-2e9cd51ca6aa'),
    ('Сосновый Бор', '261fb929-e2b0-47f7-bc1b-478572132c78', '900b0eb8-35c6-487b-beba-2e9cd51ca6aa'),
    ('Стрешин', '06b6c51d-14eb-4a4e-b889-b052f2dc53c3', '900b0eb8-35c6-487b-beba-2e9cd51ca6aa'),
    ('Тереховка', 'ad394321-d35d-4848-b68f-b1530d1e56e5', '900b0eb8-35c6-487b-beba-2e9cd51ca6aa'),
    ('Уваровичи', '3e6a74bf-0f3d-4a7d-8653-3fab8007be98', '900b0eb8-35c6-487b-beba-2e9cd51ca6aa');

INSERT INTO region (id, "name", country_id)
VALUES ('b94a35ca-67a6-468e-afda-f95d3d66df9c', 'Гродненская область', '268fa7de-e565-4db3-998b-f23b097e8ee4');

INSERT INTO populated_locality ("name", id, region_id)
VALUES ('Гродно', '19e4ae03-a350-42be-aa63-aa46f3d6b2cc', 'b94a35ca-67a6-468e-afda-f95d3d66df9c'),
    ('Берёзовка', '55fb29bf-12db-41c7-b49b-8abd73c75b38', 'b94a35ca-67a6-468e-afda-f95d3d66df9c'),
    ('Волковыск', 'dce15984-a5cf-419a-b91d-dc8a2a8c2537', 'b94a35ca-67a6-468e-afda-f95d3d66df9c'),
    ('Дятлово', '2618c702-8652-441f-9a56-0c5ddf07f1a9', 'b94a35ca-67a6-468e-afda-f95d3d66df9c'),
    ('Ивье', '9a258194-b749-4821-bf1b-f32d66b5ea69', 'b94a35ca-67a6-468e-afda-f95d3d66df9c'),
    ('Лида', '192502e2-765e-4c56-8a36-9dcdf599a681', 'b94a35ca-67a6-468e-afda-f95d3d66df9c'),
    ('Мосты', 'f27249f0-2f8e-4415-8def-25765848f1dd', 'b94a35ca-67a6-468e-afda-f95d3d66df9c'),
    ('Новогрудок', 'a8db407a-1017-4eab-b02e-d624e595070e', 'b94a35ca-67a6-468e-afda-f95d3d66df9c'),
    ('Островец', '1d16f7ef-c37c-40a9-bed1-f835c18bcaf1', 'b94a35ca-67a6-468e-afda-f95d3d66df9c'),
    ('Ошмяны', 'f2dc577c-d420-4a51-adcf-b8e6f57ad849', 'b94a35ca-67a6-468e-afda-f95d3d66df9c'),
    ('Скидель', 'cecd0323-8ed4-4746-83e5-baf4abff364a', 'b94a35ca-67a6-468e-afda-f95d3d66df9c'),
    ('Слоним', '4cc13f6f-ef62-4b30-a467-d70abf342c89', 'b94a35ca-67a6-468e-afda-f95d3d66df9c'),
    ('Сморгонь', 'd109612e-0928-4e51-8cf5-5d82dc7b51b1', 'b94a35ca-67a6-468e-afda-f95d3d66df9c'),
    ('Щучин', '486a28b5-00e3-4765-8413-5b3c5715e62b', 'b94a35ca-67a6-468e-afda-f95d3d66df9c');
INSERT INTO populated_locality ("name", id, region_id)
VALUES ('Большая Берестовица', '2c644997-a781-4624-a369-b6bec20862ca', 'b94a35ca-67a6-468e-afda-f95d3d66df9c'),
    ('Вороново', '3046870d-2272-4209-9388-adaa68147398', 'b94a35ca-67a6-468e-afda-f95d3d66df9c'),
    ('Желудок', '68b61de3-350a-42d4-b3d5-d8a3f7bbe342', 'b94a35ca-67a6-468e-afda-f95d3d66df9c'),
    ('Зельва', 'a492dfea-d193-4b40-93bd-2c49252a4699', 'b94a35ca-67a6-468e-afda-f95d3d66df9c'),
    ('Козловщина', '2ca9d1e6-d892-477a-b334-c52f8ce338fb', 'b94a35ca-67a6-468e-afda-f95d3d66df9c'),
    ('Кореличи', '2c9bf134-ece3-445f-9fd2-cb7ef3429aba', 'b94a35ca-67a6-468e-afda-f95d3d66df9c'),
    ('Красносельский', '0041af34-3610-4a0f-b934-980b16c002c2', 'b94a35ca-67a6-468e-afda-f95d3d66df9c'),
    ('Любча', 'e7249540-7386-416c-8fc0-4d2d0a0dd409', 'b94a35ca-67a6-468e-afda-f95d3d66df9c'),
    ('Мир', '92daeafd-c99f-4cd5-8549-38e46111c40c', 'b94a35ca-67a6-468e-afda-f95d3d66df9c'),
    ('Новоельня', '7ee6ff23-7870-4295-8c45-ebb8870ca688', 'b94a35ca-67a6-468e-afda-f95d3d66df9c'),
    ('Острино', '8025af91-dd42-4756-910a-3a0b7118deb9', 'b94a35ca-67a6-468e-afda-f95d3d66df9c'),
    ('Порозово', '91c7f8d8-b094-488c-a4ab-eb857e8df4a5', 'b94a35ca-67a6-468e-afda-f95d3d66df9c'),
    ('Радунь', '1479787b-e669-4837-9845-a5e559a76eac', 'b94a35ca-67a6-468e-afda-f95d3d66df9c'),
    ('Россь', 'b712b21f-709e-48ec-841d-b873587b8e9f', 'b94a35ca-67a6-468e-afda-f95d3d66df9c'),
    ('Сопоцкин', '16baed59-50a1-44e7-a8a7-4277b04e47b1', 'b94a35ca-67a6-468e-afda-f95d3d66df9c'),
    ('Юратишки', '6e52f41c-eba0-4638-9400-496f5315392b', 'b94a35ca-67a6-468e-afda-f95d3d66df9c');

INSERT INTO region (id, "name", country_id)
VALUES ('f3f18dd3-8d3f-4629-aa8b-3d63c3d117e0', 'Минская область', '268fa7de-e565-4db3-998b-f23b097e8ee4');

INSERT INTO populated_locality ("name", id, region_id)
VALUES ('Березино', 'f9856dbc-e14a-4625-9cbf-0c6a4ef359b2', 'f3f18dd3-8d3f-4629-aa8b-3d63c3d117e0'),
    ('Борисов', 'f7dfa989-ba46-47c6-841a-6190664c7e53', 'f3f18dd3-8d3f-4629-aa8b-3d63c3d117e0'),
    ('Вилейка', '49fabe1b-ee68-4d59-8b82-3c882efaf503', 'f3f18dd3-8d3f-4629-aa8b-3d63c3d117e0'),
    ('Воложин', 'ae1ea061-426c-47ba-a29a-0d4f32f13a86', 'f3f18dd3-8d3f-4629-aa8b-3d63c3d117e0'),
    ('Дзержинск', 'fed760b4-dd85-4299-99c5-252b03c5d609', 'f3f18dd3-8d3f-4629-aa8b-3d63c3d117e0'),
    ('Жодино', '1628dc6d-a5c5-450a-b98a-667f0c1e4c66', 'f3f18dd3-8d3f-4629-aa8b-3d63c3d117e0'),
    ('Заславль', '246dd2ee-c3a0-4fe8-9bc1-1e921fd8ad71', 'f3f18dd3-8d3f-4629-aa8b-3d63c3d117e0'),
    ('Клецк', '09ee57d5-3313-43bc-8e97-2b3e27ab6cbf', 'f3f18dd3-8d3f-4629-aa8b-3d63c3d117e0'),
    ('Копыль', '89b4aea4-a2dd-4e8f-a8c9-da27821bd771', 'f3f18dd3-8d3f-4629-aa8b-3d63c3d117e0'),
    ('Крупки', '788b686f-b8f3-4f1b-a171-45c55bb56594', 'f3f18dd3-8d3f-4629-aa8b-3d63c3d117e0'),
    ('Логойск', 'fc502de4-7d96-4f8b-b8e7-9c62d9d213a4', 'f3f18dd3-8d3f-4629-aa8b-3d63c3d117e0'),
    ('Любань', 'd89a1243-19be-4a71-afa5-dc3dde99d714', 'f3f18dd3-8d3f-4629-aa8b-3d63c3d117e0'),
    ('Марьина Горка', 'fa89444a-4566-4915-af87-c6b75d778ccc', 'f3f18dd3-8d3f-4629-aa8b-3d63c3d117e0'),
    ('Минск', 'd98d8ebd-50e9-4fce-a39c-3bbaad6cea2e', 'f3f18dd3-8d3f-4629-aa8b-3d63c3d117e0'),
    ('Молодечно', '0bc422e8-e25c-42f8-b284-c2b216f3281b', 'f3f18dd3-8d3f-4629-aa8b-3d63c3d117e0'),
    ('Мядель', '74322648-1e77-4262-9192-32074f828455', 'f3f18dd3-8d3f-4629-aa8b-3d63c3d117e0'),
    ('Несвиж', '6e0f6995-2a11-4ebd-af4a-d3b84258ee6f', 'f3f18dd3-8d3f-4629-aa8b-3d63c3d117e0'),
    ('Слуцк', 'd47c3e7d-45a8-4953-a1e0-830a833c5fd0', 'f3f18dd3-8d3f-4629-aa8b-3d63c3d117e0'),
    ('Смолевичи', 'b778458a-7381-4578-9a80-ae5d61c78a97', 'f3f18dd3-8d3f-4629-aa8b-3d63c3d117e0'),
    ('Солигорск', '0234e8ed-7e6f-4f61-bd5d-dbd9a25d505f', 'f3f18dd3-8d3f-4629-aa8b-3d63c3d117e0'),
    ('Старые Дороги', 'ace6a535-8935-4ee6-bd2c-6d5fb7b53659', 'f3f18dd3-8d3f-4629-aa8b-3d63c3d117e0'),
    ('Столбцы', 'f17fdbdb-cadf-4e6b-b433-106e3478059a', 'f3f18dd3-8d3f-4629-aa8b-3d63c3d117e0'),
    ('Узда', '9bc9e2ac-8d3e-410f-a5d6-64ecb7f33b51', 'f3f18dd3-8d3f-4629-aa8b-3d63c3d117e0'),
    ('Фаниполь', '873a99ee-d857-4ad6-8333-d34afc9ad538', 'f3f18dd3-8d3f-4629-aa8b-3d63c3d117e0'),
    ('Червень', 'e9bb3393-78ab-4b28-8092-7c9149a95a05', 'f3f18dd3-8d3f-4629-aa8b-3d63c3d117e0');
INSERT INTO populated_locality ("name", id, region_id)
VALUES ('Бобр', 'd063b5bc-e3dc-4643-9276-60e02f538980', 'f3f18dd3-8d3f-4629-aa8b-3d63c3d117e0'),
    ('Городея', '042583ad-3931-4f1f-b93a-cb8e93a09b34', 'f3f18dd3-8d3f-4629-aa8b-3d63c3d117e0'),
    ('Зелёный Бор', 'b41c8c81-66b2-42e0-8318-a7e0cc0c328c', 'f3f18dd3-8d3f-4629-aa8b-3d63c3d117e0'),
    ('Ивенец', '47d71da1-b53c-4974-a647-b70bb01d3e15', 'f3f18dd3-8d3f-4629-aa8b-3d63c3d117e0'),
    ('Красная Слобода', '777a9421-3d77-408a-95f5-c4811a7ecf6b', 'f3f18dd3-8d3f-4629-aa8b-3d63c3d117e0'),
    ('Кривичи', 'de810c9b-0c02-447f-8430-93889153dac9', 'f3f18dd3-8d3f-4629-aa8b-3d63c3d117e0'),
    ('Мачулищи', '2b22ca1d-cc84-4e49-8312-a6e73e87ceb9', 'f3f18dd3-8d3f-4629-aa8b-3d63c3d117e0'),
    ('Нарочь', 'b6b2c583-ac60-477e-9bc0-3408cdc108c7', 'f3f18dd3-8d3f-4629-aa8b-3d63c3d117e0'),
    ('Плещеницы', '8eb1af8f-2749-4e50-8eff-ba0e756473d8', 'f3f18dd3-8d3f-4629-aa8b-3d63c3d117e0'),
    ('Правдинский', 'be761970-2ad6-4d96-b055-91d5b2aaefa2', 'f3f18dd3-8d3f-4629-aa8b-3d63c3d117e0'),
    ('Радошковичи', '1b028926-90a4-4533-ac2e-ffaf79f52788', 'f3f18dd3-8d3f-4629-aa8b-3d63c3d117e0'),
    ('Руденск', '88432e05-efd0-4bcc-bce2-af7eacb608d7', 'f3f18dd3-8d3f-4629-aa8b-3d63c3d117e0'),
    ('Свирь', 'c4621281-ea9c-4db7-a3ae-3114009b5bd6', 'f3f18dd3-8d3f-4629-aa8b-3d63c3d117e0'),
    ('Свислочь', 'c3be3067-f1a7-42e2-b2eb-38d3375993e8', 'f3f18dd3-8d3f-4629-aa8b-3d63c3d117e0'),
    ('Смиловичи', '6934f196-9b68-45c4-bdb2-58d74255193d', 'f3f18dd3-8d3f-4629-aa8b-3d63c3d117e0'),
    ('Старобин', 'f0e6c16a-eac2-46d9-801b-d50a9b712d65', 'f3f18dd3-8d3f-4629-aa8b-3d63c3d117e0'),
    ('Уречье', 'd71f36b1-dee7-4800-bd07-8f50cef5c87a', 'f3f18dd3-8d3f-4629-aa8b-3d63c3d117e0'),
    ('Холопеничи', '137e7641-72a2-4aa2-b89c-32c49765a59b', 'f3f18dd3-8d3f-4629-aa8b-3d63c3d117e0');

INSERT INTO region (id, "name", country_id)
VALUES ('5c31a9df-6ded-4257-a80d-8d66d8f63360', 'Могилёвская область', '268fa7de-e565-4db3-998b-f23b097e8ee4');

INSERT INTO populated_locality ("name", id, region_id)
VALUES ('Белыничи', '0950333b-b3ad-4657-9dfb-ce6c296b2db2', '5c31a9df-6ded-4257-a80d-8d66d8f63360'),
    ('Бобруйск', 'a428714a-db17-4ee1-bb3a-1ba7cf108944', '5c31a9df-6ded-4257-a80d-8d66d8f63360'),
    ('Быхов', 'abf260fe-4c4a-4f57-9858-c7c93bfc763f', '5c31a9df-6ded-4257-a80d-8d66d8f63360'),
    ('Горки', '14532771-f61a-4afe-9eaf-0f330c8b8509', '5c31a9df-6ded-4257-a80d-8d66d8f63360'),
    ('Кировск', 'addd06ac-c569-4164-8ff5-55d6afd7f102', '5c31a9df-6ded-4257-a80d-8d66d8f63360'),
    ('Климовичи', '2d1d6357-16ec-4a7a-87de-06a7017cfa81', '5c31a9df-6ded-4257-a80d-8d66d8f63360'),
    ('Кличев', '87c2a175-3e14-45fd-9499-7fdbcc5b3417', '5c31a9df-6ded-4257-a80d-8d66d8f63360'),
    ('Костюковичи', 'c6d0005a-962c-49f3-b8df-c234ceb18c1f', '5c31a9df-6ded-4257-a80d-8d66d8f63360'),
    ('Кричев', '970c0ae6-71c9-48fe-92fa-7ec210c504de', '5c31a9df-6ded-4257-a80d-8d66d8f63360'),
    ('Круглое', '2710024a-880c-4d8a-883d-47f7db0f502d', '5c31a9df-6ded-4257-a80d-8d66d8f63360'),
    ('Могилёв', '75afdfe1-c932-4ae3-8147-2ab592a9c28e', '5c31a9df-6ded-4257-a80d-8d66d8f63360'),
    ('Мстиславль', '28053ce9-cc66-4baa-9e31-d63da3993836', '5c31a9df-6ded-4257-a80d-8d66d8f63360'),
    ('Осиповичи', 'f02b42e6-af9c-4788-9977-ae31deff5b64', '5c31a9df-6ded-4257-a80d-8d66d8f63360'),
    ('Славгород', '244ee3c7-81d8-4b31-8388-a651ad36f56a', '5c31a9df-6ded-4257-a80d-8d66d8f63360'),
    ('Чаусы', 'ae58416a-e75b-4f73-930d-91cc444c6cce', '5c31a9df-6ded-4257-a80d-8d66d8f63360'),
    ('Чериков', '8877e349-7603-4daf-81ec-04aca77e44c7', '5c31a9df-6ded-4257-a80d-8d66d8f63360'),
    ('Шклов', 'e257930d-43cd-457d-9c8d-a9238c9c1a80', '5c31a9df-6ded-4257-a80d-8d66d8f63360');
INSERT INTO populated_locality ("name", id, region_id)
VALUES ('Глуск', 'db7ebfb9-9bef-4c2a-886b-3272c8ce93e6', '5c31a9df-6ded-4257-a80d-8d66d8f63360'),
    ('Дрибин', 'da9f0e08-fd30-4b1d-967f-3c66d8c921ec', '5c31a9df-6ded-4257-a80d-8d66d8f63360'),
    ('Елизово', 'fd94f640-fefd-4eb4-bece-38d32da68956', '5c31a9df-6ded-4257-a80d-8d66d8f63360'),
    ('Краснополье', '4bf98833-41b9-42ba-9172-72ee3bb53b57', '5c31a9df-6ded-4257-a80d-8d66d8f63360'),
    ('Татарка', '5edbfc9d-b0d8-4dc0-8db1-119c0576b053', '5c31a9df-6ded-4257-a80d-8d66d8f63360'),
    ('Хотимск', 'd11252c1-8a78-4631-98e9-b92b4d2383f9', '5c31a9df-6ded-4257-a80d-8d66d8f63360');

-- Казахстан
INSERT INTO country (id, "name")
VALUES ('33a5e84b-67a8-41b9-b2f0-5aa4c2268858', 'Республика Казахстан');

INSERT INTO region (id, "name", country_id)
VALUES ('e1aab859-442b-47cd-8e3f-375bf31c1791', 'Акмолинская область', '33a5e84b-67a8-41b9-b2f0-5aa4c2268858');

INSERT INTO populated_locality ("name", id, region_id)
VALUES ('Акколь', '643ae036-e0c0-4772-af5a-7b40a03c1f75', 'e1aab859-442b-47cd-8e3f-375bf31c1791'),
    ('Атбасар', 'a0115c06-eea1-4c0f-a77c-a48fbb9c3c1a', 'e1aab859-442b-47cd-8e3f-375bf31c1791'),
    ('Державинск', '5e2002c5-7e3e-4457-8070-d78793f4d0c1', 'e1aab859-442b-47cd-8e3f-375bf31c1791'),
    ('Ерейментау', '4ac0e134-c79c-4b3d-8900-7389e7529c11', 'e1aab859-442b-47cd-8e3f-375bf31c1791'),
    ('Есиль', 'c2d65d03-4cba-462e-a2c5-9fe6e3ad8ebe', 'e1aab859-442b-47cd-8e3f-375bf31c1791'),
    ('Кокшетау', '712008a4-8ac8-48e6-a8d2-d1d6911a4ab2', 'e1aab859-442b-47cd-8e3f-375bf31c1791'),
    ('Макинск', 'ed57e689-d2da-4496-917e-c3dca282bc7b', 'e1aab859-442b-47cd-8e3f-375bf31c1791'),
    ('Степногорск', '8348e97a-b8d2-4c6e-b81e-a14fe56ce915', 'e1aab859-442b-47cd-8e3f-375bf31c1791'),
    ('Степняк', '655f2439-ddd0-44d2-b270-c1639023081b', 'e1aab859-442b-47cd-8e3f-375bf31c1791'),
    ('Щучинск', '0cf7f097-3794-481c-a9dd-41ce0d313743', 'e1aab859-442b-47cd-8e3f-375bf31c1791');
INSERT INTO populated_locality ("name", id, region_id)
VALUES ('Айдабол', '68e46cfe-9a27-4c48-91a8-dd2db9363dc5', 'e1aab859-442b-47cd-8e3f-375bf31c1791'),
    ('Аксу', 'b23cfd12-6b48-4344-b3c4-751836efedba', 'e1aab859-442b-47cd-8e3f-375bf31c1791'),
    ('Алексеевка', 'afc13236-605d-459e-a32f-52237b929f89', 'e1aab859-442b-47cd-8e3f-375bf31c1791'),
    ('Аршалы', '286527df-74aa-44ca-ac21-ec671ee41118', 'e1aab859-442b-47cd-8e3f-375bf31c1791'),
    ('Бестобе', 'c9820847-d9f3-4dad-a567-767d55d7529e', 'e1aab859-442b-47cd-8e3f-375bf31c1791'),
    ('Бурабай', '4cfaf3fd-66db-463e-a58d-a352a4b1f7cb', 'e1aab859-442b-47cd-8e3f-375bf31c1791'),
    ('Красногорский', 'f9228263-d6fe-4006-a54a-e16ec585c8a4', 'e1aab859-442b-47cd-8e3f-375bf31c1791'),
    ('Станционный', 'aaa2e1c8-9928-4eeb-a4cf-46321d6cd64f', 'e1aab859-442b-47cd-8e3f-375bf31c1791'),
    ('Шантобе', '42d24e7f-0e50-48cb-b24b-b070e2dedfb4', 'e1aab859-442b-47cd-8e3f-375bf31c1791'),
    ('Шортанды', '45d95544-4faa-4c71-8373-9f339c5989a5', 'e1aab859-442b-47cd-8e3f-375bf31c1791'),
    ('Акмол', 'd241e9fe-be75-449c-8dfa-50125fb85d2c', 'e1aab859-442b-47cd-8e3f-375bf31c1791'),
    ('Балкашино', '3537fbb7-9051-4d8f-95a9-53285622f925', 'e1aab859-442b-47cd-8e3f-375bf31c1791'),
    ('Егиндыколь', '6b441445-3aee-418f-bf4d-583d08a340b4', 'e1aab859-442b-47cd-8e3f-375bf31c1791'),
    ('Жаксы', 'ed79059b-0394-4fb2-a974-82ba334d6946', 'e1aab859-442b-47cd-8e3f-375bf31c1791'),
    ('Заозёрное', '4b46a682-5396-4f31-ac38-7301dea856d4', 'e1aab859-442b-47cd-8e3f-375bf31c1791'),
    ('Зеренда', '243fac68-3c93-4cbf-bd15-2ba94d21e8bc', 'e1aab859-442b-47cd-8e3f-375bf31c1791'),
    ('Коргалжын', '8132873a-7f53-43f4-adc1-763a94a93c54', 'e1aab859-442b-47cd-8e3f-375bf31c1791');

INSERT INTO region (id, "name", country_id)
VALUES ('88ac67ae-185b-43f1-926f-e6f4cc3bdcbb', 'Актюбинская область', '33a5e84b-67a8-41b9-b2f0-5aa4c2268858');

INSERT INTO populated_locality ("name", id, region_id)
VALUES ('Актобе', '85180f5b-e85c-476c-b938-2032dae87c4f', '88ac67ae-185b-43f1-926f-e6f4cc3bdcbb'),
    ('Алга', '75d7d147-462f-47d2-909b-c6420e79151a', '88ac67ae-185b-43f1-926f-e6f4cc3bdcbb'),
    ('Жем', '0b76e6b2-9366-4adb-922a-a282a7db3981', '88ac67ae-185b-43f1-926f-e6f4cc3bdcbb'),
    ('Кандыагаш', '57c27669-2065-4d72-91dd-3c5411431e09', '88ac67ae-185b-43f1-926f-e6f4cc3bdcbb'),
    ('Темир', '3266ad16-fa10-4b04-9041-988954ec93f7', '88ac67ae-185b-43f1-926f-e6f4cc3bdcbb'),
    ('Хромтау', '86466431-5561-493c-967a-5965564964de', '88ac67ae-185b-43f1-926f-e6f4cc3bdcbb'),
    ('Шалкар', '60451b72-9762-45ea-84a2-a134685440e9', '88ac67ae-185b-43f1-926f-e6f4cc3bdcbb'),
    ('Эмба', '4ef4a5bf-69ee-4df3-b3c9-835e42105cd4', '88ac67ae-185b-43f1-926f-e6f4cc3bdcbb');
INSERT INTO populated_locality ("name", id, region_id)
VALUES ('Шубаркудук', '9d9e654a-a900-4578-a05c-4d66ddd1b78e', '88ac67ae-185b-43f1-926f-e6f4cc3bdcbb'),
    ('Шубарши', '73f8fced-ca90-4dd0-b670-983f6b1f4d4e', '88ac67ae-185b-43f1-926f-e6f4cc3bdcbb'),
    ('Бадамша', '587afae4-4d63-4170-8866-b9fa020cb83f', '88ac67ae-185b-43f1-926f-e6f4cc3bdcbb'),
    ('Иргиз', '775f9595-e1d7-4256-83e0-659aad108745', '88ac67ae-185b-43f1-926f-e6f4cc3bdcbb'),
    ('Карауылкельды', '94b91530-9ecb-4fa1-850b-612fe3771a27', '88ac67ae-185b-43f1-926f-e6f4cc3bdcbb'),
    ('Кобда', '4f0ee7b0-7b66-457c-bfe9-444ec556e596', '88ac67ae-185b-43f1-926f-e6f4cc3bdcbb'),
    ('Комсомольское', '73caa0ec-38cc-49e9-9ce4-d9b8e1570388', '88ac67ae-185b-43f1-926f-e6f4cc3bdcbb'),
    ('Мартук', '3e034a3d-2b7b-4c23-9eaf-3e268ae777af', '88ac67ae-185b-43f1-926f-e6f4cc3bdcbb'),
    ('Уил', 'fb28af7d-8e64-49b9-922d-c9fa92e73263', '88ac67ae-185b-43f1-926f-e6f4cc3bdcbb');

INSERT INTO region (id, "name", country_id)
VALUES ('663a9cad-7c46-48bd-91a5-ca52ac16e838', 'Алматинская область', '33a5e84b-67a8-41b9-b2f0-5aa4c2268858');

INSERT INTO populated_locality ("name", id, region_id)
VALUES ('Есик', '4487093c-43e8-455c-bbe2-1bf79f62fcc4', '663a9cad-7c46-48bd-91a5-ca52ac16e838'),
    ('Жаркент', '7f6039bf-61d6-43c9-aff0-316230417880', '663a9cad-7c46-48bd-91a5-ca52ac16e838'),
    ('Капшагай', 'a3784806-45cb-4619-b6a3-98bc67920b4e', '663a9cad-7c46-48bd-91a5-ca52ac16e838'),
    ('Каскелен', '6fde3cae-70ea-41fa-ad3c-d7da7b237271', '663a9cad-7c46-48bd-91a5-ca52ac16e838'),
    ('Сарканд', 'b625b473-9875-4c2b-815c-3723332d6274', '663a9cad-7c46-48bd-91a5-ca52ac16e838'),
    ('Талгар', 'e91a0556-f5fe-46b7-81fe-84b802994a78', '663a9cad-7c46-48bd-91a5-ca52ac16e838'),
    ('Талдыкорган', '09aaef8f-d088-4639-a78b-84e2a11f72a3', '663a9cad-7c46-48bd-91a5-ca52ac16e838'),
    ('Текели', '94780ce0-0728-43ba-b2c0-5436bfc8f1d9', '663a9cad-7c46-48bd-91a5-ca52ac16e838'),
    ('Ушарал', '2fe8556f-8c28-4763-94ff-d88ea3a3a150', '663a9cad-7c46-48bd-91a5-ca52ac16e838'),
    ('Уштобе', '5202bd78-fc4b-4414-bc5c-ec0d105c077c', '663a9cad-7c46-48bd-91a5-ca52ac16e838');
INSERT INTO populated_locality ("name", id, region_id)
VALUES ('Балпык-Би', 'c0ed8b6d-3d11-4942-a6c2-708b2f0ac4ea', '663a9cad-7c46-48bd-91a5-ca52ac16e838'),
    ('Боралдай', 'a6c023e7-6977-4aad-a800-a377fb4bece1', '663a9cad-7c46-48bd-91a5-ca52ac16e838'),
    ('Достык', '1bf5e387-a13c-4c83-9de8-a0f7a2da4c0e', '663a9cad-7c46-48bd-91a5-ca52ac16e838'),
    ('Жансугуров', '8b45f9dc-863d-4fd4-8ad7-c12105d4d8c5', '663a9cad-7c46-48bd-91a5-ca52ac16e838'),
    ('Карабулак', '89a2bc0f-7c60-48db-b5da-70b86076093b', '663a9cad-7c46-48bd-91a5-ca52ac16e838'),
    ('Лепсы', 'ad42d24b-caa5-475f-92da-8babc0159898', '663a9cad-7c46-48bd-91a5-ca52ac16e838'),
    ('Матай', '50672c8b-8cbf-407f-89e5-52b201b0929b', '663a9cad-7c46-48bd-91a5-ca52ac16e838'),
    ('Молалы', '3991d399-cebb-43fb-85e4-30841c17edcd', '663a9cad-7c46-48bd-91a5-ca52ac16e838'),
    ('Отеген-Батыр', 'f2244f38-968b-4290-821b-b7d7334f5525', '663a9cad-7c46-48bd-91a5-ca52ac16e838'),
    ('Первомайский', '2eb5521e-38d7-4651-8b4a-1914462bbfe3', '663a9cad-7c46-48bd-91a5-ca52ac16e838'),
    ('Покровка', '4fb392c7-995e-4061-bd1b-9e727a8b0a49', '663a9cad-7c46-48bd-91a5-ca52ac16e838'),
    ('Рудничный', '1b918227-705c-4ffe-8fb7-d3cf01c4b449', '663a9cad-7c46-48bd-91a5-ca52ac16e838'),
    ('Сарыозек', '1a0692b2-1a68-43e9-b936-fe56727b6611', '663a9cad-7c46-48bd-91a5-ca52ac16e838'),
    ('Туюк', '377582b9-f163-4a4a-ac84-c8e49bf1c5c7', '663a9cad-7c46-48bd-91a5-ca52ac16e838'),
    ('Улькен', '3a82d3ec-347b-413f-924e-a6473b57521c', '663a9cad-7c46-48bd-91a5-ca52ac16e838'),
    ('Баканас', 'caf852c5-3dc5-4fc3-a07c-71e0189ce6ba', '663a9cad-7c46-48bd-91a5-ca52ac16e838'),
    ('Кеген', 'b33bc787-d155-4edf-b30b-3e0ff9232a82', '663a9cad-7c46-48bd-91a5-ca52ac16e838'),
    ('Узынагаш', '709a6e6b-56d2-4cc6-b0f7-468513f7b98c', '663a9cad-7c46-48bd-91a5-ca52ac16e838'),
    ('Чунджа', 'a5127b6b-4aad-4702-8895-5e79548fc6ab', '663a9cad-7c46-48bd-91a5-ca52ac16e838'),
    ('Шелек', '33a8926b-bd25-4195-87bc-6dc4d58f5339', '663a9cad-7c46-48bd-91a5-ca52ac16e838');

INSERT INTO region (id, "name", country_id)
VALUES ('342633f2-8277-4791-a896-5cedd0a74ccd', 'Атырауская область', '33a5e84b-67a8-41b9-b2f0-5aa4c2268858');

INSERT INTO populated_locality ("name", id, region_id)
VALUES ('Атырау', 'c6d802bc-26ef-48bc-9b0d-2b2ac09bca53', '342633f2-8277-4791-a896-5cedd0a74ccd'),
    ('Аккиизтогай', 'a9294bed-04d2-43eb-91cb-99575c2353f2', '342633f2-8277-4791-a896-5cedd0a74ccd'),
    ('Аккудык', '635bc328-3aca-474e-976f-d81ffb34616d', '342633f2-8277-4791-a896-5cedd0a74ccd'),
    ('Жана Каратон', 'f1e4a899-61fe-4bcd-8dc3-4895f6587083', '342633f2-8277-4791-a896-5cedd0a74ccd'),
    ('Карагай', '196809ba-e931-4f3b-975d-8520067f4c46', '342633f2-8277-4791-a896-5cedd0a74ccd'),
    ('Караша', '5560f0f7-6e10-4ba5-8635-b4ca6111c325', '342633f2-8277-4791-a896-5cedd0a74ccd'),
    ('Койсары', 'a0d92313-6ec1-4c3a-a2f4-5dba2379e7e6', '342633f2-8277-4791-a896-5cedd0a74ccd'),
    ('Косчагил', '441cb0b3-de1b-47f5-81f7-02a27da8f429', '342633f2-8277-4791-a896-5cedd0a74ccd'),
    ('Кульсары', '2080798d-32a0-4acd-ab3c-728182f7613a', '342633f2-8277-4791-a896-5cedd0a74ccd'),
    ('Майкомген', '103b0814-b3bc-4b07-acdd-8e65f6ff5883', '342633f2-8277-4791-a896-5cedd0a74ccd'),
    ('Сарыкамыс', 'b703cb87-a9ac-46ba-b8f0-b720ee3dd1e5', '342633f2-8277-4791-a896-5cedd0a74ccd'),
    ('Тургызба', '2e44b656-7f16-4f14-9938-1e1d5ab3c53d', '342633f2-8277-4791-a896-5cedd0a74ccd'),
    ('Шокпартогай', '70c88a5a-83b0-4d86-bd0e-00abfac2ce23', '342633f2-8277-4791-a896-5cedd0a74ccd'),
    ('Аккала', '004a901e-a1d6-4e7d-855e-85c70977c62f', '342633f2-8277-4791-a896-5cedd0a74ccd'),
    ('Актан', 'dfa743ce-7185-4c63-b1e7-54d0d1b11d2c', '342633f2-8277-4791-a896-5cedd0a74ccd'),
    ('Бодене', 'f83bfb65-d8cf-4624-97ec-539c2e59abbb', '342633f2-8277-4791-a896-5cedd0a74ccd'),
    ('Бухар', '283842ea-b979-4abd-8ccc-fbb3996864b5', '342633f2-8277-4791-a896-5cedd0a74ccd'),
    ('Елтай', 'f84f26e0-bad4-4d87-bb15-38f7ea39806d', '342633f2-8277-4791-a896-5cedd0a74ccd'),
    ('Есбол', '09904908-b23c-4d54-b7bd-66aa03663084', '342633f2-8277-4791-a896-5cedd0a74ccd'),
    ('Жарсуат', '757c2c08-1dd5-45e5-8519-33168d3317fd', '342633f2-8277-4791-a896-5cedd0a74ccd'),
    ('Индерборский', '9e2ce564-1533-4616-aeda-f672fb682dad', '342633f2-8277-4791-a896-5cedd0a74ccd'),
    ('Кетебай', '303cef40-c0f7-44b5-9b9e-73af2e68d23f', '342633f2-8277-4791-a896-5cedd0a74ccd'),
    ('Коктогай', '426ca073-7265-450c-9139-3e5c2830d372', '342633f2-8277-4791-a896-5cedd0a74ccd'),
    ('Курылыс', '3f188ea6-04b1-4aaa-a74f-7db1ef7d70a5', '342633f2-8277-4791-a896-5cedd0a74ccd'),
    ('Кызылжар', '018d2f23-c5d0-4061-ba85-d0a08fcd4326', '342633f2-8277-4791-a896-5cedd0a74ccd'),
    ('Орлик', 'f98cd7e2-2c1b-40b7-a4fb-67068fd345fa', '342633f2-8277-4791-a896-5cedd0a74ccd'),
    ('Ынтымак', 'f75bb5a8-cbcb-42be-b5a1-ab7ef819f83d', '342633f2-8277-4791-a896-5cedd0a74ccd'),
    ('Айбас', '71e31be8-7818-4590-aa7f-e876651b589f', '342633f2-8277-4791-a896-5cedd0a74ccd'),
    ('Аккистау', '6addd99c-e2b7-4361-aa4b-fb6af2c1c633', '342633f2-8277-4791-a896-5cedd0a74ccd'),
    ('Амангельды', 'd01f394b-359b-450d-882d-e7ea6e4b567a', '342633f2-8277-4791-a896-5cedd0a74ccd'),
    ('Аукайран', '582d6222-8318-4f72-8020-7bd75ff1ed2a', '342633f2-8277-4791-a896-5cedd0a74ccd'),
    ('Аул Хамита Ергалиева', '2c87c9c2-f3fb-4caa-a193-d53df3b15db1', '342633f2-8277-4791-a896-5cedd0a74ccd'),
    ('Жана Жанбай', 'f1cec76e-333a-43f3-b349-578e4d5c0b22', '342633f2-8277-4791-a896-5cedd0a74ccd'),
    ('Жанбай', '0069a32f-e9be-4e89-af40-1f25be6cbe55', '342633f2-8277-4791-a896-5cedd0a74ccd'),
    ('Жаскайрат', '4c8895bb-dd8e-46bf-a75b-3251cc213ecf', '342633f2-8277-4791-a896-5cedd0a74ccd'),
    ('Зинеден', 'bd9ead2e-320f-4330-83de-2ba050a147bd', '342633f2-8277-4791-a896-5cedd0a74ccd'),
    ('Исатай', 'bfadcbe1-7a3e-40dc-890d-6fa07f7583cb', '342633f2-8277-4791-a896-5cedd0a74ccd'),
    ('Кызылуй', 'bc8e312b-3d72-43c4-aba2-fff53f11c106', '342633f2-8277-4791-a896-5cedd0a74ccd'),
    ('Мынтобе', '922d81ed-e646-4646-9deb-4f2a81130ec5', '342633f2-8277-4791-a896-5cedd0a74ccd'),
    ('Нарын', '6f129ed7-7db5-4058-b055-c122119bb2b2', '342633f2-8277-4791-a896-5cedd0a74ccd'),
    ('Оркен', '9d4afd44-6f3f-46d1-bdb1-4b9b8f1725cd', '342633f2-8277-4791-a896-5cedd0a74ccd'),
    ('Разъезд 17', '7be0eb8b-2d1f-4fc7-91e0-140c165e1eed', '342633f2-8277-4791-a896-5cedd0a74ccd'),
    ('Тущыкудык', '5e33f2de-b684-4777-9593-34b6dd2f7795', '342633f2-8277-4791-a896-5cedd0a74ccd'),
    ('Айдын', '08293122-1e08-4b20-acd7-538112a73065', '342633f2-8277-4791-a896-5cedd0a74ccd'),
    ('Аккора', '0c8987c9-b1ed-42cb-ac31-3530bcad9001', '342633f2-8277-4791-a896-5cedd0a74ccd'),
    ('Балабеит', '010656a7-be47-461a-a6f7-07e654fac9a4', '342633f2-8277-4791-a896-5cedd0a74ccd'),
    ('Буйрек', '6d39f451-6cc4-4f7d-b114-6340bfafd429', '342633f2-8277-4791-a896-5cedd0a74ccd'),
    ('Былкылдакты', 'a195dfcd-78cf-4f55-8fdd-2ea2291d9e64', '342633f2-8277-4791-a896-5cedd0a74ccd'),
    ('Жамансор', '16a8fdc9-c703-4812-b874-45cb3719fe32', '342633f2-8277-4791-a896-5cedd0a74ccd'),
    ('Жангельдино', '755531f0-9f19-422d-a0ea-d2c06da2b5ab', '342633f2-8277-4791-a896-5cedd0a74ccd'),
    ('Жантерек', '41a54e3a-a47a-449e-9f48-765134ca24f5', '342633f2-8277-4791-a896-5cedd0a74ccd'),
    ('Жаскайрат', '4dee2cc0-9260-4430-bedf-72776c71b96a', '342633f2-8277-4791-a896-5cedd0a74ccd'),
    ('Карабау', 'eb5aacd6-052d-4184-867c-775d7cbac660', '342633f2-8277-4791-a896-5cedd0a74ccd'),
    ('Караколь', '7f62d87c-2d63-4c94-9234-d5975ef94654', '342633f2-8277-4791-a896-5cedd0a74ccd'),
    ('Кенбай', '6985acbd-7229-4731-b7bf-1f47841c11e1', '342633f2-8277-4791-a896-5cedd0a74ccd'),
    ('Кенбай', '245fe877-d41b-4428-9122-f62affc0cc53', '342633f2-8277-4791-a896-5cedd0a74ccd'),
    ('Когам', 'e0658935-980b-412b-8256-e182a7585550', '342633f2-8277-4791-a896-5cedd0a74ccd'),
    ('Коныраулы', '23d2b354-18a6-4ef2-9133-f18f79b8d235', '342633f2-8277-4791-a896-5cedd0a74ccd'),
    ('Коныстану', '17721990-9003-4e39-87dd-c0ea1190f5da', '342633f2-8277-4791-a896-5cedd0a74ccd'),
    ('Коныстау', '0561aaf6-97c5-4640-be37-1732dd1e9476', '342633f2-8277-4791-a896-5cedd0a74ccd'),
    ('Коскулак', '5bdcc45f-cff1-41af-9a9a-bf580a4fc8cb', '342633f2-8277-4791-a896-5cedd0a74ccd'),
    ('Мадениет', '5302d709-6fd8-478e-beeb-2002cc7b3d2c', '342633f2-8277-4791-a896-5cedd0a74ccd'),
    ('Миялы', '3d42bacc-b1e4-40fb-b18e-5025d0605262', '342633f2-8277-4791-a896-5cedd0a74ccd'),
    ('Мукур', 'df6c83a3-a409-40f3-99be-182e866dd4f7', '342633f2-8277-4791-a896-5cedd0a74ccd'),
    ('Сагиз', '978500c1-2bdc-4eac-8efa-9b443b0014cf', '342633f2-8277-4791-a896-5cedd0a74ccd'),
    ('Сарыкумак', '6ae3ed01-32f4-4227-95e1-b2a5730e0152', '342633f2-8277-4791-a896-5cedd0a74ccd'),
    ('Соркол', '570334b4-8993-491f-8e27-3f963d662042', '342633f2-8277-4791-a896-5cedd0a74ccd'),
    ('Тайсойган', 'a8a74c7b-9a19-441a-b31a-9f244519f7a4', '342633f2-8277-4791-a896-5cedd0a74ccd'),
    ('Таскудук', 'c48cfada-aa38-42d3-a62a-b77aa7033b3b', '342633f2-8277-4791-a896-5cedd0a74ccd'),
    ('Тасшагил', 'c3f24b94-dae4-4050-8444-b4b28225cb01', '342633f2-8277-4791-a896-5cedd0a74ccd'),
    ('Шолаксай', 'b1083862-0957-41e8-805d-ce963420022e', '342633f2-8277-4791-a896-5cedd0a74ccd'),
    ('Азгир', '0498984e-8ebb-4bde-ae88-079927198ac7', '342633f2-8277-4791-a896-5cedd0a74ccd'),
    ('Акколь', '928dd10b-4c7f-4fdf-8bf0-8140f853da16', '342633f2-8277-4791-a896-5cedd0a74ccd'),
    ('Алга', '417bb5f1-53f0-4ffa-9ac4-b58b57926a3e', '342633f2-8277-4791-a896-5cedd0a74ccd'),
    ('Алипова', '2ca12d2d-017b-4ffe-8cb7-8d66e2058ccd', '342633f2-8277-4791-a896-5cedd0a74ccd'),
    ('Амангельды', '085e9599-446d-43ee-b5df-b4208a0464f1', '342633f2-8277-4791-a896-5cedd0a74ccd'),
    ('Арна', '1ae6b47e-8473-4125-a2de-0e91e3593b32', '342633f2-8277-4791-a896-5cedd0a74ccd'),
    ('Асан', '88a70f63-5b71-46a7-b788-6042c3e4d5e9', '342633f2-8277-4791-a896-5cedd0a74ccd'),
    ('Аул Гизата Алипова', 'd92c8001-b4b9-499c-8b6c-d357f3d35cdd', '342633f2-8277-4791-a896-5cedd0a74ccd'),
    ('Балкудук', '48d2aae8-cfd9-4b81-9943-5d955c437b57', '342633f2-8277-4791-a896-5cedd0a74ccd'),
    ('Балыкши', '2217e2a8-8221-4736-a268-1ef8d90304d8', '342633f2-8277-4791-a896-5cedd0a74ccd'),
    ('Батырбек', '60d21b17-cd04-452b-a31f-a0d6b1ece317', '342633f2-8277-4791-a896-5cedd0a74ccd'),
    ('Бирлик', '94d7fc62-3e30-417d-9dbd-d58fbec68fc9', '342633f2-8277-4791-a896-5cedd0a74ccd'),
    ('Большой Куйген', '93ce89b9-a108-4cfa-a76f-99897eed3785', '342633f2-8277-4791-a896-5cedd0a74ccd'),
    ('Даулет', 'd8c994ec-fe8b-4548-855b-1087533e6d96', '342633f2-8277-4791-a896-5cedd0a74ccd'),
    ('Даулеткерей', '9cc0ac95-9484-487f-91aa-2249807b1356', '342633f2-8277-4791-a896-5cedd0a74ccd'),
    ('Егинкудук', '78e3d977-881a-4a99-84de-04b869da2500', '342633f2-8277-4791-a896-5cedd0a74ccd'),
    ('Жалгызапан', '7763678d-a35e-4bee-b9c3-99053fb96dee', '342633f2-8277-4791-a896-5cedd0a74ccd'),
    ('Жамбыл', 'a0b7108d-d497-4dcd-8367-db6395eb0ffe', '342633f2-8277-4791-a896-5cedd0a74ccd'),
    ('Жанаауыл', '4d7fe272-2a90-4fc8-a353-c0dd7ecc35a6', '342633f2-8277-4791-a896-5cedd0a74ccd'),
    ('Жасарал', '1df13d2d-4c1b-4b60-9c16-ac8ab7156ffb', '342633f2-8277-4791-a896-5cedd0a74ccd'),
    ('Жасталап', 'a44e1ad5-5a41-4b9c-9ad1-ffc246a9e02b', '342633f2-8277-4791-a896-5cedd0a74ccd'),
    ('Жумекен', 'd7b47983-d06d-4dcf-94ea-d9633175fcc3', '342633f2-8277-4791-a896-5cedd0a74ccd'),
    ('Жыланды', 'f3f8c682-7def-4047-a0dc-d710a0088d88', '342633f2-8277-4791-a896-5cedd0a74ccd'),
    ('Иманово', '35f7f0eb-cd30-4970-96fc-a28a28fdc327', '342633f2-8277-4791-a896-5cedd0a74ccd'),
    ('Кадырка', '69909dfd-ea17-47e6-856d-ebd6234fffb4', '342633f2-8277-4791-a896-5cedd0a74ccd'),
    ('Караколь', '2b0eb086-18c5-4e7a-9c5f-a1d1038f14a2', '342633f2-8277-4791-a896-5cedd0a74ccd'),
    ('Каспий', '248bb369-4ac8-45b0-919e-e801d706d3d5', '342633f2-8277-4791-a896-5cedd0a74ccd'),
    ('Кигач', '5cb5b956-ccf2-44df-b363-fd643801343d', '342633f2-8277-4791-a896-5cedd0a74ccd'),
    ('Кокарна', 'adbf4769-d5c0-4dcc-af9d-a176008dca0c', '342633f2-8277-4791-a896-5cedd0a74ccd'),
    ('Коныртерек', 'a99dc409-ba50-4026-9d3d-7e5a5bf9f807', '342633f2-8277-4791-a896-5cedd0a74ccd'),
    ('Коптогай', '9c0a8768-a3f9-41be-958c-b824d2066cbb', '342633f2-8277-4791-a896-5cedd0a74ccd'),
    ('Котяевка', '31da715e-8829-4b5d-bb74-c56967d2125d', '342633f2-8277-4791-a896-5cedd0a74ccd'),
    ('Кошалак', 'dc580970-a629-4bbb-bcf7-8579d2f0ae10', '342633f2-8277-4791-a896-5cedd0a74ccd'),
    ('Кудряшово', '19b0695f-df1c-4f7e-82cc-8b7704200447', '342633f2-8277-4791-a896-5cedd0a74ccd'),
    ('Кумаргали', 'ed0b1337-5f36-4caf-ab44-afc5b7762caf', '342633f2-8277-4791-a896-5cedd0a74ccd'),
    ('Курмангазы', '1e39d270-3134-45eb-aa42-9526914e10da', '342633f2-8277-4791-a896-5cedd0a74ccd'),
    ('Нуржау', 'ed521239-5716-4a32-900d-62226cbcf8b4', '342633f2-8277-4791-a896-5cedd0a74ccd'),
    ('Орлы', '0880e4f8-606e-4f07-a718-608931a9025a', '342633f2-8277-4791-a896-5cedd0a74ccd'),
    ('Приморье', '6a87e424-4d73-4d9d-963d-2364970dbb3c', '342633f2-8277-4791-a896-5cedd0a74ccd'),
    ('Разъезд Афанасьева', 'e62803fa-e65c-4486-8d58-630d51703a91', '342633f2-8277-4791-a896-5cedd0a74ccd'),
    ('Разъезд Нурпеисовой', '919451d3-1c9c-4f08-a15c-bb2f7f5d7785', '342633f2-8277-4791-a896-5cedd0a74ccd'),
    ('Сафоновка', '5c76a3de-13ee-4781-b0f0-17d9a1fca683', '342633f2-8277-4791-a896-5cedd0a74ccd'),
    ('Суюндук', '2c5095c7-fb6a-4821-82ca-db5410e48cb8', '342633f2-8277-4791-a896-5cedd0a74ccd'),
    ('Уштаган', '8dbb3e74-960b-4e39-9bcb-cac42d45ba39', '342633f2-8277-4791-a896-5cedd0a74ccd'),
    ('Хиуаз', 'b8876245-3396-4e76-bc5d-7da08e2a6238', '342633f2-8277-4791-a896-5cedd0a74ccd'),
    ('Шагырлы', 'b2b13958-6212-4579-9dcd-23cfed6d5865', '342633f2-8277-4791-a896-5cedd0a74ccd'),
    ('Шайхы', 'c5055d52-db97-475a-97e2-5b0a348b1469', '342633f2-8277-4791-a896-5cedd0a74ccd'),
    ('Шестой', 'b4ca8707-07c4-4a26-b092-70d9162d81b2', '342633f2-8277-4791-a896-5cedd0a74ccd'),
    ('Шортанбай', 'cd555bdf-7971-4009-8f68-330287cb6ee6', '342633f2-8277-4791-a896-5cedd0a74ccd'),
    ('Байгетобе', '12a3394b-fbaf-4281-9172-b7f43dc6064f', '342633f2-8277-4791-a896-5cedd0a74ccd'),
    ('Байчунас', '20b95921-d604-4c01-9281-cec1ca297cc8', '342633f2-8277-4791-a896-5cedd0a74ccd'),
    ('Доссор', 'b226f9f2-760a-41a5-8dad-9c4fd723044b', '342633f2-8277-4791-a896-5cedd0a74ccd'),
    ('Искене', '2fe710c6-9d30-4c8d-a522-ccd7a64ce0c9', '342633f2-8277-4791-a896-5cedd0a74ccd'),
    ('Комсомол', '59e7c77f-7f1c-49cf-9081-eac1f367aa78', '342633f2-8277-4791-a896-5cedd0a74ccd'),
    ('Кошкар', 'c2c1e4c0-a873-4e9a-92af-1cfdc7905cc0', '342633f2-8277-4791-a896-5cedd0a74ccd'),
    ('Макат', '2fcb8861-63cf-4b3b-9e9b-998d2efa8140', '342633f2-8277-4791-a896-5cedd0a74ccd'),
    ('Сагиз', 'a700c389-e42e-48ed-a099-09fd9671fb2d', '342633f2-8277-4791-a896-5cedd0a74ccd'),
    ('Акжайык', 'd34534b6-18ac-4877-8179-d1ccc0d3a40e', '342633f2-8277-4791-a896-5cedd0a74ccd'),
    ('Аккайын', '99cd8f09-aa5f-4acb-b251-47907401513a', '342633f2-8277-4791-a896-5cedd0a74ccd'),
    ('Актогай', 'e7acd047-9ca3-4311-b41c-8afcbfd5165a', '342633f2-8277-4791-a896-5cedd0a74ccd'),
    ('Алга', 'df7b5c8d-a64d-433a-a239-76a56ff1c8e2', '342633f2-8277-4791-a896-5cedd0a74ccd'),
    ('Алмалы', '43d27743-8ebe-4650-8b55-1982a88f44fd', '342633f2-8277-4791-a896-5cedd0a74ccd'),
    ('Бала Ораза', '5e6a943d-1e6a-4b71-ba55-b1915ebb69a2', '342633f2-8277-4791-a896-5cedd0a74ccd'),
    ('Бейбарыс', '12431a4e-2ba1-4b84-9140-2e62ac91b666', '342633f2-8277-4791-a896-5cedd0a74ccd'),
    ('Береке', 'a2678377-ec19-4ec0-9412-6a6413bf2668', '342633f2-8277-4791-a896-5cedd0a74ccd'),
    ('Енбекшил', '6b499021-a38e-4f74-abd2-8dfbe0bf8db1', '342633f2-8277-4791-a896-5cedd0a74ccd'),
    ('Есбол', '5c708aeb-b9ca-43d3-ae1c-c4c66148c357', '342633f2-8277-4791-a896-5cedd0a74ccd'),
    ('Есмахан', '149a00f6-74ee-43d1-92b7-763b86e9fe0b', '342633f2-8277-4791-a896-5cedd0a74ccd'),
    ('Жалгансай', '56985d0c-b933-4ad6-b253-e9729e740d5d', '342633f2-8277-4791-a896-5cedd0a74ccd'),
    ('Кенорис', '216eb863-da01-47e5-bc05-d7e176b285eb', '342633f2-8277-4791-a896-5cedd0a74ccd'),
    ('Коздикора', '53777476-2ec8-466c-9e99-1d857d84f2f2', '342633f2-8277-4791-a896-5cedd0a74ccd'),
    ('Кызылжар', 'f8d1162a-1e45-438f-b6df-81075607e674', '342633f2-8277-4791-a896-5cedd0a74ccd'),
    ('Махамбет', '481c22c4-c425-4d1f-a385-c61e75615d71', '342633f2-8277-4791-a896-5cedd0a74ccd'),
    ('Ортакшыл', '283c5763-6d3c-497e-bf90-8b0a7a84d077', '342633f2-8277-4791-a896-5cedd0a74ccd'),
    ('Отешкали Атамбаева', '186ed9f9-2f21-4af3-bb92-d9d25119dbbc', '342633f2-8277-4791-a896-5cedd0a74ccd'),
    ('Сарайчик', '45113777-1552-4779-9d86-a573898457df', '342633f2-8277-4791-a896-5cedd0a74ccd'),
    ('Сарытогай', 'e8168894-37ab-4907-bd18-2eb510c45fca', '342633f2-8277-4791-a896-5cedd0a74ccd'),
    ('Старый Сарайчик', '8e407c78-7d1f-4a19-b9ac-9f6b5e16b289', '342633f2-8277-4791-a896-5cedd0a74ccd'),
    ('Талдыколь', 'fc285579-f337-4af9-82be-8b72648c6571', '342633f2-8277-4791-a896-5cedd0a74ccd'),
    ('Тандай', '14b9616e-35b3-414e-b2d6-577a3c68bfea', '342633f2-8277-4791-a896-5cedd0a74ccd'),
    ('Томан', '19c8cf53-8fb7-4bb1-b915-8958cc357465', '342633f2-8277-4791-a896-5cedd0a74ccd');

INSERT INTO region (id, "name", country_id)
VALUES ('ded7ab1f-baed-4364-a535-471302765492', 'Восточно-Казахстанская область', '33a5e84b-67a8-41b9-b2f0-5aa4c2268858');

INSERT INTO populated_locality ("name", id, region_id)
VALUES ('Алтай', 'd1ca6b15-e74b-4a8d-985a-5807a8210f4c', 'ded7ab1f-baed-4364-a535-471302765492'),
    ('Аягоз', 'e6704d3b-4581-4df3-b45c-56ca1a14dc12', 'ded7ab1f-baed-4364-a535-471302765492'),
    ('Зайсан', '5855e5bf-bcff-4990-bebd-de516e714015', 'ded7ab1f-baed-4364-a535-471302765492'),
    ('Курчатов', 'b0d40821-366f-4a93-b3d5-e374ee5230c2', 'ded7ab1f-baed-4364-a535-471302765492'),
    ('Риддер', '1d597a17-aec1-4920-a11a-a305a24688ca', 'ded7ab1f-baed-4364-a535-471302765492'),
    ('Семей', '5811bd7d-55a8-4b35-8397-61ee06e555ec', 'ded7ab1f-baed-4364-a535-471302765492'),
    ('Серебрянск', '78c45b5f-3808-4f20-a432-12663103b311', 'ded7ab1f-baed-4364-a535-471302765492'),
    ('Усть-Каменогорск', '7df3dd04-fd47-4afd-8aac-3e52e4e7779a', 'ded7ab1f-baed-4364-a535-471302765492'),
    ('Чарск', 'd09f060a-1760-4c90-87c8-3b856e3cce5b', 'ded7ab1f-baed-4364-a535-471302765492'),
    ('Шемонаиха', '5f69693f-69a3-4f3c-8b83-4532a6a7ef66', 'ded7ab1f-baed-4364-a535-471302765492');
INSERT INTO populated_locality ("name", id, region_id)
VALUES ('Актогай', 'c7c44344-7940-4f53-bce8-0efd62db9cf4', 'ded7ab1f-baed-4364-a535-471302765492'),
    ('Алтайский', '31c75d01-ec04-4ac1-af8b-389a3ccbcc58', 'ded7ab1f-baed-4364-a535-471302765492'),
    ('Асубулак', '792bdd1a-78da-426f-a6cc-f94fdab612a0', 'ded7ab1f-baed-4364-a535-471302765492'),
    ('Ауэзов', '49f8722c-d7a3-408d-a660-33139f0c7206', 'ded7ab1f-baed-4364-a535-471302765492'),
    ('Белогорский', 'b364d289-fcbe-4100-a2e8-73f474a75b58', 'ded7ab1f-baed-4364-a535-471302765492'),
    ('Белоусовка', '0814f851-5a03-4735-ae7b-18f0f5f40fa4', 'ded7ab1f-baed-4364-a535-471302765492'),
    ('Верхнеберёзовка', 'cd5c8e35-56cf-4096-978e-ac00b8381d4f', 'ded7ab1f-baed-4364-a535-471302765492'),
    ('Глубокое', '40718748-2278-4ffc-8c38-1ed4ecae108f', 'ded7ab1f-baed-4364-a535-471302765492'),
    ('Жангизтобе', '25237539-9558-4f1e-bc00-114f1cf5e414', 'ded7ab1f-baed-4364-a535-471302765492'),
    ('Жарма', '23a56f80-667c-43cb-a6f0-fb91f232328d', 'ded7ab1f-baed-4364-a535-471302765492'),
    ('Жезкент', '7b6d3654-650b-466f-9114-dc8bb61d4de9', 'ded7ab1f-baed-4364-a535-471302765492'),
    ('Зубовка', '8783027f-6a01-44d4-8cf8-0ed7afff892c', 'ded7ab1f-baed-4364-a535-471302765492'),
    ('Карагужиха', '70c3c914-077c-402a-8530-b5ecaa19853e', 'ded7ab1f-baed-4364-a535-471302765492'),
    ('посёлок Касыма Кайсенова', 'fae98791-c3c9-4284-ac6f-d86642d6d2fc', 'ded7ab1f-baed-4364-a535-471302765492'),
    ('Новая Бухтарма', '44f79985-e320-4b59-ba98-de4c4c2a2d22', 'ded7ab1f-baed-4364-a535-471302765492'),
    ('Огневка', 'd0f09c25-e242-44fa-bcfc-4ab906c23d7d', 'ded7ab1f-baed-4364-a535-471302765492'),
    ('Октябрьский', '7de356a4-cd50-4882-bdb0-e6b97cf2976c', 'ded7ab1f-baed-4364-a535-471302765492'),
    ('Первомайский', '1d5250c3-e652-49a3-bb3f-4927e6b5ac1c', 'ded7ab1f-baed-4364-a535-471302765492'),
    ('Суыкбулак', 'a5202f6d-0c4e-4b2b-9c01-fcebfbf67dbc', 'ded7ab1f-baed-4364-a535-471302765492'),
    ('Тугыл', 'd5668804-9f3a-46c7-9b4e-31d5c746bb1e', 'ded7ab1f-baed-4364-a535-471302765492'),
    ('Ульба', '9f0bea50-df76-436e-b171-08f631c22bc5', 'ded7ab1f-baed-4364-a535-471302765492'),
    ('Усть-Таловка', '5db423c9-bbe3-497c-bc8e-d2674502cc63', 'ded7ab1f-baed-4364-a535-471302765492'),
    ('Чаган', '7a0590cc-3d00-4cb3-b7aa-7ddcf23cf524', 'ded7ab1f-baed-4364-a535-471302765492'),
    ('Шульбинск', '6264d47a-cd3f-4002-b007-50b3ef3ec361', 'ded7ab1f-baed-4364-a535-471302765492'),
    ('Аксуат', '5a4dada6-9e2a-4e10-b82e-5b5f37eb162f', 'ded7ab1f-baed-4364-a535-471302765492'),
    ('Бескарагай', '24e13be8-6688-4df3-b510-ca069b87db1a', 'ded7ab1f-baed-4364-a535-471302765492'),
    ('Бородулиха', 'b59cbea4-c3ba-42ff-9834-b6e76caf84d5', 'ded7ab1f-baed-4364-a535-471302765492'),
    ('Букенчи', '1ce36b36-9f2a-4999-99ce-e24891bae478', 'ded7ab1f-baed-4364-a535-471302765492'),
    ('Еспе', 'c93e2c15-ff91-4783-9463-818c80af3443', 'ded7ab1f-baed-4364-a535-471302765492'),
    ('Жамбыл', '7183758f-dfb3-4883-9e88-8bba55c5ff33', 'ded7ab1f-baed-4364-a535-471302765492'),
    ('Калбатау', '825fbfbf-2c0b-4509-bc28-21ffe57415b1', 'ded7ab1f-baed-4364-a535-471302765492'),
    ('Карааул', '6df380a5-8251-4bda-b290-dd874e0fc441', 'ded7ab1f-baed-4364-a535-471302765492'),
    ('Катон-Карагай', '0ff30124-6e60-4914-9b6b-443f2224ba95', 'ded7ab1f-baed-4364-a535-471302765492'),
    ('Кокпекты', '8efa29c3-30ac-4175-88a8-30a0bc42de09', 'ded7ab1f-baed-4364-a535-471302765492'),
    ('Куршим', '9ac9260a-9c2a-472a-8c56-76bb7df1e888', 'ded7ab1f-baed-4364-a535-471302765492'),
    ('Парыгино', 'a87d7e53-360b-46a2-ab8c-ad08dc3fdbfb', 'ded7ab1f-baed-4364-a535-471302765492'),
    ('Тургусун', '4cebb327-6a84-40bc-8a9a-018bb0b9a75d', 'ded7ab1f-baed-4364-a535-471302765492'),
    ('Улькен Нарын', '518bd041-e2ab-40c9-a5f2-e3e6be9d2e2a', 'ded7ab1f-baed-4364-a535-471302765492'),
    ('Урджар', 'b5b17430-c99e-4828-8604-24d95e59860f', 'ded7ab1f-baed-4364-a535-471302765492'),
    ('Урыль', '5219a88c-83a0-46a7-b63f-5f3e5fe9c482', 'ded7ab1f-baed-4364-a535-471302765492');

INSERT INTO region (id, "name", country_id)
VALUES ('16bcb33d-3bf0-4a4c-b939-9afe47c7ffc8', '', '33a5e84b-67a8-41b9-b2f0-5aa4c2268858');

INSERT INTO populated_locality ("name", id, region_id)
VALUES
INSERT INTO populated_locality ("name", id, region_id)
VALUES

INSERT INTO region (id, "name", country_id)
VALUES ('3b66d832-33ad-42ef-bf60-02910c88b9bf', '', '33a5e84b-67a8-41b9-b2f0-5aa4c2268858');

INSERT INTO populated_locality ("name", id, region_id)
VALUES
INSERT INTO populated_locality ("name", id, region_id)
VALUES

INSERT INTO region (id, "name", country_id)
VALUES ('0aa14c5a-94f7-4016-9b88-029e7e4dda13', '', '33a5e84b-67a8-41b9-b2f0-5aa4c2268858');

INSERT INTO populated_locality ("name", id, region_id)
VALUES
INSERT INTO populated_locality ("name", id, region_id)
VALUES

INSERT INTO region (id, "name", country_id)
VALUES ('76e9651a-70c7-4542-9163-4fadf7c5a5fc', '', '33a5e84b-67a8-41b9-b2f0-5aa4c2268858');

INSERT INTO populated_locality ("name", id, region_id)
VALUES
INSERT INTO populated_locality ("name", id, region_id)
VALUES

INSERT INTO region (id, "name", country_id)
VALUES ('d7ffe730-724e-4da7-9c4e-d7f3d74ad5b0', '', '33a5e84b-67a8-41b9-b2f0-5aa4c2268858');

INSERT INTO populated_locality ("name", id, region_id)
VALUES
INSERT INTO populated_locality ("name", id, region_id)
VALUES

INSERT INTO region (id, "name", country_id)
VALUES ('9bb8d6f1-a916-4c04-bae0-75b3be6f14ad', '', '33a5e84b-67a8-41b9-b2f0-5aa4c2268858');

INSERT INTO populated_locality ("name", id, region_id)
VALUES
INSERT INTO populated_locality ("name", id, region_id)
VALUES

INSERT INTO region (id, "name", country_id)
VALUES ('b844a0be-88d3-4120-8aac-91cd750ee116', '', '33a5e84b-67a8-41b9-b2f0-5aa4c2268858');

INSERT INTO populated_locality ("name", id, region_id)
VALUES
INSERT INTO populated_locality ("name", id, region_id)
VALUES

INSERT INTO region (id, "name", country_id)
VALUES ('860bfb38-8c7a-44fd-adcf-2405aa83d46a', '', '33a5e84b-67a8-41b9-b2f0-5aa4c2268858');

INSERT INTO populated_locality ("name", id, region_id)
VALUES
INSERT INTO populated_locality ("name", id, region_id)
VALUES

INSERT INTO region (id, "name", country_id)
VALUES ('4af943ba-8996-4b01-9747-4d2a42641c7b', '', '33a5e84b-67a8-41b9-b2f0-5aa4c2268858');

INSERT INTO populated_locality ("name", id, region_id)
VALUES
INSERT INTO populated_locality ("name", id, region_id)
VALUES

-- https://www.latlong.net/
INSERT INTO place (id, latitude, longitude, "name")
VALUES ('9d1c3f1a-a6b4-466d-89f1-26a7bbb82a3f', 49.589497, 34.551087, 'Центр Полтавы. Монумент Славы');
